txn_id,timestamp,from_acc,to_acc,txn_type,amount,merchant,country,channel,narrative,label,hour,day_of_week,is_transfer,merchant_enc,country_enc,channel_enc,txn_type_enc,acc_avg_amount,acc_std_amount,acc_txn_count,prof_avg_amount,prof_std_amount,prof_txn_count,prof_unique_to,z_score,behavior_risk
T0000000,2024-01-01 01:52:37,A100163,,payment,63.29,electronics,IN,atm,normal transaction,0,1,0,0,0,3,0,1,42.3625,38.96269957707414,4,42.3625,38.96269957707414,4,2,0.5371162596545953,0.05371162596545953
T0000001,2024-01-01 02:33:19,A100062,,withdrawal,151.87,health,GB,online,normal transaction,0,2,0,0,2,2,3,3,56.871428571428574,59.561764421081264,7,56.871428571428574,59.561764421081264,7,1,1.5949589599462692,0.15949589599462694
T0000002,2024-01-01 02:47:40,A100173,,payment,160.65,electronics,RU,online,normal transaction,0,2,0,0,0,5,3,1,3959.346363636364,2466.1208181566158,11,3959.3463636363635,2466.1208181566153,11,1,-1.5403529032837384,0.15403529032837385
T0000003,2024-01-01 02:52:39,A100007,,payment,71.34,electronics,NG,branch,normal transaction,0,2,0,0,0,4,1,1,32.872,23.04029340090964,5,32.872,23.040293400909636,5,2,1.6695967217537497,0.16695967217537497
T0000004,2024-01-01 10:01:23,A100129,,withdrawal,20.83,grocery,NG,mobile,normal transaction,0,10,0,0,1,4,2,3,50.277142857142856,63.86076174362619,7,50.277142857142856,63.86076174362619,7,2,-0.4611148002625746,0.046111480026257465
T0000005,2024-01-01 11:28:26,A100056,A100114,transfer,20.79,utilities,IN,branch,normal transaction,0,11,0,1,8,3,1,2,48.78666666666666,51.05012863189801,3,48.78666666666666,51.05012863189801,3,2,-0.5484151924498407,0.05484151924498407
T0000006,2024-01-01 13:44:09,A100178,,withdrawal,12.03,salary,AE,atm,normal transaction,0,13,0,0,5,0,0,3,67.71,70.54372332107229,3,67.71,70.54372332107229,3,0,-0.78929770912829,0.078929770912829
T0000007,2024-01-01 15:07:04,A100039,A100055,transfer,45.34,remittance,US,online,normal transaction,0,15,0,1,4,7,3,2,37.26666666666667,9.676783212066567,3,37.26666666666667,9.676783212066567,3,2,0.8342992006855132,0.08342992006855132
T0000008,2024-01-01 17:33:12,A100097,,payment,35.43,electronics,AE,atm,normal transaction,0,17,0,0,0,0,0,1,67.045,62.7100533407523,6,67.045,62.7100533407523,6,4,-0.5041456323448744,0.05041456323448744
T0000009,2024-01-01 21:08:36,A100154,,deposit,7.97,utilities,IN,mobile,normal transaction,0,21,0,0,8,3,2,0,40.89833333333333,30.045973052418635,6,40.89833333333333,30.045973052418635,6,0,-1.095931630503511,0.10959316305035109
T0000010,2024-01-02 00:53:04,A100137,,withdrawal,18.16,electronics,RU,online,normal transaction,0,0,1,0,0,5,3,3,135.2375,133.4397043299582,4,135.2375,133.4397043299582,4,3,-0.8773812840076413,0.08773812840076413
T0000011,2024-01-02 05:29:43,A100141,A100075,transfer,24.74,remittance,NG,online,normal transaction,0,5,1,1,4,4,3,2,25.9625,15.094826691855156,8,25.9625,15.094826691855156,8,6,-0.08098800628639403,0.008098800628639404
T0000012,2024-01-02 06:00:57,A100011,A100169,transfer,75.38,health,CN,online,normal transaction,0,6,1,1,2,1,3,2,47.64142857142857,40.75138256491896,7,47.64142857142857,40.75138256491896,7,5,0.6806780286215931,0.06806780286215931
T0000013,2024-01-02 07:30:36,A100059,A100025,transfer,9.77,salary,CN,mobile,normal transaction,0,7,1,1,5,1,2,2,14.2725,9.372948219921698,4,14.272499999999999,9.372948219921698,4,2,-0.4803717479264882,0.04803717479264882
T0000014,2024-01-02 10:40:29,A100162,,withdrawal,69.3,remittance,GB,atm,normal transaction,0,10,1,0,4,2,0,3,68.56333333333333,48.15342923060274,6,68.56333333333333,48.15342923060274,6,5,0.015298321700838958,0.0015298321700838958
T0000015,2024-01-02 11:02:43,A100090,,withdrawal,39.31,health,CN,online,normal transaction,0,11,1,0,2,1,3,3,32.73666666666667,6.193555790766183,3,32.73666666666667,6.193555790766183,3,0,1.0613180044031156,0.10613180044031156
T0000016,2024-01-02 11:13:49,A100155,A100162,transfer,7.55,travel,NG,branch,normal transaction,0,11,1,1,7,4,1,2,48.43333333333334,71.41908591779465,3,48.43333333333334,71.41908591779465,3,2,-0.5724426774090684,0.05724426774090684
T0000017,2024-01-02 18:17:18,A100118,A100097,transfer,16.12,utilities,NG,atm,normal transaction,0,18,1,1,8,4,0,2,2664.03,3744.710233943342,2,2664.0299999999997,3744.710233943342,2,2,-0.7071067809977194,0.07071067809977194
T0000018,2024-01-02 19:36:27,A100196,A100198,transfer,45.79,grocery,NG,online,normal transaction,0,19,1,1,1,4,3,2,237.1,270.5531966175968,2,237.10000000000002,270.5531966175968,2,1,-0.7071067785729884,0.07071067785729884
T0000019,2024-01-02 19:55:02,A100080,,payment,22.53,salary,CN,online,normal transaction,0,19,1,0,5,1,3,1,12.294,7.541288351468866,5,12.294,7.541288351468866,5,2,1.3573275766174213,0.13573275766174214
T0000020,2024-01-03 01:50:06,A100054,,withdrawal,92.85,remittance,NG,mobile,normal transaction,0,1,2,0,4,4,2,3,65.89555555555555,75.70479246902258,9,65.89555555555555,75.70479246902258,9,2,0.35604673375766965,0.03560467337576696
T0000021,2024-01-03 07:44:09,A100101,,deposit,84.04,other,GB,atm,normal transaction,0,7,2,0,3,2,0,0,67.79363636363637,56.52898588737061,11,67.79363636363637,56.52898588737061,11,7,0.28739881131662937,0.028739881131662936
T0000022,2024-01-03 09:30:41,A100035,,deposit,46.12,health,CN,mobile,normal transaction,0,9,2,0,2,1,2,0,54.12571428571429,44.52025376430479,7,54.12571428571429,44.52025376430479,7,2,-0.17982184352038053,0.017982184352038053
T0000023,2024-01-03 11:07:07,A100149,,deposit,87.84,salary,AE,branch,normal transaction,0,11,2,0,5,0,1,0,46.22,24.69688948025642,5,46.22,24.69688948025642,5,1,1.6852323993286735,0.16852323993286736
T0000024,2024-01-03 12:36:30,A100035,A100130,transfer,74.63,other,US,online,normal transaction,0,12,2,1,3,7,3,2,54.12571428571429,44.52025376430479,7,54.12571428571429,44.52025376430479,7,2,0.4605608351263417,0.04605608351263417
T0000025,2024-01-03 21:20:14,A100028,A100039,transfer,128.54,travel,RU,online,normal transaction,0,21,2,1,7,5,3,2,809.96375,1481.7660718879397,8,809.96375,1481.7660718879395,8,6,-0.45987269007442955,0.04598726900744295
T0000026,2024-01-03 21:50:48,A100098,A100097,transfer,47.53,other,CN,online,normal transaction,0,21,2,1,3,1,3,2,74.00999999999999,29.275790908758264,4,74.00999999999999,29.275790908758264,4,3,-0.9045015787285373,0.09045015787285374
T0000027,2024-01-04 03:44:32,A100174,A100184,transfer,154.17,electronics,CN,atm,normal transaction,0,3,3,1,0,1,0,2,62.17428571428571,69.56584072113334,7,62.17428571428571,69.56584072113334,7,5,1.3224265244212088,0.13224265244212088
T0000028,2024-01-04 06:42:03,A100028,A100075,transfer,36.13,salary,GB,mobile,normal transaction,0,6,3,1,5,2,2,2,809.96375,1481.7660718879397,8,809.96375,1481.7660718879395,8,6,-0.522237459852087,0.0522237459852087
T0000029,2024-01-04 08:12:37,A100000,A100184,transfer,24.56,utilities,GB,online,normal transaction,0,8,3,1,8,2,3,2,31.478,16.984412559756077,5,31.477999999999998,16.984412559756077,5,1,-0.407314622648611,0.0407314622648611
T0000030,2024-01-04 17:44:07,A100160,,withdrawal,145.17,utilities,NG,branch,normal transaction,0,17,3,0,8,4,1,3,83.14750000000001,84.9639415533773,8,83.14750000000001,84.9639415533773,8,1,0.7299861345421359,0.07299861345421359
T0000031,2024-01-04 18:46:28,A100095,,deposit,19.72,travel,IN,atm,normal transaction,0,18,3,0,7,3,0,0,3601.35625,10107.173301680255,8,3601.35625,10107.173301680257,8,3,-0.35436577000715014,0.035436577000715015
T0000032,2024-01-04 20:08:34,A100125,,withdrawal,82.72,grocery,US,atm,normal transaction,0,20,3,0,1,7,0,3,76.41,44.82227794300508,5,76.41,44.822277943005076,5,1,0.140778205588869,0.0140778205588869
T0000033,2024-01-05 02:39:16,A100078,,withdrawal,46.01,health,IN,branch,normal transaction,0,2,4,0,2,3,1,3,34.593333333333334,9.924889587966874,3,34.593333333333334,9.924889587966874,3,0,1.1503065515410769,0.11503065515410768
T0000034,2024-01-05 11:34:39,A100145,A100020,transfer,16.41,electronics,UA,online,normal transaction,0,11,4,1,0,6,3,2,30.37333333333333,12.21081624353316,3,30.37333333333333,12.210816243533161,3,2,-1.1435216050529544,0.11435216050529544
T0000035,2024-01-05 12:36:44,A100194,A100136,transfer,23.86,travel,GB,mobile,normal transaction,0,12,4,1,7,2,2,2,46.527142857142856,44.86537369891013,7,46.527142857142856,44.86537369891013,7,5,-0.5052257561485046,0.05052257561485046
T0000036,2024-01-05 19:25:39,A100140,,payment,33.29,travel,CN,mobile,normal transaction,0,19,4,0,7,1,2,1,36.90333333333333,21.17252307433701,3,36.90333333333333,21.17252307433701,3,1,-0.17066143463324773,0.017066143463324773
T0000037,2024-01-05 21:35:18,A100054,,withdrawal,26.19,health,CN,mobile,normal transaction,0,21,4,0,2,1,2,3,65.89555555555555,75.70479246902258,9,65.89555555555555,75.70479246902258,9,2,-0.5244787514254635,0.052447875142546355
T0000038,2024-01-05 22:05:56,A100171,A100166,transfer,28.18,remittance,UA,mobile,normal transaction,0,22,4,1,4,6,2,2,827.78875,2093.1817233814686,8,827.78875,2093.1817233814686,8,6,-0.3820063689101256,0.038200636891012565
T0000039,2024-01-06 01:01:28,A100030,A100063,transfer,49.6,health,US,atm,normal transaction,0,1,5,1,2,7,0,2,49.626666666666665,62.159992760617335,9,49.626666666666665,62.159992760617335,9,3,-0.0004290004720618056,4.290004720618056e-05
T0000040,2024-01-06 02:49:56,A100005,,payment,4.86,health,NG,online,normal transaction,0,2,5,0,2,4,3,1,61.49000000000001,81.55792358808554,3,61.49000000000001,81.55792358808554,3,1,-0.6943531273755935,0.06943531273755935
T0000041,2024-01-06 04:10:23,A100018,,deposit,32.25,grocery,NG,online,normal transaction,0,4,5,0,1,4,3,0,40.385,21.76861425692197,4,40.385,21.768614256921975,4,1,-0.37370314574388164,0.037370314574388164
T0000042,2024-01-06 07:56:06,A100008,A100084,transfer,27.32,electronics,NG,atm,normal transaction,0,7,5,1,0,4,0,2,46.3925,41.44264741784723,4,46.3925,41.44264741784723,4,2,-0.460214313711342,0.0460214313711342
T0000043,2024-01-06 08:33:40,A100171,A100124,transfer,44.77,health,GB,mobile,normal transaction,0,8,5,1,2,2,2,2,827.78875,2093.1817233814686,8,827.78875,2093.1817233814686,8,6,-0.37408063565593225,0.03740806356559322
T0000044,2024-01-07 01:32:14,A100062,,withdrawal,103.84,other,RU,branch,normal transaction,0,1,6,0,3,5,1,3,56.871428571428574,59.561764421081264,7,56.871428571428574,59.561764421081264,7,1,0.7885691617184234,0.07885691617184235
T0000045,2024-01-07 02:37:21,A100024,A100168,transfer,70.24,salary,AE,mobile,normal transaction,0,2,6,1,5,0,2,2,100.0575,126.59644028039123,4,100.0575,126.59644028039125,4,3,-0.23553189725103668,0.023553189725103667
T0000046,2024-01-07 04:27:23,A100105,A100119,transfer,59.55,grocery,US,online,normal transaction,0,4,6,1,1,7,3,2,976.9714285714286,2464.683787597837,7,976.9714285714286,2464.683787597837,7,4,-0.3722268279669869,0.03722268279669869
T0000047,2024-01-07 04:50:05,A100103,,payment,296.03,remittance,US,branch,normal transaction,0,4,6,0,4,7,1,1,111.124,104.71567351643208,5,111.124,104.71567351643208,5,2,1.7657910418271179,0.17657910418271178
T0000048,2024-01-07 06:22:55,A100049,,withdrawal,36.59,health,UA,branch,normal transaction,0,6,6,0,2,6,1,3,36.59,0.0,1,36.59,0.0,1,0,0.0,0.0
T0000049,2024-01-07 10:54:33,A100108,,deposit,20.02,travel,CN,mobile,normal transaction,0,10,6,0,7,1,2,0,53.5525,47.52469279227379,4,53.5525,47.52469279227379,4,3,-0.7055805587421052,0.07055805587421052
T0000050,2024-01-07 13:46:46,A100063,,withdrawal,11.45,electronics,UA,online,normal transaction,0,13,6,0,0,6,3,3,46.53,52.87252310983465,7,46.529999999999994,52.87252310983465,7,4,-0.6634826044454889,0.06634826044454889
T0000051,2024-01-07 18:28:34,A100012,A100166,transfer,53.18,grocery,US,branch,normal transaction,0,18,6,1,1,7,1,2,26.726,20.05466230082172,5,26.726,20.05466230082172,5,3,1.3190946964896724,0.13190946964896724
T0000052,2024-01-08 05:31:02,A100042,,deposit,15.13,salary,UA,mobile,normal transaction,0,5,0,0,5,6,2,0,713.518,1464.4911506287774,5,713.518,1464.4911506287774,5,2,-0.47688099666786443,0.04768809966678644
T0000053,2024-01-08 15:51:43,A100054,,payment,24.0,salary,IN,branch,normal transaction,0,15,0,0,5,3,1,1,65.89555555555555,75.70479246902258,9,65.89555555555555,75.70479246902258,9,2,-0.5534069064292299,0.055340690642922984
T0000054,2024-01-08 17:03:18,A100097,A100000,transfer,41.57,salary,CN,mobile,normal transaction,0,17,0,1,5,1,2,2,67.045,62.7100533407523,6,67.045,62.7100533407523,6,4,-0.40623469821242053,0.040623469821242056
T0000055,2024-01-08 20:04:19,A100073,,withdrawal,122.38,salary,UA,branch,normal transaction,0,20,0,0,5,6,1,3,50.94,51.68395495702704,4,50.94,51.68395495702704,4,2,1.3822471340893343,0.13822471340893344
T0000056,2024-01-08 20:27:46,A100048,,payment,42.94,utilities,NG,online,normal transaction,0,20,0,0,8,4,3,1,41.14,12.56066081064209,4,41.14,12.56066081064209,4,1,0.14330455091744745,0.014330455091744746
T0000057,2024-01-08 22:07:08,A100148,A100188,transfer,72.37,grocery,AE,online,normal transaction,0,22,0,1,1,0,3,2,72.37,0.0,1,72.37,0.0,1,1,0.0,0.0
T0000058,2024-01-09 03:17:48,A100012,,payment,42.54,other,GB,online,normal transaction,0,3,1,0,3,2,3,1,26.726,20.05466230082172,5,26.726,20.05466230082172,5,3,0.7885447769822211,0.07885447769822211
T0000059,2024-01-09 07:24:21,A100130,,deposit,46.83,electronics,GB,online,normal transaction,0,7,1,0,0,2,3,0,47.456,21.581161460866745,5,47.456,21.581161460866745,5,1,-0.02900677853360005,0.002900677853360005
T0000060,2024-01-09 08:06:39,A100152,,payment,44.39,electronics,NG,mobile,normal transaction,0,8,1,0,0,4,2,1,83.35799999999999,60.30495891715705,5,83.35799999999999,60.30495891715705,5,1,-0.6461823381282674,0.06461823381282675
T0000061,2024-01-09 08:07:52,A100030,,withdrawal,16.21,health,IN,online,normal transaction,0,8,1,0,2,3,3,3,49.626666666666665,62.159992760617335,9,49.626666666666665,62.159992760617335,9,3,-0.5375912165525094,0.053759121655250944
T0000062,2024-01-09 11:18:50,A100107,A100168,transfer,10.06,remittance,CN,branch,normal transaction,0,11,1,1,4,1,1,2,4498.39,9857.792285897487,5,4498.39,9857.792285897487,5,4,-0.4553078285049358,0.04553078285049358
T0000063,2024-01-09 16:17:44,A100171,,withdrawal,63.85,remittance,NG,atm,normal transaction,0,16,1,0,4,4,0,3,827.78875,2093.1817233814686,8,827.78875,2093.1817233814686,8,6,-0.3649653258011999,0.03649653258011999
T0000064,2024-01-09 17:52:12,A100101,A100033,transfer,86.78,utilities,UA,atm,normal transaction,0,17,1,1,8,6,0,2,67.79363636363637,56.52898588737061,11,67.79363636363637,56.52898588737061,11,7,0.33586951901671996,0.033586951901672
T0000065,2024-01-09 22:09:26,A100192,A100018,transfer,50.04,grocery,UA,online,normal transaction,0,22,1,1,1,6,3,2,27.23,19.782727314503425,3,27.23,19.782727314503425,3,2,1.1530259950684947,0.11530259950684947
T0000066,2024-01-09 22:33:02,A100018,A100137,transfer,13.61,health,CN,branch,normal transaction,0,22,1,1,2,1,1,2,40.385,21.76861425692197,4,40.385,21.768614256921975,4,1,-1.2299817734840113,0.12299817734840113
T0000067,2024-01-10 12:59:59,A100089,A100017,transfer,14.65,health,AE,atm,normal transaction,0,12,2,1,2,0,0,2,51.95285714285715,53.52989716481987,7,51.95285714285715,53.52989716481987,7,4,-0.6968602299223648,0.06968602299223649
T0000068,2024-01-10 21:54:14,A100040,A100112,transfer,33.55,utilities,IN,atm,normal transaction,0,21,2,1,8,3,0,2,27.068,17.052630882066264,5,27.068,17.052630882066264,5,2,0.38011727719384586,0.03801172771938459
T0000069,2024-01-11 01:20:40,A100169,A100026,transfer,141.67,travel,CN,online,normal transaction,0,1,3,1,7,1,3,2,3002.918333333333,2151.928646611235,12,3002.9183333333335,2151.928646611235,12,3,-1.3296204483868388,0.13296204483868387
T0000070,2024-01-11 02:12:47,A100027,A100190,transfer,11.35,travel,CN,atm,normal transaction,0,2,3,1,7,1,0,2,86.375,155.1810511260039,8,86.375,155.18105112600387,8,5,-0.48346753016651306,0.048346753016651305
T0000071,2024-01-11 13:29:50,A100154,,payment,53.65,health,AE,branch,normal transaction,0,13,3,0,2,0,1,1,40.89833333333333,30.045973052418635,6,40.89833333333333,30.045973052418635,6,0,0.4244051680408139,0.04244051680408139
T0000072,2024-01-11 23:21:04,A100175,A100162,transfer,53.16,utilities,UA,atm,normal transaction,0,23,3,1,8,6,0,2,4568.722857142858,10138.80446468043,7,4568.722857142858,10138.80446468043,7,5,-0.44537429165617226,0.044537429165617225
T0000073,2024-01-12 12:36:21,A100013,,payment,30.79,electronics,RU,atm,normal transaction,0,12,4,0,0,5,0,1,27.01333333333333,8.38886364970449,3,27.013333333333332,8.38886364970449,3,1,0.4501999763221482,0.04501999763221482
T0000074,2024-01-12 14:00:03,A100011,A100000,transfer,21.19,remittance,GB,atm,normal transaction,0,14,4,1,4,2,0,2,47.64142857142857,40.75138256491896,7,47.64142857142857,40.75138256491896,7,5,-0.6490927732377513,0.06490927732377513
T0000075,2024-01-12 14:44:37,A100041,A100189,transfer,77.98,other,RU,online,normal transaction,0,14,4,1,3,5,3,2,64.19500000000001,38.281538500953694,6,64.19500000000001,38.281538500953694,6,4,0.3600952359728526,0.03600952359728526
T0000076,2024-01-13 01:44:55,A100028,A100019,transfer,13.68,travel,IN,atm,normal transaction,0,1,5,1,7,3,0,2,809.96375,1481.7660718879397,8,809.96375,1481.7660718879395,8,6,-0.5373882993879426,0.053738829938794266
T0000077,2024-01-13 05:34:00,A100149,,payment,38.62,travel,RU,branch,normal transaction,0,5,5,0,7,5,1,1,46.22,24.69688948025642,5,46.22,24.69688948025642,5,1,-0.30773104841177124,0.030773104841177124
T0000078,2024-01-13 06:10:13,A100010,A100078,transfer,47.36,remittance,IN,atm,normal transaction,0,6,5,1,4,3,0,2,47.36,0.0,1,47.36,0.0,1,1,0.0,0.0
T0000079,2024-01-13 10:56:47,A100053,A100174,transfer,58.02,health,US,atm,normal transaction,0,10,5,1,2,7,0,2,54.82,4.5254833995939086,2,54.82,4.5254833995939086,2,1,0.7071066249365819,0.07071066249365819
T0000080,2024-01-13 12:43:42,A100199,,withdrawal,55.43,salary,GB,branch,normal transaction,0,12,5,0,5,2,1,3,49.02111111111111,46.28122525507629,9,49.02111111111111,46.28122525507629,9,5,0.1384770760732801,0.013847707607328012
T0000081,2024-01-13 20:48:00,A100041,,payment,55.36,travel,RU,online,normal transaction,0,20,5,0,7,5,3,1,64.19500000000001,38.281538500953694,6,64.19500000000001,38.281538500953694,6,4,-0.23079009139065332,0.023079009139065333
T0000082,2024-01-13 23:39:51,A100045,A100188,transfer,58.61,remittance,RU,branch,normal transaction,0,23,5,1,4,5,1,2,640.21,1781.6826732614315,9,640.21,1781.6826732614315,9,8,-0.3264329885461187,0.03264329885461187
T0000083,2024-01-14 04:30:22,A100068,,payment,103.09,travel,US,mobile,normal transaction,0,4,6,0,7,7,2,1,59.54333333333333,68.89199537440228,6,59.54333333333333,68.89199537440228,6,1,0.6321005190502362,0.06321005190502363
T0000084,2024-01-14 13:20:07,A100009,A100120,transfer,15.29,health,NG,mobile,normal transaction,0,13,6,1,2,4,2,2,28.97125,14.478163298567951,8,28.971249999999998,14.478163298567951,8,3,-0.9449575041328426,0.09449575041328426
T0000085,2024-01-14 16:47:20,A100089,,deposit,26.13,utilities,NG,branch,normal transaction,0,16,6,0,8,4,1,0,51.95285714285715,53.52989716481987,7,51.95285714285715,53.52989716481987,7,4,-0.4824006401683773,0.04824006401683773
T0000086,2024-01-14 19:17:43,A100006,A100168,transfer,65.78,health,RU,atm,normal transaction,0,19,6,1,2,5,0,2,60.09333333333333,44.93071592277752,3,60.093333333333334,44.930715922777516,3,2,0.12656523323320992,0.012656523323320993
T0000087,2024-01-14 19:25:09,A100071,,deposit,6.6,electronics,CN,atm,normal transaction,0,19,6,0,0,1,0,0,59.90888888888888,64.24285358007621,9,59.90888888888888,64.24285358007621,9,6,-0.8298026175415576,0.08298026175415577
T0000088,2024-01-15 02:20:11,A100164,A100130,transfer,35.31,salary,AE,online,normal transaction,0,2,0,1,5,0,3,2,65.32000000000001,59.02054388092336,6,65.32000000000001,59.02054388092336,6,3,-0.5084670102681456,0.05084670102681456
T0000089,2024-01-15 08:12:53,A100029,,withdrawal,11.27,utilities,GB,atm,normal transaction,0,8,0,0,8,2,0,3,1144.47,2724.902909162086,6,1144.47,2724.902909162086,6,3,-0.4158680280952079,0.04158680280952079
T0000090,2024-01-15 12:06:56,A100009,,deposit,34.66,electronics,RU,atm,normal transaction,0,12,0,0,0,5,0,0,28.97125,14.478163298567951,8,28.971249999999998,14.478163298567951,8,3,0.3929192874653784,0.03929192874653784
T0000091,2024-01-15 15:13:37,A100186,A100080,transfer,17.26,salary,US,mobile,normal transaction,0,15,0,1,5,7,2,2,20.5625,6.715709816045756,4,20.5625,6.715709816045756,4,2,-0.49175732702923725,0.049175732702923726
T0000092,2024-01-15 20:24:24,A100147,,payment,4.37,health,CN,online,normal transaction,0,20,0,0,2,1,3,1,48.83166666666667,42.54309693318843,6,48.83166666666667,42.54309693318843,6,1,-1.0450970621954059,0.10450970621954059
T0000093,2024-01-16 02:44:57,A100181,,withdrawal,39.9,salary,IN,branch,normal transaction,0,2,1,0,5,3,1,3,40.987142857142864,25.057577506139545,7,40.987142857142864,25.057577506139545,7,3,-0.04338579072500945,0.004338579072500945
T0000094,2024-01-16 05:03:39,A100093,,deposit,54.87,salary,US,atm,normal transaction,0,5,1,0,5,7,0,0,1022.998,2219.563042215742,5,1022.9979999999999,2219.563042215742,5,1,-0.4361795457710267,0.04361795457710267
T0000095,2024-01-16 07:09:51,A100159,,withdrawal,78.71,remittance,US,atm,normal transaction,0,7,1,0,4,7,0,3,78.71,0.0,1,78.71,0.0,1,0,0.0,0.0
T0000096,2024-01-16 07:50:40,A100129,,withdrawal,193.53,utilities,RU,atm,normal transaction,0,7,1,0,8,5,0,3,50.277142857142856,63.86076174362619,7,50.277142857142856,63.86076174362619,7,2,2.2432061721210013,0.22432061721210012
T0000097,2024-01-16 12:09:43,A100103,,withdrawal,49.65,utilities,GB,branch,normal transaction,0,12,1,0,8,2,1,3,111.124,104.71567351643208,5,111.124,104.71567351643208,5,2,-0.5870563340577388,0.05870563340577388
T0000098,2024-01-17 00:33:15,A100107,A100170,transfer,276.48,salary,GB,atm,normal transaction,0,0,2,1,5,2,0,2,4498.39,9857.792285897487,5,4498.39,9857.792285897487,5,4,-0.4282814931707948,0.04282814931707948
T0000099,2024-01-17 02:43:49,A100103,,withdrawal,92.99,grocery,CN,atm,normal transaction,0,2,2,0,1,1,0,3,111.124,104.71567351643208,5,111.124,104.71567351643208,5,2,-0.17317369232200666,0.017317369232200668
T0000100,2024-01-17 04:29:25,A100053,,payment,51.62,salary,AE,mobile,normal transaction,0,4,2,0,5,0,2,1,54.82,4.5254833995939086,2,54.82,4.5254833995939086,2,1,-0.7071066249365819,0.07071066249365819
T0000101,2024-01-17 07:03:41,A100113,,deposit,71.85,other,NG,mobile,normal transaction,0,7,2,0,3,4,2,0,75.43,70.7530658935239,4,75.43,70.7530658935239,4,3,-0.05059851335331577,0.005059851335331577
T0000102,2024-01-17 09:46:02,A100188,A100043,transfer,25.72,electronics,CN,atm,normal transaction,0,9,2,1,0,1,0,2,29.126666666666665,15.130420791681022,3,29.126666666666665,15.130420791681022,3,3,-0.22515345002078613,0.022515345002078614
T0000103,2024-01-17 11:48:02,A100023,A100192,transfer,9.51,health,CN,branch,normal transaction,0,11,2,1,2,1,1,2,27.156666666666663,15.310732619092178,3,27.156666666666666,15.310732619092178,3,2,-1.1525683292315678,0.11525683292315678
T0000104,2024-01-17 15:49:58,A100050,,deposit,139.95,travel,IN,online,normal transaction,0,15,2,0,7,3,3,0,62.586,50.17527408993398,5,62.586,50.17527408993398,5,3,1.5418749545734038,0.1541874954573404
T0000105,2024-01-17 18:37:49,A100062,,payment,7.88,other,US,mobile,normal transaction,0,18,2,0,3,7,2,1,56.871428571428574,59.561764421081264,7,56.871428571428574,59.561764421081264,7,1,-0.8225315053218447,0.08225315053218447
T0000106,2024-01-17 22:55:48,A100106,,withdrawal,40.41,health,RU,mobile,normal transaction,0,22,2,0,2,5,2,3,30.572000000000003,21.46311650250261,5,30.572000000000003,21.46311650250261,5,3,0.45836770911089114,0.04583677091108911
T0000107,2024-01-17 23:02:14,A100102,A100062,transfer,18.17,travel,IN,online,normal transaction,0,23,2,1,7,3,3,2,100.65999999999998,141.64025946036668,3,100.65999999999998,141.64025946036668,3,2,-0.5823909087139957,0.05823909087139957
T0000108,2024-01-18 10:18:22,A100199,A100108,transfer,161.74,health,GB,mobile,normal transaction,0,10,3,1,2,2,2,2,49.02111111111111,46.28122525507629,9,49.02111111111111,46.28122525507629,9,5,2.4355207934129766,0.24355207934129766
T0000109,2024-01-18 12:45:28,A100012,A100142,transfer,9.6,health,US,mobile,normal transaction,0,12,3,1,2,7,2,2,26.726,20.05466230082172,5,26.726,20.05466230082172,5,3,-0.8539659700643428,0.08539659700643429
T0000110,2024-01-19 00:06:37,A100034,A100118,transfer,43.86,remittance,UA,mobile,normal transaction,0,0,4,1,4,6,2,2,106.2975,130.69395634458388,4,106.29749999999999,130.69395634458388,4,3,-0.4777382311209622,0.04777382311209622
T0000111,2024-01-19 00:24:20,A100140,A100114,transfer,17.77,travel,UA,mobile,normal transaction,0,0,4,1,7,6,2,2,36.90333333333333,21.17252307433701,3,36.90333333333333,21.17252307433701,3,1,-0.903686932467567,0.0903686932467567
T0000112,2024-01-19 07:51:34,A100066,,deposit,18.37,health,CN,mobile,normal transaction,0,7,4,0,2,1,2,0,41.415,32.80617878794582,4,41.415,32.80617878794582,4,2,-0.7024591143790405,0.07024591143790405
T0000113,2024-01-19 08:21:44,A100160,A100061,transfer,77.45,utilities,UA,online,normal transaction,0,8,4,1,8,6,3,2,83.14750000000001,84.9639415533773,8,83.14750000000001,84.9639415533773,8,1,-0.06705785806044297,0.006705785806044297
T0000114,2024-01-19 12:19:40,A100182,,payment,74.65,utilities,NG,atm,normal transaction,0,12,4,0,8,4,0,1,109.8275,60.11029882640744,4,109.8275,60.11029882640744,4,2,-0.585215846561889,0.058521584656188896
T0000115,2024-01-19 13:39:11,A100085,,withdrawal,62.15,remittance,US,branch,normal transaction,0,13,4,0,4,7,1,3,42.2425,17.48667945418264,4,42.2425,17.48667945418264,4,0,1.1384379129109277,0.11384379129109276
T0000116,2024-01-19 19:12:29,A100038,,payment,32.43,health,RU,branch,normal transaction,0,19,4,0,2,5,1,1,73.49000000000001,48.26947068282394,9,73.49000000000001,48.26947068282394,9,5,-0.8506411727437795,0.08506411727437795
T0000117,2024-01-19 21:04:08,A100180,,payment,37.24,health,US,mobile,normal transaction,0,21,4,0,2,7,2,1,752.1566666666666,2108.24314388782,9,752.1566666666666,2108.24314388782,9,5,-0.339105415046758,0.033910541504675804
T0000118,2024-01-19 22:44:08,A100104,,payment,26.64,remittance,UA,mobile,normal transaction,0,22,4,0,4,6,2,1,511.62777777777774,1407.0761544047446,9,511.62777777777774,1407.0761544047446,9,3,-0.3446777034170345,0.03446777034170345
T0000119,2024-01-20 04:17:40,A100015,,payment,99.36,health,RU,mobile,normal transaction,0,4,5,0,2,5,2,1,52.4875,43.71289388346037,4,52.4875,43.71289388346037,4,3,1.0722808481333306,0.10722808481333305
T0000120,2024-01-20 04:43:47,A100197,,payment,122.18,grocery,RU,mobile,normal transaction,0,4,5,0,1,5,2,1,75.69833333333334,62.819306400713046,6,75.69833333333334,62.819306400713046,6,2,0.7399264428397545,0.07399264428397545
T0000121,2024-01-20 06:16:21,A100001,,payment,33.82,remittance,CN,mobile,normal transaction,0,6,5,0,4,1,2,1,63.51249999999999,60.7939478210345,4,63.51249999999999,60.7939478210345,4,1,-0.4884120965296876,0.04884120965296876
T0000122,2024-01-20 08:14:40,A100107,,deposit,45.79,health,UA,branch,normal transaction,0,8,5,0,2,6,1,0,4498.39,9857.792285897487,5,4498.39,9857.792285897487,5,4,-0.4516832846963297,0.045168328469632965
T0000123,2024-01-20 20:16:34,A100069,A100111,transfer,29.07,other,IN,mobile,normal transaction,0,20,5,1,3,3,2,2,1201.3100000000002,2757.513036320953,6,1201.3100000000002,2757.513036320953,6,3,-0.42510769092823,0.042510769092822996
T0000124,2024-01-21 00:16:22,A100086,A100171,transfer,12.11,salary,GB,mobile,normal transaction,0,0,6,1,5,2,2,2,1669.855,3306.618803153256,4,1669.855,3306.6188031532556,4,4,-0.5013414300789075,0.05013414300789075
T0000125,2024-01-21 04:44:17,A100032,,payment,9.83,grocery,RU,online,normal transaction,0,4,6,0,1,5,3,1,74.13000000000001,88.26664111278582,4,74.13000000000001,88.26664111278582,4,2,-0.7284745228875753,0.07284745228875752
T0000126,2024-01-21 11:00:39,A100021,,payment,32.71,salary,GB,mobile,normal transaction,0,11,6,0,5,2,2,1,35.81333333333333,20.217495064094035,6,35.81333333333333,20.217495064094035,6,0,-0.1534974125131551,0.01534974125131551
T0000127,2024-01-21 11:14:52,A100046,A100012,transfer,13.5,utilities,RU,atm,normal transaction,0,11,6,1,8,5,0,2,1027.1866666666667,2337.282116561884,9,1027.1866666666667,2337.282116561884,9,3,-0.4337031713245149,0.04337031713245149
T0000128,2024-01-21 13:34:40,A100054,,payment,14.51,other,AE,atm,normal transaction,0,13,6,0,3,0,0,1,65.89555555555555,75.70479246902258,9,65.89555555555555,75.70479246902258,9,2,-0.6787622447788838,0.06787622447788838
T0000129,2024-01-21 14:11:42,A100194,,payment,24.01,salary,CN,mobile,normal transaction,0,14,6,0,5,1,2,1,46.527142857142856,44.86537369891013,7,46.527142857142856,44.86537369891013,7,5,-0.5018824206474273,0.050188242064742726
T0000130,2024-01-21 18:02:47,A100064,,deposit,42.31,electronics,UA,online,normal transaction,0,18,6,0,0,6,3,0,46.998000000000005,14.91650327657256,5,46.998000000000005,14.916503276572561,5,3,-0.3142827510439455,0.03142827510439455
T0000131,2024-01-21 18:20:54,A100191,,payment,19.95,grocery,AE,branch,normal transaction,0,18,6,0,1,0,1,1,35.85666666666666,34.035356126632,6,35.85666666666666,34.035356126632,6,2,-0.46735712534128243,0.04673571253412824
T0000132,2024-01-21 23:14:53,A100166,,deposit,7.78,electronics,IN,online,normal transaction,0,23,6,0,0,3,3,0,11.616666666666667,11.113326834631174,3,11.616666666666667,11.113326834631174,3,1,-0.34523112462415695,0.0345231124624157
T0000133,2024-01-22 05:57:01,A100063,,payment,8.11,health,IN,branch,normal transaction,0,5,0,0,2,3,1,1,46.53,52.87252310983465,7,46.529999999999994,52.87252310983465,7,4,-0.7266534111401277,0.07266534111401277
T0000134,2024-01-22 23:01:31,A100061,,payment,16.14,travel,UA,online,normal transaction,0,23,0,0,7,6,3,1,61.5525,43.00580997570755,4,61.5525,43.00580997570755,4,1,-1.0559619495526293,0.10559619495526293
T0000135,2024-01-23 05:01:48,A100144,A100055,transfer,26.75,other,CN,atm,normal transaction,0,5,1,1,3,1,0,2,34.052,34.054596165569194,5,34.052,34.054596165569194,5,4,-0.21442038983748918,0.02144203898374892
T0000136,2024-01-23 07:14:17,A100042,,payment,32.49,electronics,GB,atm,normal transaction,0,7,1,0,0,2,0,1,713.518,1464.4911506287774,5,713.518,1464.4911506287774,5,2,-0.46502705000475725,0.04650270500047572
T0000137,2024-01-23 07:17:01,A100027,A100148,transfer,12.15,grocery,CN,mobile,normal transaction,0,7,1,1,1,1,2,2,86.375,155.1810511260039,8,86.375,155.18105112600387,8,5,-0.4783122616009254,0.04783122616009254
T0000138,2024-01-23 07:30:55,A100101,,deposit,45.73,health,US,branch,normal transaction,0,7,1,0,2,7,1,0,67.79363636363637,56.52898588737061,11,67.79363636363637,56.52898588737061,11,7,-0.3903065945193103,0.03903065945193103
T0000139,2024-01-23 12:59:51,A100026,A100178,transfer,14.48,utilities,US,online,normal transaction,0,12,1,1,8,7,3,2,2573.386923076923,2424.7499487314303,13,2573.386923076923,2424.7499487314303,13,5,-1.0553281683170472,0.10553281683170472
T0000140,2024-01-24 02:05:46,A100088,A100136,transfer,66.03,salary,AE,online,normal transaction,0,2,2,1,5,0,3,2,46.15166666666667,27.523971673191834,6,46.15166666666667,27.523971673191834,6,5,0.7222189023859442,0.07222189023859442
T0000141,2024-01-24 03:06:30,A100129,,payment,22.17,remittance,IN,mobile,normal transaction,0,3,2,0,4,3,2,1,50.277142857142856,63.86076174362619,7,50.277142857142856,63.86076174362619,7,2,-0.44013164969515134,0.044013164969515135
T0000142,2024-01-24 03:09:26,A100125,,payment,41.43,electronics,RU,atm,normal transaction,0,3,2,0,0,5,0,1,76.41,44.82227794300508,5,76.41,44.822277943005076,5,1,-0.7804154725037458,0.07804154725037457
T0000143,2024-01-24 03:27:49,A100162,A100117,transfer,33.54,travel,RU,branch,normal transaction,0,3,2,1,7,5,1,2,68.56333333333333,48.15342923060274,6,68.56333333333333,48.15342923060274,6,5,-0.7273279009534633,0.07273279009534633
T0000144,2024-01-24 17:23:52,A100187,A100133,transfer,141.34,utilities,UA,mobile,normal transaction,0,17,2,1,8,6,2,2,560.5400000000001,1125.7308155149703,5,560.5400000000001,1125.7308155149703,5,4,-0.37238031850079084,0.03723803185007908
T0000145,2024-01-24 19:49:20,A100111,A100187,transfer,86.42,utilities,AE,branch,normal transaction,0,19,2,1,8,0,1,2,42.46,34.29482468245027,4,42.46,34.29482468245027,4,1,1.281826022591382,0.1281826022591382
T0000146,2024-01-24 23:20:00,A100022,,payment,295.84,utilities,UA,branch,normal transaction,0,23,2,0,8,6,1,1,113.862,107.37644234188429,5,113.862,107.37644234188427,5,2,1.6947665087079293,0.16947665087079294
T0000147,2024-01-25 00:37:58,A100192,,withdrawal,14.76,other,RU,atm,normal transaction,0,0,3,0,3,5,0,3,27.23,19.782727314503425,3,27.23,19.782727314503425,3,2,-0.6303478368480548,0.06303478368480549
T0000148,2024-01-25 03:07:30,A100007,A100126,transfer,15.5,remittance,GB,mobile,normal transaction,0,3,3,1,4,2,2,2,32.872,23.04029340090964,5,32.872,23.040293400909636,5,2,-0.7539834212931823,0.07539834212931823
T0000149,2024-01-25 17:47:05,A100054,,payment,38.49,remittance,CN,atm,normal transaction,0,17,3,0,4,1,0,1,65.89555555555555,75.70479246902258,9,65.89555555555555,75.70479246902258,9,2,-0.3620055520892418,0.03620055520892418
T0000150,2024-01-25 22:34:34,A100071,A100152,transfer,85.66,utilities,IN,branch,normal transaction,0,22,3,1,8,3,1,2,59.90888888888888,64.24285358007621,9,59.90888888888888,64.24285358007621,9,6,0.4008400822073272,0.04008400822073272
T0000151,2024-01-26 03:11:36,A100021,,withdrawal,18.6,health,RU,mobile,normal transaction,0,3,4,0,2,5,2,3,35.81333333333333,20.217495064094035,6,35.81333333333333,20.217495064094035,6,0,-0.8514077746701754,0.08514077746701754
T0000152,2024-01-26 12:51:59,A100142,,payment,8.84,health,UA,mobile,normal transaction,0,12,4,0,2,6,2,1,78.33500000000001,98.28077151711824,2,78.33500000000001,98.28077151711824,2,0,-0.7071067739917855,0.07071067739917855
T0000153,2024-01-26 23:39:44,A100114,,payment,206.74,grocery,US,atm,normal transaction,0,23,4,0,1,7,0,1,104.3075,71.74713902542271,4,104.3075,71.74713902542271,4,2,1.4276875700369982,0.14276875700369981
T0000154,2024-01-26 23:50:50,A100056,,deposit,107.71,salary,NG,atm,normal transaction,0,23,4,0,5,4,0,0,48.78666666666666,51.05012863189801,3,48.78666666666666,51.05012863189801,3,2,1.154224950224531,0.1154224950224531
T0000155,2024-01-27 17:18:15,A100169,,withdrawal,20.71,remittance,UA,atm,normal transaction,0,17,5,0,4,6,0,3,3002.918333333333,2151.928646611235,12,3002.9183333333335,2151.928646611235,12,3,-1.3858304905433352,0.13858304905433352
T0000156,2024-01-27 20:54:39,A100108,A100190,transfer,29.53,remittance,AE,mobile,normal transaction,0,20,5,1,4,0,2,2,53.5525,47.52469279227379,4,53.5525,47.52469279227379,4,3,-0.5054740616530895,0.05054740616530895
T0000157,2024-01-27 23:03:15,A100069,,withdrawal,114.18,utilities,CN,branch,normal transaction,0,23,5,0,8,1,1,3,1201.3100000000002,2757.513036320953,6,1201.3100000000002,2757.513036320953,6,3,-0.39424292298403624,0.03942429229840362
T0000158,2024-01-27 23:17:10,A100030,,payment,33.29,health,AE,online,normal transaction,0,23,5,0,2,0,3,1,49.626666666666665,62.159992760617335,9,49.626666666666665,62.159992760617335,9,3,-0.2628164141968926,0.02628164141968926
T0000159,2024-01-28 05:08:50,A100190,,payment,34.71,travel,NG,branch,normal transaction,0,5,6,0,7,4,1,1,19.235,15.35222350888192,4,19.235,15.35222350888192,4,2,1.0079972443763476,0.10079972443763477
T0000160,2024-01-28 12:43:34,A100189,,withdrawal,11.39,other,CN,atm,normal transaction,0,12,6,0,3,1,0,3,33.025,30.596510421941908,2,33.025,30.596510421941908,2,1,-0.707106758075848,0.0707106758075848
T0000161,2024-01-29 01:02:49,A100025,A100049,transfer,28.72,utilities,NG,atm,normal transaction,0,1,0,1,8,4,0,2,2292.535714285714,2700.483736765335,14,2292.535714285714,2700.483736765335,14,6,-0.8383000729191705,0.08383000729191706
T0000162,2024-01-29 02:05:07,A100045,A100077,transfer,7.14,grocery,GB,atm,normal transaction,0,2,0,1,1,2,0,2,640.21,1781.6826732614315,9,640.21,1781.6826732614315,9,8,-0.3553214100049714,0.03553214100049714
T0000163,2024-01-29 02:34:02,A100011,A100013,transfer,118.83,utilities,GB,mobile,normal transaction,0,2,0,1,8,2,2,2,47.64142857142857,40.75138256491896,7,47.64142857142857,40.75138256491896,7,5,1.7468994964346312,0.17468994964346313
T0000164,2024-01-29 05:30:20,A100026,,payment,107.69,grocery,CN,mobile,normal transaction,0,5,0,0,1,1,2,1,2573.386923076923,2424.7499487314303,13,2573.386923076923,2424.7499487314303,13,5,-1.0168870911204795,0.10168870911204794
T0000165,2024-01-29 08:42:59,A100122,A100112,transfer,35.43,remittance,GB,online,normal transaction,0,8,0,1,4,2,3,2,39.27333333333333,5.738818112933473,3,39.27333333333333,5.738818112933473,3,2,-0.6697080458019111,0.06697080458019111
T0000166,2024-01-29 17:05:14,A100064,A100122,transfer,63.14,electronics,US,mobile,normal transaction,0,17,0,1,0,7,2,2,46.998000000000005,14.91650327657256,5,46.998000000000005,14.916503276572561,5,3,1.0821570322848473,0.10821570322848473
T0000167,2024-01-29 21:57:28,A100125,,withdrawal,130.14,electronics,IN,branch,normal transaction,0,21,0,0,0,3,1,3,76.41,44.82227794300508,5,76.41,44.822277943005076,5,1,1.1987342292060106,0.11987342292060106
T0000168,2024-01-29 22:32:39,A100038,,deposit,95.43,utilities,US,branch,normal transaction,0,22,0,0,8,7,1,0,73.49000000000001,48.26947068282394,9,73.49000000000001,48.26947068282394,9,5,0.45453159595709974,0.045453159595709974
T0000169,2024-01-30 00:32:09,A100030,A100142,transfer,5.7,salary,NG,mobile,normal transaction,0,0,1,1,5,4,2,2,49.626666666666665,62.159992760617335,9,49.626666666666665,62.159992760617335,9,3,-0.7066710276038871,0.0706671027603887
T0000170,2024-01-30 09:54:57,A100115,A100113,transfer,148.76,utilities,RU,atm,normal transaction,0,9,1,1,8,5,0,2,64.5525,43.71799915366668,8,64.5525,43.717999153666675,8,3,1.9261516927584674,0.19261516927584674
T0000171,2024-01-30 11:56:10,A100145,A100158,transfer,35.66,grocery,US,branch,normal transaction,0,11,1,1,1,7,1,2,30.37333333333333,12.21081624353316,3,30.37333333333333,12.210816243533161,3,2,0.4329494546703236,0.04329494546703236
T0000172,2024-01-30 19:52:07,A100160,,payment,6.03,health,CN,online,normal transaction,0,19,1,0,2,1,3,1,83.14750000000001,84.9639415533773,8,83.14750000000001,84.9639415533773,8,1,-0.9076497356693649,0.0907649735669365
T0000173,2024-01-30 22:19:37,A100040,,payment,31.33,health,GB,online,normal transaction,0,22,1,0,2,2,3,1,27.068,17.052630882066264,5,27.068,17.052630882066264,5,2,0.24993209432276625,0.024993209432276627
T0000174,2024-01-31 01:02:27,A100040,A100000,transfer,8.98,salary,UA,mobile,normal transaction,0,1,2,1,5,6,2,2,27.068,17.052630882066264,5,27.068,17.052630882066264,5,2,-1.060716030527968,0.1060716030527968
T0000175,2024-01-31 01:21:23,A100074,,deposit,64.69,grocery,NG,atm,normal transaction,0,1,2,0,1,4,0,0,127.475,52.76572909253379,4,127.475,52.76572909253379,4,2,-1.1898821430101638,0.11898821430101639
T0000176,2024-01-31 01:54:16,A100180,,withdrawal,47.78,utilities,UA,online,normal transaction,0,1,2,0,8,6,3,3,752.1566666666666,2108.24314388782,9,752.1566666666666,2108.24314388782,9,5,-0.334105991699618,0.0334105991699618
T0000177,2024-01-31 02:42:26,A100175,A100059,transfer,12.94,utilities,NG,mobile,normal transaction,0,2,2,1,8,4,2,2,4568.722857142858,10138.80446468043,7,4568.722857142858,10138.80446468043,7,5,-0.4493412287971482,0.04493412287971482
T0000178,2024-01-31 11:47:28,A100029,A100139,transfer,12.36,health,GB,atm,normal transaction,0,11,2,1,2,2,0,2,1144.47,2724.902909162086,6,1144.47,2724.902909162086,6,3,-0.41546801384298077,0.041546801384298074
T0000179,2024-01-31 12:38:43,A100036,,deposit,54.82,electronics,IN,branch,normal transaction,0,12,2,0,0,3,1,0,47.31,10.62074385342195,2,47.31,10.62074385342195,2,1,0.7071067146086571,0.07071067146086571
T0000180,2024-01-31 13:23:07,A100078,,withdrawal,29.75,utilities,UA,online,normal transaction,0,13,2,0,8,6,3,3,34.593333333333334,9.924889587966874,3,34.593333333333334,9.924889587966874,3,0,-0.48799866259538255,0.048799866259538256
T0000181,2024-01-31 14:18:34,A100119,A100176,transfer,11.76,utilities,RU,atm,normal transaction,0,14,2,1,8,5,0,2,18.49,11.417650809163854,5,18.490000000000002,11.417650809163854,5,4,-0.5894381885597945,0.05894381885597945
T0000182,2024-01-31 17:06:34,A100128,A100138,transfer,16.45,other,UA,online,normal transaction,0,17,2,1,3,6,3,2,55.67666666666667,46.5626329438818,6,55.67666666666667,46.562632943881795,6,4,-0.8424494781361258,0.08424494781361258
T0000183,2024-02-01 01:22:55,A100153,,payment,41.02,grocery,RU,atm,normal transaction,0,1,3,0,1,5,0,1,70.415,41.570807665957126,2,70.415,41.570807665957126,2,0,-0.7071067641768526,0.07071067641768526
T0000184,2024-02-01 01:38:02,A100154,,withdrawal,61.2,utilities,IN,online,normal transaction,0,1,3,0,8,3,3,3,40.89833333333333,30.045973052418635,6,40.89833333333333,30.045973052418635,6,0,0.6756867536145805,0.06756867536145805
T0000185,2024-02-01 02:26:59,A100058,,withdrawal,70.63,grocery,CN,online,normal transaction,0,2,3,0,1,1,3,3,50.725,47.808839838116405,4,50.725,47.808839838116405,4,1,0.4163455890386365,0.04163455890386365
T0000186,2024-02-01 04:18:03,A100195,A100193,transfer,7.28,travel,UA,mobile,normal transaction,0,4,3,1,7,6,2,2,25.264,10.597437426095045,5,25.264,10.597437426095045,5,4,-1.6970138704195106,0.16970138704195106
T0000187,2024-02-01 06:47:03,A100071,A100046,transfer,129.91,salary,UA,online,normal transaction,0,6,3,1,5,6,3,2,59.90888888888888,64.24285358007621,9,59.90888888888888,64.24285358007621,9,6,1.089632638036927,0.1089632638036927
T0000188,2024-02-01 06:56:01,A100120,,withdrawal,58.94,remittance,RU,atm,normal transaction,0,6,3,0,4,5,0,3,61.4725,37.51498844906304,4,61.4725,37.51498844906304,4,2,-0.06750634978689164,0.006750634978689165
T0000189,2024-02-01 09:48:02,A100082,A100171,transfer,45.21,electronics,GB,atm,normal transaction,0,9,3,1,0,2,0,2,53.09333333333333,56.750026842871776,6,53.093333333333334,56.750026842871776,6,4,-0.13891329454781118,0.013891329454781118
T0000190,2024-02-01 10:15:14,A100105,A100177,transfer,6.64,other,CN,mobile,normal transaction,0,10,3,1,3,1,2,2,976.9714285714286,2464.683787597837,7,976.9714285714286,2464.683787597837,7,4,-0.3936940848397643,0.03936940848397643
T0000191,2024-02-01 11:30:30,A100194,A100140,transfer,40.59,grocery,UA,online,normal transaction,0,11,3,1,1,6,3,2,46.527142857142856,44.86537369891013,7,46.527142857142856,44.86537369891013,7,5,-0.13233240326168674,0.013233240326168674
T0000192,2024-02-01 11:35:21,A100080,A100064,transfer,17.35,remittance,US,mobile,normal transaction,0,11,3,1,4,7,2,2,12.294,7.541288351468866,5,12.294,7.541288351468866,5,2,0.67044238251052,0.067044238251052
T0000193,2024-02-01 12:05:57,A100131,,payment,11.23,grocery,UA,mobile,normal transaction,0,12,3,0,1,6,2,1,55.574,40.22363024392503,5,55.574,40.22363024392503,5,2,-1.1024365187490939,0.11024365187490939
T0000194,2024-02-01 15:42:02,A100013,A100048,transfer,32.85,remittance,UA,mobile,normal transaction,0,15,3,1,4,6,2,2,27.01333333333333,8.38886364970449,3,27.013333333333332,8.38886364970449,3,1,0.695763599770593,0.0695763599770593
T0000195,2024-02-01 16:03:51,A100194,A100013,transfer,145.47,health,CN,branch,normal transaction,0,16,3,1,2,1,1,2,46.527142857142856,44.86537369891013,7,46.527142857142856,44.86537369891013,7,5,2.205327779091538,0.2205327779091538
T0000196,2024-02-01 19:35:59,A100073,A100112,transfer,11.74,other,US,online,normal transaction,0,19,3,1,3,7,3,2,50.94,51.68395495702704,4,50.94,51.68395495702704,4,2,-0.7584558742483468,0.07584558742483469
T0000197,2024-02-01 20:56:05,A100161,A100155,transfer,27.38,health,GB,atm,normal transaction,0,20,3,1,2,2,0,2,37.69,14.580541828066613,2,37.69,14.580541828066611,2,1,-0.7071067326899455,0.07071067326899455
T0000198,2024-02-02 01:05:15,A100141,A100003,transfer,8.18,salary,US,branch,normal transaction,0,1,4,1,5,7,1,2,25.9625,15.094826691855156,8,25.9625,15.094826691855156,8,6,-1.178052533159756,0.1178052533159756
T0000199,2024-02-02 01:31:00,A100029,,withdrawal,58.15,other,US,branch,normal transaction,0,1,4,0,3,7,1,3,1144.47,2724.902909162086,6,1144.47,2724.902909162086,6,3,-0.3986637453939165,0.03986637453939165
T0000200,2024-02-02 02:38:45,A100127,,withdrawal,18.31,utilities,CN,mobile,normal transaction,0,2,4,0,8,1,2,3,1187.0942105263157,1118.0985360836485,19,1187.0942105263157,1118.0985360836485,19,2,-1.0453320273317515,0.10453320273317515
T0000201,2024-02-02 03:24:26,A100123,,payment,13.96,other,NG,mobile,normal transaction,0,3,4,0,3,4,2,1,1932.0075,3723.909825504864,4,1932.0075,3723.909825504864,4,2,-0.5150628208954819,0.051506282089548196
T0000202,2024-02-02 03:44:30,A100141,A100037,transfer,43.4,salary,NG,branch,normal transaction,0,3,4,1,5,4,1,2,25.9625,15.094826691855156,8,25.9625,15.094826691855156,8,6,1.1551970221832277,0.11551970221832278
T0000203,2024-02-02 04:13:01,A100017,A100070,transfer,31.49,salary,AE,atm,normal transaction,0,4,4,1,5,0,0,2,32.586,17.894505581323003,5,32.586,17.894505581323003,5,3,-0.061247846931075815,0.006124784693107581
T0000204,2024-02-02 18:10:23,A100000,,payment,18.6,utilities,CN,mobile,normal transaction,0,18,4,0,8,1,2,1,31.478,16.984412559756077,5,31.477999999999998,16.984412559756077,5,1,-0.7582245895444943,0.07582245895444943
T0000205,2024-02-02 18:55:21,A100038,A100114,transfer,70.48,other,AE,atm,normal transaction,0,18,4,1,3,0,0,2,73.49000000000001,48.26947068282394,9,73.49000000000001,48.26947068282394,9,5,-0.06235825450459766,0.006235825450459765
T0000206,2024-02-03 05:31:26,A100141,A100195,transfer,6.24,salary,UA,atm,normal transaction,0,5,5,1,5,6,0,2,25.9625,15.094826691855156,8,25.9625,15.094826691855156,8,6,-1.3065733774915387,0.13065733774915386
T0000207,2024-02-03 11:23:37,A100048,,withdrawal,57.02,health,RU,branch,normal transaction,0,11,5,0,2,5,1,3,41.14,12.56066081064209,4,41.14,12.56066081064209,4,1,1.2642645936494832,0.1264264593649483
T0000208,2024-02-03 12:57:28,A100198,A100105,transfer,6.5,grocery,AE,mobile,normal transaction,0,12,5,1,1,0,2,2,8.865,3.34461507501237,2,8.865,3.34461507501237,2,1,-0.7071065697701202,0.07071065697701202
T0000209,2024-02-03 13:26:44,A100180,A100097,transfer,34.75,salary,GB,mobile,normal transaction,0,13,5,1,5,2,2,2,752.1566666666666,2108.24314388782,9,752.1566666666666,2108.24314388782,9,5,-0.3402864932378755,0.03402864932378755
T0000210,2024-02-03 14:48:28,A100009,A100032,transfer,31.0,remittance,US,mobile,normal transaction,0,14,5,1,4,7,2,2,28.97125,14.478163298567951,8,28.971249999999998,14.478163298567951,8,3,0.14012480851599868,0.014012480851599868
T0000211,2024-02-03 17:50:59,A100025,,deposit,9.86,other,IN,branch,normal transaction,0,17,5,0,3,3,1,0,2292.535714285714,2700.483736765335,14,2292.535714285714,2700.483736765335,14,6,-0.8452840068478401,0.08452840068478401
T0000212,2024-02-03 19:29:28,A100104,,deposit,90.59,travel,US,mobile,normal transaction,0,19,5,0,7,7,2,0,511.62777777777774,1407.0761544047446,9,511.62777777777774,1407.0761544047446,9,3,-0.299228848531419,0.0299228848531419
T0000213,2024-02-03 20:39:59,A100067,A100086,transfer,18.6,salary,US,atm,normal transaction,0,20,5,1,5,7,0,2,54.98,40.51356809761391,3,54.98,40.51356809761391,3,3,-0.8979707493147681,0.0897970749314768
T0000214,2024-02-04 02:22:43,A100172,A100136,transfer,2.8,salary,AE,mobile,normal transaction,0,2,6,1,5,0,2,2,50.626666666666665,55.44548794386549,3,50.626666666666665,55.445487943865494,3,1,-0.8625889603947343,0.08625889603947343
T0000215,2024-02-04 04:05:41,A100138,,payment,14.93,grocery,US,branch,normal transaction,0,4,6,0,1,7,1,1,14.93,0.0,1,14.93,0.0,1,0,0.0,0.0
T0000216,2024-02-04 11:11:49,A100161,,payment,48.0,utilities,NG,online,normal transaction,0,11,6,0,8,4,3,1,37.69,14.580541828066613,2,37.69,14.580541828066611,2,1,0.7071067326899457,0.07071067326899458
T0000217,2024-02-04 22:20:29,A100111,,withdrawal,18.1,electronics,US,mobile,normal transaction,0,22,6,0,0,7,2,3,42.46,34.29482468245027,4,42.46,34.29482468245027,4,1,-0.7103112354487275,0.07103112354487276
T0000218,2024-02-04 22:36:59,A100042,A100177,transfer,106.46,utilities,IN,online,normal transaction,0,22,6,1,8,3,3,2,713.518,1464.4911506287774,5,713.518,1464.4911506287774,5,2,-0.41451803879104515,0.041451803879104514
T0000219,2024-02-04 23:13:07,A100083,,payment,42.71,grocery,CN,atm,normal transaction,0,23,6,0,1,1,0,1,26.2,18.75348767562983,3,26.2,18.75348767562983,3,1,0.8803695294014684,0.08803695294014684
T0000220,2024-02-05 00:07:09,A100095,,withdrawal,49.13,salary,GB,branch,normal transaction,0,0,0,0,5,2,1,3,3601.35625,10107.173301680255,8,3601.35625,10107.173301680257,8,3,-0.3514559554507695,0.03514559554507695
T0000221,2024-02-05 04:29:45,A100135,A100105,transfer,21.74,travel,GB,branch,normal transaction,0,4,0,1,7,2,1,2,34.715,20.515267241739743,6,34.715,20.515267241739746,6,1,-0.6324557810851071,0.06324557810851071
T0000222,2024-02-05 06:16:25,A100020,,payment,110.08,salary,NG,mobile,normal transaction,0,6,0,0,5,4,2,1,51.522000000000006,41.00858593026587,5,51.522000000000006,41.00858593026587,5,2,1.4279448374940713,0.14279448374940712
T0000223,2024-02-05 08:35:12,A100149,A100036,transfer,22.02,health,UA,atm,normal transaction,0,8,0,1,2,6,0,2,46.22,24.69688948025642,5,46.22,24.69688948025642,5,1,-0.9798804436269556,0.09798804436269556
T0000224,2024-02-05 11:04:16,A100117,A100065,transfer,33.73,grocery,UA,atm,normal transaction,0,11,0,1,1,6,0,2,60.655,38.07770016689558,2,60.655,38.07770016689558,2,2,-0.7071067626164461,0.07071067626164461
T0000225,2024-02-05 12:07:41,A100173,,payment,177.05,travel,US,mobile,normal transaction,0,12,0,0,7,7,2,1,3959.346363636364,2466.1208181566158,11,3959.3463636363635,2466.1208181566153,11,1,-1.5337027830330976,0.15337027830330976
T0000226,2024-02-05 14:03:55,A100088,A100150,transfer,41.91,utilities,RU,atm,normal transaction,0,14,0,1,8,5,0,2,46.15166666666667,27.523971673191834,6,46.15166666666667,27.523971673191834,6,5,-0.1541080830529246,0.01541080830529246
T0000227,2024-02-05 14:33:45,A100116,,payment,71.58,utilities,NG,mobile,normal transaction,0,14,0,0,8,4,2,1,35.215,29.58192522470436,4,35.215,29.58192522470436,4,1,1.2292979072346877,0.12292979072346877
T0000228,2024-02-05 18:30:53,A100123,A100027,transfer,46.46,health,RU,atm,normal transaction,0,18,0,1,2,5,0,2,1932.0075,3723.909825504864,4,1932.0075,3723.909825504864,4,2,-0.5063354344886786,0.050633543448867856
T0000229,2024-02-05 22:23:08,A100147,A100075,transfer,21.86,utilities,IN,mobile,normal transaction,0,22,0,1,8,3,2,2,48.83166666666667,42.54309693318843,6,48.83166666666667,42.54309693318843,6,1,-0.6339845468946379,0.06339845468946378
T0000230,2024-02-06 07:21:31,A100070,,payment,20.92,grocery,IN,mobile,normal transaction,0,7,1,0,1,3,2,1,47.252,34.02397639900428,5,47.251999999999995,34.023976399004276,5,3,-0.7739248028295073,0.07739248028295073
T0000231,2024-02-06 08:30:04,A100073,A100198,transfer,14.16,health,AE,branch,normal transaction,0,8,1,1,2,0,1,2,50.94,51.68395495702704,4,50.94,51.68395495702704,4,2,-0.7116328330319949,0.07116328330319949
T0000232,2024-02-06 08:38:15,A100162,A100048,transfer,53.46,utilities,GB,online,normal transaction,0,8,1,1,8,2,3,2,68.56333333333333,48.15342923060274,6,68.56333333333333,48.15342923060274,6,5,-0.31365020645475794,0.03136502064547579
T0000233,2024-02-06 10:18:43,A100160,,payment,46.23,grocery,CN,mobile,normal transaction,0,10,1,0,1,1,2,1,83.14750000000001,84.9639415533773,8,83.14750000000001,84.9639415533773,8,1,-0.43450784992477437,0.04345078499247744
T0000234,2024-02-06 10:46:51,A100008,,payment,25.28,remittance,GB,online,normal transaction,0,10,1,0,4,2,3,1,46.3925,41.44264741784723,4,46.3925,41.44264741784723,4,2,-0.50943896700646,0.050943896700645995
T0000235,2024-02-06 17:09:53,A100075,,deposit,12.44,remittance,RU,branch,normal transaction,0,17,1,0,4,5,1,0,4944.955,2602.4819475742765,10,4944.955,2602.4819475742765,10,1,-1.8953118974378251,0.18953118974378252
T0000236,2024-02-06 18:12:22,A100051,A100033,transfer,79.01,remittance,CN,branch,normal transaction,0,18,1,1,4,1,1,2,88.514,94.09615682906502,5,88.514,94.09615682906502,5,2,-0.10100306132865644,0.010100306132865644
T0000237,2024-02-06 22:56:31,A100065,A100123,transfer,128.46,utilities,AE,online,normal transaction,0,22,1,1,8,0,3,2,6100.39875,3698.5214383605376,8,6100.39875,3698.5214383605376,8,2,-1.6146827449599777,0.16146827449599777
T0000238,2024-02-07 00:06:08,A100119,A100019,transfer,5.59,travel,NG,mobile,normal transaction,0,0,2,1,7,4,2,2,18.49,11.417650809163854,5,18.490000000000002,11.417650809163854,5,4,-1.1298295144756831,0.11298295144756831
T0000239,2024-02-07 02:34:54,A100142,,payment,147.83,remittance,US,mobile,normal transaction,0,2,2,0,4,7,2,1,78.33500000000001,98.28077151711824,2,78.33500000000001,98.28077151711824,2,0,0.7071067739917855,0.07071067739917855
T0000240,2024-02-07 03:14:51,A100003,A100067,transfer,382.13,electronics,UA,atm,normal transaction,0,3,2,1,0,6,0,2,159.408,129.09829518626495,5,159.408,129.09829518626495,5,2,1.7252125440807784,0.17252125440807783
T0000241,2024-02-07 03:19:14,A100172,,payment,37.68,utilities,RU,atm,normal transaction,0,3,2,0,8,5,0,1,50.626666666666665,55.44548794386549,3,50.626666666666665,55.445487943865494,3,1,-0.23350261515006604,0.023350261515006604
T0000242,2024-02-07 14:04:49,A100027,A100172,transfer,53.57,health,UA,online,normal transaction,0,14,2,1,2,6,3,2,86.375,155.1810511260039,8,86.375,155.18105112600387,8,5,-0.2113982316176269,0.021139823161762692
T0000243,2024-02-07 18:59:37,A100158,,withdrawal,41.42,remittance,NG,online,normal transaction,0,18,2,0,4,4,3,3,1869.3775,3692.639370408607,4,1869.3775,3692.6393704086067,4,2,-0.4950273547299316,0.04950273547299316
T0000244,2024-02-07 22:25:42,A100162,A100118,transfer,162.91,utilities,RU,online,normal transaction,0,22,2,1,8,5,3,2,68.56333333333333,48.15342923060274,6,68.56333333333333,48.15342923060274,6,5,1.9592927485092628,0.1959292748509263
T0000245,2024-02-08 09:19:22,A100035,,payment,19.86,grocery,IN,atm,normal transaction,0,9,3,0,1,3,0,1,54.12571428571429,44.52025376430479,7,54.12571428571429,44.52025376430479,7,2,-0.7696657278158181,0.07696657278158181
T0000246,2024-02-08 11:43:12,A100126,,deposit,35.01,electronics,US,branch,normal transaction,0,11,3,0,0,7,1,0,3737.764545454545,2930.546239714922,11,3737.764545454545,2930.5462397149226,11,2,-1.2635031974623399,0.12635031974623398
T0000247,2024-02-08 15:17:55,A100137,A100034,transfer,98.91,salary,UA,atm,normal transaction,0,15,3,1,5,6,0,2,135.2375,133.4397043299582,4,135.2375,133.4397043299582,4,3,-0.27223906040688944,0.027223906040688944
T0000248,2024-02-08 15:31:25,A100171,A100190,transfer,12.04,salary,GB,mobile,normal transaction,0,15,3,1,5,2,2,2,827.78875,2093.1817233814686,8,827.78875,2093.1817233814686,8,6,-0.38971711844133,0.038971711844133
T0000249,2024-02-08 18:36:25,A100167,,payment,6.33,electronics,UA,mobile,normal transaction,0,18,3,0,0,6,2,1,419.275,1034.1869614892105,8,419.275,1034.1869614892105,8,5,-0.3992943393968846,0.03992943393968846
T0000250,2024-02-08 20:18:27,A100071,A100008,transfer,23.67,remittance,NG,mobile,normal transaction,0,20,3,1,4,4,2,2,59.90888888888888,64.24285358007621,9,59.90888888888888,64.24285358007621,9,6,-0.5640921332927153,0.05640921332927153
T0000251,2024-02-08 21:19:30,A100113,A100060,transfer,175.74,remittance,US,atm,normal transaction,0,21,3,1,4,7,0,2,75.43,70.7530658935239,4,75.43,70.7530658935239,4,3,1.4177477302991863,0.14177477302991864
T0000252,2024-02-08 21:55:56,A100139,,withdrawal,2.23,remittance,IN,mobile,normal transaction,0,21,3,0,4,3,2,3,26.735,34.655303345952696,2,26.735,34.655303345952696,2,1,-0.707106760782549,0.0707106760782549
T0000253,2024-02-09 07:47:07,A100070,A100048,transfer,31.37,electronics,UA,online,normal transaction,0,7,4,1,0,6,3,2,47.252,34.02397639900428,5,47.251999999999995,34.023976399004276,5,3,-0.46678845961333104,0.04667884596133311
T0000254,2024-02-09 11:15:39,A100169,A100054,transfer,25.31,grocery,IN,atm,normal transaction,0,11,4,1,1,3,0,2,3002.918333333333,2151.928646611235,12,3002.9183333333335,2151.928646611235,12,3,-1.383692873199421,0.13836928731994208
T0000255,2024-02-09 11:37:03,A100062,,payment,10.95,travel,NG,online,normal transaction,0,11,4,0,7,4,3,1,56.871428571428574,59.561764421081264,7,56.871428571428574,59.561764421081264,7,1,-0.7709883722683474,0.07709883722683473
T0000256,2024-02-09 14:24:27,A100195,A100141,transfer,33.58,health,NG,branch,normal transaction,0,14,4,1,2,4,1,2,25.264,10.597437426095045,5,25.264,10.597437426095045,5,4,0.7847179351873137,0.07847179351873138
T0000257,2024-02-09 15:20:59,A100084,,payment,32.33,travel,IN,atm,normal transaction,0,15,4,0,7,3,0,1,3508.465,2087.9891353274456,12,3508.465,2087.9891353274456,12,2,-1.6648242749548774,0.16648242749548775
T0000258,2024-02-09 16:16:05,A100037,,withdrawal,32.05,travel,CN,branch,normal transaction,0,16,4,0,7,1,1,3,31.345,0.9970205614730296,2,31.345,0.9970205614730296,2,1,0.7071060719674006,0.07071060719674006
T0000259,2024-02-09 19:35:46,A100028,,deposit,19.23,grocery,GB,online,normal transaction,0,19,4,0,1,2,3,0,809.96375,1481.7660718879397,8,809.96375,1481.7660718879395,8,6,-0.5336427689013502,0.05336427689013502
T0000260,2024-02-10 01:34:19,A100091,A100060,transfer,2.34,remittance,IN,branch,normal transaction,0,1,5,1,4,3,1,2,32.276,37.3156901316323,5,32.276,37.3156901316323,5,3,-0.8022362467949422,0.08022362467949422
T0000261,2024-02-10 03:37:13,A100067,A100013,transfer,98.64,travel,RU,online,normal transaction,0,3,5,1,7,5,3,2,54.98,40.51356809761391,3,54.98,40.51356809761391,3,3,1.0776636315305879,0.10776636315305879
T0000262,2024-02-10 04:17:42,A100190,,withdrawal,8.11,electronics,UA,mobile,normal transaction,0,4,5,0,0,6,2,3,19.235,15.35222350888192,4,19.235,15.35222350888192,4,2,-0.7246506845678105,0.07246506845678105
T0000263,2024-02-10 08:25:34,A100199,A100092,transfer,15.21,electronics,UA,branch,normal transaction,0,8,5,1,0,6,1,2,49.02111111111111,46.28122525507629,9,49.02111111111111,46.28122525507629,9,5,-0.7305578059829948,0.07305578059829948
T0000264,2024-02-10 08:31:44,A100157,,withdrawal,84.41,grocery,CN,mobile,normal transaction,0,8,5,0,1,1,2,3,54.12,30.12394272003583,9,54.12,30.12394272003583,9,5,1.0055124349423652,0.10055124349423653
T0000265,2024-02-10 08:38:19,A100164,,withdrawal,118.1,grocery,IN,mobile,normal transaction,0,8,5,0,1,3,2,3,65.32000000000001,59.02054388092336,6,65.32000000000001,59.02054388092336,6,3,0.8942648717744989,0.08942648717744989
T0000266,2024-02-10 09:41:22,A100102,A100109,transfer,19.6,electronics,UA,mobile,normal transaction,0,9,5,1,0,6,2,2,100.65999999999998,141.64025946036668,3,100.65999999999998,141.64025946036668,3,2,-0.5722949092054368,0.05722949092054368
T0000267,2024-02-10 13:55:12,A100018,,withdrawal,54.02,electronics,AE,branch,normal transaction,0,13,5,0,0,0,1,3,40.385,21.76861425692197,4,40.385,21.768614256921975,4,1,0.6263604661607657,0.06263604661607657
T0000268,2024-02-10 14:20:20,A100016,,withdrawal,67.42,travel,CN,atm,normal transaction,0,14,5,0,7,1,0,3,39.235,34.260815810485305,4,39.235,34.260815810485305,4,1,0.8226598961696139,0.08226598961696138
T0000269,2024-02-10 21:25:54,A100097,A100152,transfer,51.64,utilities,UA,mobile,normal transaction,0,21,5,1,8,6,2,2,67.045,62.7100533407523,6,67.045,62.7100533407523,6,4,-0.245654387672712,0.0245654387672712
T0000270,2024-02-11 01:50:35,A100025,,withdrawal,59.93,electronics,NG,mobile,normal transaction,0,1,6,0,0,4,2,3,2292.535714285714,2700.483736765335,14,2292.535714285714,2700.483736765335,14,6,-0.8267428842705078,0.08267428842705078
T0000271,2024-02-11 01:53:43,A100115,,deposit,24.3,health,RU,atm,normal transaction,0,1,6,0,2,5,0,0,64.5525,43.71799915366668,8,64.5525,43.717999153666675,8,3,-0.9207305882820438,0.09207305882820438
T0000272,2024-02-11 02:49:38,A100116,,deposit,45.88,salary,RU,online,normal transaction,0,2,6,0,5,5,3,0,35.215,29.58192522470436,4,35.215,29.58192522470436,4,1,0.3605241903109568,0.03605241903109568
T0000273,2024-02-11 05:00:57,A100080,,payment,9.48,salary,AE,atm,normal transaction,0,5,6,0,5,0,0,1,12.294,7.541288351468866,5,12.294,7.541288351468866,5,2,-0.37314574058239774,0.03731457405823978
T0000274,2024-02-11 11:49:07,A100095,A100039,transfer,16.37,other,US,online,normal transaction,0,11,6,1,3,7,3,2,3601.35625,10107.173301680255,8,3601.35625,10107.173301680257,8,3,-0.35469721777198776,0.03546972177719877
T0000275,2024-02-11 15:23:16,A100021,,withdrawal,8.1,electronics,RU,online,normal transaction,0,15,6,0,0,5,3,3,35.81333333333333,20.217495064094035,6,35.81333333333333,20.217495064094035,6,0,-1.3707599222710762,0.13707599222710762
T0000276,2024-02-11 19:18:07,A100190,A100189,transfer,4.13,remittance,GB,online,normal transaction,0,19,6,1,4,2,3,2,19.235,15.35222350888192,4,19.235,15.35222350888192,4,2,-0.9838965025075754,0.09838965025075755
T0000277,2024-02-11 20:41:49,A100150,,payment,180.63,remittance,US,mobile,normal transaction,0,20,6,0,4,7,2,1,98.085,116.73625850608713,2,98.085,116.73625850608713,2,1,0.7071067751292456,0.07071067751292456
T0000278,2024-02-12 02:27:57,A100090,,deposit,31.89,salary,IN,atm,normal transaction,0,2,0,0,5,3,0,0,32.73666666666667,6.193555790766183,3,32.73666666666667,6.193555790766183,3,0,-0.13670120340689296,0.013670120340689295
T0000279,2024-02-12 11:27:50,A100153,,payment,99.81,utilities,AE,online,normal transaction,0,11,0,0,8,0,3,1,70.415,41.570807665957126,2,70.415,41.570807665957126,2,0,0.7071067641768524,0.07071067641768523
T0000280,2024-02-12 13:40:44,A100147,,deposit,45.05,health,GB,mobile,normal transaction,0,13,0,0,2,2,2,0,48.83166666666667,42.54309693318843,6,48.83166666666667,42.54309693318843,6,1,-0.08889025130717022,0.008889025130717022
T0000281,2024-02-12 17:41:37,A100057,,withdrawal,5.99,electronics,AE,atm,normal transaction,0,17,0,0,0,0,0,3,36.855,43.64970160264558,2,36.855,43.64970160264558,2,1,-0.707106764986969,0.0707106764986969
T0000282,2024-02-12 18:17:38,A100029,,payment,33.73,utilities,NG,mobile,normal transaction,0,18,0,0,8,4,2,1,1144.47,2724.902909162086,6,1144.47,2724.902909162086,6,3,-0.40762553258601414,0.04076255325860141
T0000283,2024-02-12 19:02:50,A100143,,withdrawal,46.88,grocery,CN,online,normal transaction,0,19,0,0,1,1,3,3,41.924,25.575688260533678,5,41.924,25.575688260533674,5,1,0.19377776878325229,0.019377776878325228
T0000284,2024-02-12 19:07:17,A100046,,payment,40.28,utilities,CN,atm,normal transaction,0,19,0,0,8,1,0,1,1027.1866666666667,2337.282116561884,9,1027.1866666666667,2337.282116561884,9,3,-0.4222454188355106,0.042224541883551056
T0000285,2024-02-12 20:24:09,A100089,A100001,transfer,12.45,travel,GB,mobile,normal transaction,0,20,0,1,7,2,2,2,51.95285714285715,53.52989716481987,7,51.95285714285715,53.52989716481987,7,4,-0.7379587575755681,0.0737958757575568
T0000286,2024-02-13 00:37:04,A100017,,payment,42.78,travel,IN,online,normal transaction,0,0,1,0,7,3,3,1,32.586,17.894505581323003,5,32.586,17.894505581323003,5,3,0.569672036145426,0.056967203614542605
T0000287,2024-02-13 04:17:17,A100191,A100135,transfer,88.47,health,RU,mobile,normal transaction,0,4,1,1,2,5,2,2,35.85666666666666,34.035356126632,6,35.85666666666666,34.035356126632,6,2,1.5458434338614426,0.15458434338614427
T0000288,2024-02-13 05:03:33,A100116,,payment,5.25,remittance,GB,atm,normal transaction,0,5,1,0,4,2,0,1,35.215,29.58192522470436,4,35.215,29.58192522470436,4,1,-1.0129495886233308,0.10129495886233308
T0000289,2024-02-13 07:59:09,A100079,,deposit,9.21,remittance,US,online,normal transaction,0,7,1,0,4,7,3,0,50.64666666666667,42.194028803453534,6,50.64666666666667,42.194028803453534,6,1,-0.9820504668476848,0.09820504668476848
T0000290,2024-02-13 08:42:47,A100039,A100040,transfer,39.92,grocery,US,atm,normal transaction,0,8,1,1,1,7,0,2,37.26666666666667,9.676783212066567,3,37.26666666666667,9.676783212066567,3,2,0.2741957736357009,0.02741957736357009
T0000291,2024-02-13 09:50:20,A100113,A100169,transfer,15.56,salary,UA,mobile,normal transaction,0,9,1,1,5,6,2,2,75.43,70.7530658935239,4,75.43,70.7530658935239,4,3,-0.8461824006879901,0.084618240068799
T0000292,2024-02-13 11:12:05,A100106,A100069,transfer,12.48,health,US,atm,normal transaction,0,11,1,1,2,7,0,2,30.572000000000003,21.46311650250261,5,30.572000000000003,21.46311650250261,5,3,-0.8429343965474942,0.08429343965474942
T0000293,2024-02-13 14:32:38,A100110,A100028,transfer,94.98,utilities,UA,atm,normal transaction,0,14,1,1,8,6,0,2,94.98,0.0,1,94.98,0.0,1,1,0.0,0.0
T0000294,2024-02-13 18:54:09,A100011,,payment,14.04,health,RU,online,normal transaction,0,18,1,0,2,5,3,1,47.64142857142857,40.75138256491896,7,47.64142857142857,40.75138256491896,7,5,-0.8245469388272386,0.08245469388272386
T0000295,2024-02-13 19:01:45,A100001,,withdrawal,66.71,health,CN,branch,normal transaction,0,19,1,0,2,1,1,3,63.51249999999999,60.7939478210345,4,63.51249999999999,60.7939478210345,4,1,0.052595695163885806,0.005259569516388581
T0000296,2024-02-13 22:38:43,A100196,,deposit,428.41,travel,CN,atm,normal transaction,0,22,1,0,7,1,0,0,237.1,270.5531966175968,2,237.10000000000002,270.5531966175968,2,1,0.7071067785729884,0.07071067785729884
T0000297,2024-02-14 00:16:21,A100083,,payment,30.08,electronics,IN,mobile,normal transaction,0,0,2,0,0,3,2,1,26.2,18.75348767562983,3,26.2,18.75348767562983,3,1,0.2068948379211203,0.02068948379211203
T0000298,2024-02-14 00:43:24,A100191,,deposit,31.98,salary,GB,branch,normal transaction,0,0,2,0,5,2,1,0,35.85666666666666,34.035356126632,6,35.85666666666666,34.035356126632,6,2,-0.11390116026234512,0.011390116026234512
T0000299,2024-02-14 05:23:15,A100097,A100136,transfer,194.57,health,AE,online,normal transaction,0,5,2,1,2,0,3,2,67.045,62.7100533407523,6,67.045,62.7100533407523,6,4,2.033565451993677,0.2033565451993677
T0000300,2024-02-14 06:31:08,A100101,,payment,62.33,grocery,RU,online,normal transaction,0,6,2,0,1,5,3,1,67.79363636363637,56.52898588737061,11,67.79363636363637,56.52898588737061,11,7,-0.09665194202970978,0.009665194202970979
T0000301,2024-02-14 07:47:22,A100117,A100019,transfer,87.58,remittance,RU,mobile,normal transaction,0,7,2,1,4,5,2,2,60.655,38.07770016689558,2,60.655,38.07770016689558,2,2,0.7071067626164459,0.0707106762616446
T0000302,2024-02-14 09:34:50,A100181,,deposit,30.74,salary,CN,online,normal transaction,0,9,2,0,5,1,3,0,40.987142857142864,25.057577506139545,7,40.987142857142864,25.057577506139545,7,3,-0.40894385922534915,0.040894385922534915
T0000303,2024-02-14 10:23:58,A100103,A100005,transfer,61.6,remittance,GB,mobile,normal transaction,0,10,2,1,4,2,2,2,111.124,104.71567351643208,5,111.124,104.71567351643208,5,2,-0.47293779301616057,0.04729377930161606
T0000304,2024-02-14 18:39:07,A100176,A100092,transfer,57.96,electronics,RU,online,normal transaction,0,18,2,1,0,5,3,2,31.49,23.07923958885994,3,31.49,23.07923958885994,3,1,1.14691815348451,0.114691815348451
T0000305,2024-02-14 23:21:58,A100062,,payment,97.59,salary,RU,online,normal transaction,0,23,2,0,5,5,3,1,56.871428571428574,59.561764421081264,7,56.871428571428574,59.561764421081264,7,1,0.6836360732544626,0.06836360732544626
T0000306,2024-02-15 00:30:54,A100101,A100079,transfer,50.89,remittance,NG,atm,normal transaction,0,0,3,1,4,4,0,2,67.79363636363637,56.52898588737061,11,67.79363636363637,56.52898588737061,11,7,-0.29902599169724164,0.029902599169724164
T0000307,2024-02-15 01:18:41,A100199,A100043,transfer,40.76,electronics,US,branch,normal transaction,0,1,3,1,0,7,1,2,49.02111111111111,46.28122525507629,9,49.02111111111111,46.28122525507629,9,5,-0.17849810343357106,0.017849810343357107
T0000308,2024-02-15 11:11:41,A100198,,deposit,11.23,remittance,AE,branch,normal transaction,0,11,3,0,4,0,1,0,8.865,3.34461507501237,2,8.865,3.34461507501237,2,1,0.7071065697701202,0.07071065697701202
T0000309,2024-02-15 21:31:25,A100060,,payment,94.93,electronics,GB,atm,normal transaction,0,21,3,0,0,2,0,1,40.076,32.51319316831246,5,40.076,32.51319316831246,5,2,1.6871304528258568,0.16871304528258568
T0000310,2024-02-16 09:04:20,A100050,A100044,transfer,34.07,travel,US,branch,normal transaction,0,9,4,1,7,7,1,2,62.586,50.17527408993398,5,62.586,50.17527408993398,5,3,-0.5683277261337984,0.056832772613379844
T0000311,2024-02-16 10:36:34,A100197,,payment,34.12,other,UA,mobile,normal transaction,0,10,4,0,3,6,2,1,75.69833333333334,62.819306400713046,6,75.69833333333334,62.819306400713046,6,2,-0.6618718838797862,0.06618718838797863
T0000312,2024-02-16 10:45:37,A100174,A100144,transfer,21.45,remittance,AE,branch,normal transaction,0,10,4,1,4,0,1,2,62.17428571428571,69.56584072113334,7,62.17428571428571,69.56584072113334,7,5,-0.585406353272286,0.0585406353272286
T0000313,2024-02-16 11:04:50,A100112,A100017,transfer,24.31,other,UA,atm,normal transaction,0,11,4,1,3,6,0,2,1499.936,3280.3214547861007,5,1499.936,3280.3214547861007,5,3,-0.44984188893962496,0.044984188893962496
T0000314,2024-02-16 12:44:30,A100070,A100151,transfer,27.47,grocery,AE,online,normal transaction,0,12,4,1,1,0,3,2,47.252,34.02397639900428,5,47.251999999999995,34.023976399004276,5,3,-0.5814135063638658,0.05814135063638658
T0000315,2024-02-16 15:50:36,A100079,,payment,21.33,other,UA,online,normal transaction,0,15,4,0,3,6,3,1,50.64666666666667,42.194028803453534,6,50.64666666666667,42.194028803453534,6,1,-0.694806037802702,0.0694806037802702
T0000316,2024-02-16 17:22:43,A100014,A100094,transfer,43.25,utilities,US,online,normal transaction,0,17,4,1,8,7,3,2,36.31666666666667,10.810801697068232,3,36.31666666666667,10.810801697068232,3,3,0.6413338146679499,0.064133381466795
T0000317,2024-02-16 18:26:22,A100157,,deposit,80.61,salary,UA,online,normal transaction,0,18,4,0,5,6,3,0,54.12,30.12394272003583,9,54.12,30.12394272003583,9,5,0.8793669330347724,0.08793669330347724
T0000318,2024-02-17 02:36:12,A100115,,deposit,35.96,health,AE,mobile,normal transaction,0,2,5,0,2,0,2,0,64.5525,43.71799915366668,8,64.5525,43.717999153666675,8,3,-0.6540212246557191,0.06540212246557191
T0000319,2024-02-17 13:47:43,A100128,,payment,96.11,travel,IN,mobile,normal transaction,0,13,5,0,7,3,2,1,55.67666666666667,46.5626329438818,6,55.67666666666667,46.562632943881795,6,4,0.8683643924023796,0.08683643924023796
T0000320,2024-02-18 14:31:26,A100026,A100087,transfer,19.74,electronics,GB,online,normal transaction,0,14,6,1,0,2,3,2,2573.386923076923,2424.7499487314303,13,2573.386923076923,2424.7499487314303,13,5,-1.0531588724683836,0.10531588724683835
T0000321,2024-02-18 17:08:19,A100063,A100181,transfer,135.55,other,UA,branch,normal transaction,0,17,6,1,3,6,1,2,46.53,52.87252310983465,7,46.529999999999994,52.87252310983465,7,4,1.6836722191487294,0.16836722191487294
T0000322,2024-02-19 01:24:51,A100093,,payment,21.21,remittance,CN,mobile,normal transaction,0,1,0,0,4,1,2,1,1022.998,2219.563042215742,5,1022.9979999999999,2219.563042215742,5,1,-0.4513446928493601,0.04513446928493601
T0000323,2024-02-19 03:36:08,A100104,A100198,transfer,141.65,remittance,IN,atm,normal transaction,0,3,0,1,4,3,0,2,511.62777777777774,1407.0761544047446,9,511.62777777777774,1407.0761544047446,9,3,-0.2629408339816219,0.026294083398162187
T0000324,2024-02-19 04:41:36,A100016,,deposit,8.63,remittance,US,mobile,normal transaction,0,4,0,0,4,7,2,0,39.235,34.260815810485305,4,39.235,34.260815810485305,4,1,-0.8932945226989899,0.089329452269899
T0000325,2024-02-19 06:05:56,A100072,,withdrawal,13.21,utilities,GB,atm,normal transaction,0,6,0,0,8,2,0,3,13.21,0.0,1,13.21,0.0,1,0,0.0,0.0
T0000326,2024-02-19 06:16:15,A100020,,deposit,31.99,travel,AE,atm,normal transaction,0,6,0,0,7,0,0,0,51.522000000000006,41.00858593026587,5,51.522000000000006,41.00858593026587,5,2,-0.4762904908967897,0.04762904908967897
T0000327,2024-02-19 08:12:39,A100167,A100178,transfer,41.86,salary,GB,online,normal transaction,0,8,0,1,5,2,3,2,419.275,1034.1869614892105,8,419.275,1034.1869614892105,8,5,-0.36493884924984,0.036493884924983996
T0000328,2024-02-19 09:11:44,A100079,,payment,88.62,salary,AE,branch,normal transaction,0,9,0,0,5,0,1,1,50.64666666666667,42.194028803453534,6,50.64666666666667,42.194028803453534,6,1,0.8999693442465471,0.0899969344246547
T0000329,2024-02-19 20:46:40,A100171,A100179,transfer,26.74,electronics,RU,atm,normal transaction,0,20,0,1,0,5,0,2,827.78875,2093.1817233814686,8,827.78875,2093.1817233814686,8,6,-0.38269431682369026,0.03826943168236903
T0000330,2024-02-20 00:34:45,A100004,,withdrawal,39.11,remittance,CN,branch,normal transaction,0,0,1,0,4,1,1,3,111.05666666666669,135.7268526612672,3,111.05666666666667,135.7268526612672,3,1,-0.5300842443914864,0.05300842443914864
T0000331,2024-02-20 04:19:20,A100054,A100087,transfer,54.19,other,NG,branch,normal transaction,0,4,1,1,3,4,1,2,65.89555555555555,75.70479246902258,9,65.89555555555555,75.70479246902258,9,2,-0.154621061879593,0.0154621061879593
T0000332,2024-02-20 05:22:16,A100035,,withdrawal,17.76,travel,US,atm,normal transaction,0,5,1,0,7,7,0,3,54.12571428571429,44.52025376430479,7,54.12571428571429,44.52025376430479,7,2,-0.8168352692103504,0.08168352692103505
T0000333,2024-02-20 11:25:12,A100025,A100129,transfer,19.0,grocery,AE,branch,normal transaction,0,11,1,1,1,0,1,2,2292.535714285714,2700.483736765335,14,2292.535714285714,2700.483736765335,14,6,-0.8418994280510194,0.08418994280510193
T0000334,2024-02-20 11:39:29,A100152,,payment,137.07,salary,GB,branch,normal transaction,0,11,1,0,5,2,1,1,83.35799999999999,60.30495891715705,5,83.35799999999999,60.30495891715705,5,1,0.890673007225044,0.08906730072250439
T0000335,2024-02-20 16:25:16,A100046,,withdrawal,18.71,travel,UA,online,normal transaction,0,16,1,0,7,6,3,3,1027.1866666666667,2337.282116561884,9,1027.1866666666667,2337.282116561884,9,3,-0.43147408654230013,0.043147408654230016
T0000336,2024-02-20 23:11:19,A100105,,withdrawal,40.57,remittance,NG,mobile,normal transaction,0,23,1,0,4,4,2,3,976.9714285714286,2464.683787597837,7,976.9714285714286,2464.683787597837,7,4,-0.3799276129876884,0.03799276129876884
T0000337,2024-02-21 02:47:01,A100156,A100072,transfer,7.27,other,NG,branch,normal transaction,0,2,2,1,3,4,1,2,32.262,25.286964428337377,5,32.262,25.286964428337377,5,2,-0.9883352777472132,0.09883352777472132
T0000338,2024-02-21 03:10:02,A100079,,payment,17.94,other,NG,atm,normal transaction,0,3,2,0,3,4,0,1,50.64666666666667,42.194028803453534,6,50.64666666666667,42.194028803453534,6,1,-0.775149157807858,0.0775149157807858
T0000339,2024-02-21 11:57:03,A100173,,payment,22.47,other,UA,atm,normal transaction,0,11,2,0,3,6,0,1,3959.346363636364,2466.1208181566158,11,3959.3463636363635,2466.1208181566153,11,1,-1.5963842213467587,0.15963842213467588
T0000340,2024-02-21 19:52:35,A100199,,payment,63.98,salary,RU,branch,normal transaction,0,19,2,0,5,5,1,1,49.02111111111111,46.28122525507629,9,49.02111111111111,46.28122525507629,9,5,0.3232172113686841,0.03232172113686841
T0000341,2024-02-21 20:14:25,A100051,A100154,transfer,247.2,travel,CN,online,normal transaction,0,20,2,1,7,1,3,2,88.514,94.09615682906502,5,88.514,94.09615682906502,5,2,1.6864237994527767,0.16864237994527767
T0000342,2024-02-21 22:06:19,A100164,,withdrawal,32.04,other,AE,online,normal transaction,0,22,2,0,3,0,3,3,65.32000000000001,59.02054388092336,6,65.32000000000001,59.02054388092336,6,3,-0.5638714462420489,0.05638714462420489
T0000343,2024-02-21 22:26:36,A100182,,withdrawal,199.25,electronics,CN,online,normal transaction,0,22,2,0,0,1,3,3,109.8275,60.11029882640744,4,109.8275,60.11029882640744,4,2,1.4876402256891628,0.14876402256891627
T0000344,2024-02-22 03:02:31,A100195,,deposit,32.58,travel,CN,mobile,normal transaction,0,3,3,0,7,1,2,0,25.264,10.597437426095045,5,25.264,10.597437426095045,5,4,0.6903555091186132,0.06903555091186132
T0000345,2024-02-22 05:39:43,A100131,A100037,transfer,108.68,salary,US,branch,normal transaction,0,5,3,1,5,7,1,2,55.574,40.22363024392503,5,55.574,40.22363024392503,5,2,1.320268666892689,0.1320268666892689
T0000346,2024-02-22 12:37:35,A100115,A100089,transfer,65.49,grocery,RU,online,normal transaction,0,12,3,1,1,5,3,2,64.5525,43.71799915366668,8,64.5525,43.717999153666675,8,3,0.021444256294998226,0.0021444256294998226
T0000347,2024-02-22 13:52:08,A100101,,payment,209.92,remittance,NG,mobile,normal transaction,0,13,3,0,4,4,2,1,67.79363636363637,56.52898588737061,11,67.79363636363637,56.52898588737061,11,7,2.5142209592317446,0.25142209592317444
T0000348,2024-02-22 20:15:19,A100020,A100095,transfer,75.22,health,IN,atm,normal transaction,0,20,3,1,2,3,0,2,51.522000000000006,41.00858593026587,5,51.522000000000006,41.00858593026587,5,2,0.5778789705750622,0.05778789705750622
T0000349,2024-02-23 01:02:15,A100025,A100182,transfer,55.0,remittance,GB,branch,normal transaction,0,1,4,1,4,2,1,2,2292.535714285714,2700.483736765335,14,2292.535714285714,2700.483736765335,14,6,-0.8285684831182458,0.08285684831182458
T0000350,2024-02-23 04:53:35,A100009,,payment,28.02,utilities,UA,branch,normal transaction,0,4,4,0,8,6,1,1,28.97125,14.478163298567951,8,28.971249999999998,14.478163298567951,8,3,-0.06570239019142,0.006570239019142001
T0000351,2024-02-23 06:31:32,A100194,A100180,transfer,38.35,other,UA,online,normal transaction,0,6,4,1,3,6,3,2,46.527142857142856,44.86537369891013,7,46.527142857142856,44.86537369891013,7,5,-0.18225954674444061,0.018225954674444062
T0000352,2024-02-23 07:13:35,A100020,,payment,34.08,grocery,CN,branch,normal transaction,0,7,4,0,1,1,1,1,51.522000000000006,41.00858593026587,5,51.522000000000006,41.00858593026587,5,2,-0.4253255551004407,0.04253255551004407
T0000353,2024-02-23 07:15:07,A100038,,withdrawal,118.92,salary,US,atm,normal transaction,0,7,4,0,5,7,0,3,73.49000000000001,48.26947068282394,9,73.49000000000001,48.26947068282394,9,5,0.9411745854298559,0.09411745854298559
T0000354,2024-02-23 11:05:24,A100060,,payment,8.5,utilities,US,online,normal transaction,0,11,4,0,8,7,3,1,40.076,32.51319316831246,5,40.076,32.51319316831246,5,2,-0.9711749585887857,0.09711749585887856
T0000355,2024-02-23 15:06:37,A100061,A100107,transfer,69.84,other,US,online,normal transaction,0,15,4,1,3,7,3,2,61.5525,43.00580997570755,4,61.5525,43.00580997570755,4,1,0.19270651597946414,0.019270651597946414
T0000356,2024-02-23 21:09:50,A100127,,deposit,42.49,grocery,NG,branch,normal transaction,0,21,4,0,1,4,1,0,1187.0942105263157,1118.0985360836485,19,1187.0942105263157,1118.0985360836485,19,2,-1.023706026404258,0.10237060264042579
T0000357,2024-02-24 10:21:01,A100074,A100109,transfer,160.37,grocery,AE,branch,normal transaction,0,10,5,1,1,0,1,2,127.475,52.76572909253379,4,127.475,52.76572909253379,4,2,0.6234159925829316,0.062341599258293155
T0000358,2024-02-24 14:21:20,A100146,,payment,21.19,salary,GB,online,normal transaction,0,14,5,0,5,2,3,1,923.3125,1702.373368220086,4,923.3125,1702.373368220086,4,2,-0.5299204723892575,0.052992047238925755
T0000359,2024-02-24 15:47:15,A100134,A100092,transfer,40.21,electronics,IN,mobile,normal transaction,0,15,5,1,0,3,2,2,68.78,34.445680425853105,3,68.78,34.445680425853105,3,2,-0.8294218264051201,0.08294218264051201
T0000360,2024-02-24 16:03:59,A100120,A100011,transfer,109.4,salary,AE,atm,normal transaction,0,16,5,1,5,0,0,2,61.4725,37.51498844906304,4,61.4725,37.51498844906304,4,2,1.2775560037161902,0.127755600371619
T0000361,2024-02-24 16:15:13,A100191,,payment,7.22,grocery,AE,online,normal transaction,0,16,5,0,1,0,3,1,35.85666666666666,34.035356126632,6,35.85666666666666,34.035356126632,6,2,-0.8413799379310474,0.08413799379310474
T0000362,2024-02-25 06:46:27,A100088,,payment,18.94,health,US,atm,normal transaction,0,6,6,0,2,7,0,1,46.15166666666667,27.523971673191834,6,46.15166666666667,27.523971673191834,6,5,-0.988653309235794,0.0988653309235794
T0000363,2024-02-25 12:27:13,A100034,,deposit,48.29,grocery,AE,atm,normal transaction,0,12,6,0,1,0,0,0,106.2975,130.69395634458388,4,106.29749999999999,130.69395634458388,4,3,-0.4438422493173047,0.04438422493173047
T0000364,2024-02-25 12:32:35,A100164,A100044,transfer,158.46,other,UA,branch,normal transaction,0,12,6,1,3,6,1,2,65.32000000000001,59.02054388092336,6,65.32000000000001,59.02054388092336,6,3,1.5780945463637144,0.15780945463637144
T0000365,2024-02-25 17:08:31,A100034,A100016,transfer,31.01,other,IN,atm,normal transaction,0,17,6,1,3,3,0,2,106.2975,130.69395634458388,4,106.29749999999999,130.69395634458388,4,3,-0.576059532741052,0.057605953274105205
T0000366,2024-02-25 18:25:14,A100051,,payment,7.78,grocery,NG,online,normal transaction,0,18,6,0,1,4,3,1,88.514,94.09615682906502,5,88.514,94.09615682906502,5,2,-0.8579946499692506,0.08579946499692506
T0000367,2024-02-25 19:08:06,A100080,,payment,3.67,utilities,RU,mobile,normal transaction,0,19,6,0,8,5,2,1,12.294,7.541288351468866,5,12.294,7.541288351468866,5,2,-1.1435710258644627,0.11435710258644627
T0000368,2024-02-25 23:52:03,A100064,,withdrawal,42.26,grocery,NG,atm,normal transaction,0,23,6,0,1,4,0,3,46.998000000000005,14.91650327657256,5,46.998000000000005,14.916503276572561,5,3,-0.31763474284262266,0.031763474284262266
T0000369,2024-02-26 04:07:07,A100091,,withdrawal,18.84,grocery,AE,atm,normal transaction,0,4,0,0,1,0,0,3,32.276,37.3156901316323,5,32.276,37.3156901316323,5,3,-0.36006300814861186,0.036006300814861184
T0000370,2024-02-26 16:10:16,A100031,,withdrawal,63.45,remittance,RU,mobile,normal transaction,0,16,0,0,4,5,2,3,38.825,34.82500897343747,2,38.825,34.82500897343747,2,1,0.7071067608819795,0.07071067608819795
T0000371,2024-02-26 18:20:53,A100190,A100112,transfer,29.99,salary,AE,branch,normal transaction,0,18,0,1,5,0,1,2,19.235,15.35222350888192,4,19.235,15.35222350888192,4,2,0.7005499426990383,0.07005499426990383
T0000372,2024-02-26 20:22:31,A100127,,withdrawal,31.64,other,AE,atm,normal transaction,0,20,0,0,3,0,0,3,1187.0942105263157,1118.0985360836485,19,1187.0942105263157,1118.0985360836485,19,2,-1.0334100011794152,0.10334100011794152
T0000373,2024-02-27 05:21:22,A100021,,withdrawal,42.24,salary,US,mobile,normal transaction,0,5,1,0,5,7,2,3,35.81333333333333,20.217495064094035,6,35.81333333333333,20.217495064094035,6,0,0.31787648907128174,0.03178764890712817
T0000374,2024-02-27 06:18:53,A100154,,deposit,9.47,travel,CN,atm,normal transaction,0,6,1,0,7,1,0,0,40.89833333333333,30.045973052418635,6,40.89833333333333,30.045973052418635,6,0,-1.0460081366809082,0.10460081366809082
T0000375,2024-02-27 14:18:20,A100026,A100020,transfer,140.3,remittance,CN,atm,normal transaction,0,14,1,1,4,1,0,2,2573.386923076923,2424.7499487314303,13,2573.386923076923,2424.7499487314303,13,5,-1.0034382816860832,0.10034382816860832
T0000376,2024-02-28 04:05:52,A100114,,withdrawal,46.65,salary,GB,mobile,normal transaction,0,4,2,0,5,2,2,3,104.3075,71.74713902542271,4,104.3075,71.74713902542271,4,2,-0.8036208827218727,0.08036208827218727
T0000377,2024-02-28 09:59:33,A100089,,payment,52.29,other,IN,atm,normal transaction,0,9,2,0,3,3,0,1,51.95285714285715,53.52989716481987,7,51.95285714285715,53.52989716481987,7,4,0.006298215926075179,0.0006298215926075179
T0000378,2024-02-28 15:43:05,A100157,A100111,transfer,40.31,utilities,IN,online,normal transaction,0,15,2,1,8,3,3,2,54.12,30.12394272003583,9,54.12,30.12394272003583,9,5,-0.4584393108799623,0.04584393108799623
T0000379,2024-02-28 22:05:13,A100171,A100163,transfer,67.29,salary,AE,branch,normal transaction,0,22,2,1,5,0,1,2,827.78875,2093.1817233814686,8,827.78875,2093.1817233814686,8,6,-0.3633218946743509,0.03633218946743509
T0000380,2024-02-28 22:35:09,A100007,,deposit,16.84,travel,UA,online,normal transaction,0,22,2,0,7,6,3,0,32.872,23.04029340090964,5,32.872,23.040293400909636,5,2,-0.6958244422157667,0.06958244422157667
T0000381,2024-02-28 23:28:51,A100032,A100017,transfer,200.53,health,AE,atm,normal transaction,0,23,2,1,2,0,0,2,74.13000000000001,88.26664111278582,4,74.13000000000001,88.26664111278582,4,2,1.4320245675426049,0.1432024567542605
T0000382,2024-02-28 23:44:46,A100098,A100145,transfer,76.76,grocery,GB,mobile,normal transaction,0,23,2,1,1,2,2,2,74.00999999999999,29.275790908758264,4,74.00999999999999,29.275790908758264,4,3,0.09393426516251856,0.009393426516251855
T0000383,2024-02-29 01:13:56,A100094,A100095,transfer,17.24,other,US,branch,normal transaction,0,1,3,1,3,7,1,2,86.57666666666667,119.47163359280452,3,86.57666666666667,119.47163359280451,3,2,-0.5803609107968349,0.058036091079683494
T0000384,2024-02-29 01:16:44,A100135,,deposit,21.07,remittance,RU,atm,normal transaction,0,1,3,0,4,5,0,0,34.715,20.515267241739743,6,34.715,20.515267241739746,6,1,-0.6651143840390201,0.06651143840390202
T0000385,2024-02-29 04:56:39,A100166,,withdrawal,2.93,utilities,NG,online,normal transaction,0,4,3,0,8,4,3,3,11.616666666666667,11.113326834631174,3,11.616666666666667,11.113326834631174,3,1,-0.7816440580109062,0.07816440580109062
T0000386,2024-02-29 09:41:37,A100006,,payment,12.59,travel,UA,mobile,normal transaction,0,9,3,0,7,6,2,1,60.09333333333333,44.93071592277752,3,60.093333333333334,44.930715922777516,3,2,-1.057257408444592,0.10572574084445921
T0000387,2024-02-29 10:48:07,A100143,,payment,31.57,electronics,CN,atm,normal transaction,0,10,3,0,0,1,0,1,41.924,25.575688260533678,5,41.924,25.575688260533674,5,1,-0.4048375742497564,0.04048375742497564
T0000388,2024-02-29 11:25:00,A100180,A100114,transfer,148.92,health,CN,mobile,normal transaction,0,11,3,1,2,1,2,2,752.1566666666666,2108.24314388782,9,752.1566666666666,2108.24314388782,9,5,-0.2861323980250698,0.02861323980250698
T0000389,2024-02-29 14:41:50,A100051,,deposit,79.63,electronics,GB,online,normal transaction,0,14,3,0,0,2,3,0,88.514,94.09615682906502,5,88.514,94.09615682906502,5,2,-0.09441405690696389,0.009441405690696389
T0000390,2024-02-29 16:16:41,A100115,A100044,transfer,25.86,other,US,atm,normal transaction,0,16,3,1,3,7,0,2,64.5525,43.71799915366668,8,64.5525,43.717999153666675,8,3,-0.8850473458071667,0.08850473458071667
T0000391,2024-02-29 16:24:47,A100170,,deposit,16.74,remittance,US,atm,normal transaction,0,16,3,0,4,7,0,0,39.575,32.293566696789625,2,39.574999999999996,32.293566696789625,2,0,-0.7071067592903362,0.07071067592903361
T0000392,2024-02-29 18:26:09,A100076,,deposit,199.87,travel,GB,atm,normal transaction,0,18,3,0,7,2,0,0,68.21333333333332,68.25519281832457,6,68.21333333333332,68.25519281832457,6,2,1.9288886208000282,0.19288886208000283
T0000393,2024-03-01 00:53:07,A100130,,withdrawal,62.86,health,US,branch,normal transaction,0,0,4,0,2,7,1,3,47.456,21.581161460866745,5,47.456,21.581161460866745,5,1,0.7137706334370154,0.07137706334370154
T0000394,2024-03-01 01:37:06,A100035,,deposit,134.2,health,UA,online,normal transaction,0,1,4,0,2,6,3,0,54.12571428571429,44.52025376430479,7,54.12571428571429,44.52025376430479,7,2,1.7986034926845755,0.17986034926845756
T0000395,2024-03-01 01:44:48,A100092,,payment,83.48,remittance,UA,branch,normal transaction,0,1,4,0,4,6,1,1,64.89666666666666,16.669860027406752,3,64.89666666666666,16.669860027406752,3,0,1.1147863382172574,0.11147863382172574
T0000396,2024-03-01 01:57:36,A100156,A100022,transfer,66.57,electronics,CN,mobile,normal transaction,0,1,4,1,0,1,2,2,32.262,25.286964428337377,5,32.262,25.286964428337377,5,2,1.356746427214764,0.1356746427214764
T0000397,2024-03-01 06:58:05,A100183,,payment,49.08,other,RU,mobile,normal transaction,0,6,4,0,3,5,2,1,31.973333333333333,18.705478698320803,3,31.973333333333333,18.705478698320803,3,1,0.9145270232338567,0.09145270232338568
T0000398,2024-03-01 08:37:36,A100147,,payment,123.64,electronics,GB,atm,normal transaction,0,8,4,0,0,2,0,1,48.83166666666667,42.54309693318843,6,48.83166666666667,42.54309693318843,6,1,1.7584129263650632,0.17584129263650633
T0000399,2024-03-01 11:02:05,A100164,A100018,transfer,40.35,other,UA,atm,normal transaction,0,11,4,1,3,6,0,2,65.32000000000001,59.02054388092336,6,65.32000000000001,59.02054388092336,6,3,-0.4230730172074507,0.04230730172074507
T0000400,2024-03-01 14:01:27,A100032,A100199,transfer,17.26,travel,GB,mobile,normal transaction,0,14,4,1,7,2,2,2,74.13000000000001,88.26664111278582,4,74.13000000000001,88.26664111278582,4,2,-0.6442977623112971,0.0644297762311297
T0000401,2024-03-01 22:14:25,A100128,,withdrawal,20.41,grocery,US,branch,normal transaction,0,22,4,0,1,7,1,3,55.67666666666667,46.5626329438818,6,55.67666666666667,46.562632943881795,6,4,-0.7574027429198003,0.07574027429198002
T0000402,2024-03-02 13:08:12,A100077,A100042,transfer,55.86,travel,AE,branch,normal transaction,0,13,5,1,7,0,1,2,37.25666666666667,26.527695590332254,3,37.25666666666667,26.527695590332254,3,3,0.7012796331556779,0.07012796331556778
T0000403,2024-03-02 17:26:12,A100088,A100132,transfer,18.66,utilities,US,atm,normal transaction,0,17,5,1,8,7,0,2,46.15166666666667,27.523971673191834,6,46.15166666666667,27.523971673191834,6,5,-0.9988262593155155,0.09988262593155155
T0000404,2024-03-02 20:40:43,A100050,A100162,transfer,34.4,utilities,GB,atm,normal transaction,0,20,5,1,8,2,0,2,62.586,50.17527408993398,5,62.586,50.17527408993398,5,3,-0.5617507816246053,0.056175078162460534
T0000405,2024-03-02 21:34:08,A100157,A100136,transfer,37.34,electronics,GB,branch,normal transaction,0,21,5,1,0,2,1,2,54.12,30.12394272003583,9,54.12,30.12394272003583,9,5,-0.5570319794761598,0.05570319794761598
T0000406,2024-03-02 21:52:07,A100043,,deposit,25.6,remittance,IN,online,normal transaction,0,21,5,0,4,3,3,0,62.82000000000001,52.6370287915266,2,62.82000000000001,52.637028791526596,2,1,-0.7071067677529101,0.07071067677529101
T0000407,2024-03-03 05:58:36,A100020,A100011,transfer,6.24,utilities,NG,mobile,normal transaction,0,5,6,1,8,4,2,2,51.522000000000006,41.00858593026587,5,51.522000000000006,41.00858593026587,5,2,-1.104207762071904,0.1104207762071904
T0000408,2024-03-03 11:24:24,A100158,A100163,transfer,9.72,grocery,UA,atm,normal transaction,0,11,6,1,1,6,0,2,1869.3775,3692.639370408607,4,1869.3775,3692.6393704086067,4,2,-0.5036120002399825,0.05036120002399826
T0000409,2024-03-04 04:58:58,A100164,,deposit,7.66,utilities,UA,branch,normal transaction,0,4,0,0,8,6,1,0,65.32000000000001,59.02054388092336,6,65.32000000000001,59.02054388092336,6,3,-0.976947944420569,0.09769479444205689
T0000410,2024-03-04 13:03:12,A100175,A100103,transfer,178.38,utilities,UA,online,normal transaction,0,13,0,1,8,6,3,2,4568.722857142858,10138.80446468043,7,4568.722857142858,10138.80446468043,7,5,-0.4330237230636063,0.04330237230636063
T0000411,2024-03-04 15:43:14,A100176,,payment,20.93,grocery,GB,mobile,normal transaction,0,15,0,0,1,2,2,1,31.49,23.07923958885994,3,31.49,23.07923958885994,3,1,-0.45755404989786264,0.045755404989786266
T0000412,2024-03-05 00:57:32,A100106,A100123,transfer,63.58,other,NG,atm,normal transaction,0,0,1,1,3,4,0,2,30.572000000000003,21.46311650250261,5,30.572000000000003,21.46311650250261,5,3,1.5378940173137123,0.15378940173137123
T0000413,2024-03-05 10:41:49,A100155,,withdrawal,6.85,travel,AE,atm,normal transaction,0,10,1,0,7,0,0,3,48.43333333333334,71.41908591779465,3,48.43333333333334,71.41908591779465,3,2,-0.5822439788567573,0.058224397885675724
T0000414,2024-03-05 14:35:55,A100187,A100088,transfer,17.72,salary,GB,atm,normal transaction,0,14,1,1,5,2,0,2,560.5400000000001,1125.7308155149703,5,560.5400000000001,1125.7308155149703,5,4,-0.4821934267380708,0.04821934267380708
T0000415,2024-03-05 19:37:52,A100131,,payment,49.2,electronics,AE,branch,normal transaction,0,19,1,0,0,0,1,1,55.574,40.22363024392503,5,55.574,40.22363024392503,5,2,-0.15846406211678515,0.015846406211678515
T0000416,2024-03-05 20:25:24,A100119,,withdrawal,32.28,electronics,CN,mobile,normal transaction,0,20,1,0,0,1,2,3,18.49,11.417650809163854,5,18.490000000000002,11.417650809163854,5,4,1.2077789926061757,0.12077789926061758
T0000417,2024-03-05 21:33:33,A100063,,payment,106.99,travel,US,online,normal transaction,0,21,1,0,7,7,3,1,46.53,52.87252310983465,7,46.529999999999994,52.87252310983465,7,4,1.1435050816640326,0.11435050816640327
T0000418,2024-03-05 23:54:59,A100074,A100098,transfer,104.46,salary,NG,branch,normal transaction,0,23,1,1,5,4,1,2,127.475,52.76572909253379,4,127.475,52.76572909253379,4,2,-0.43617325032060084,0.04361732503206008
T0000419,2024-03-06 00:37:50,A100083,A100147,transfer,5.81,remittance,NG,branch,normal transaction,0,0,2,1,4,4,1,2,26.2,18.75348767562983,3,26.2,18.75348767562983,3,1,-1.0872643673225886,0.10872643673225886
T0000420,2024-03-06 14:34:45,A100127,,withdrawal,9.07,other,UA,atm,normal transaction,0,14,2,0,3,6,0,3,1187.0942105263157,1118.0985360836485,19,1187.0942105263157,1118.0985360836485,19,2,-1.0535960574628531,0.1053596057462853
T0000421,2024-03-06 20:31:07,A100127,,deposit,105.72,grocery,US,mobile,normal transaction,0,20,2,0,1,7,2,0,1187.0942105263157,1118.0985360836485,19,1187.0942105263157,1118.0985360836485,19,2,-0.9671546600417513,0.09671546600417513
T0000422,2024-03-07 10:31:15,A100129,A100117,transfer,35.76,health,NG,atm,normal transaction,0,10,3,1,2,4,0,2,50.277142857142856,63.86076174362619,7,50.277142857142856,63.86076174362619,7,2,-0.22732492117926956,0.022732492117926956
T0000423,2024-03-07 12:09:53,A100012,,payment,9.18,grocery,CN,mobile,normal transaction,0,12,3,0,1,1,2,1,26.726,20.05466230082172,5,26.726,20.05466230082172,5,3,-0.8749087300449002,0.08749087300449002
T0000424,2024-03-07 14:25:09,A100152,,withdrawal,148.53,other,CN,online,normal transaction,0,14,3,0,3,1,3,3,83.35799999999999,60.30495891715705,5,83.35799999999999,60.30495891715705,5,1,1.080707127399288,0.10807071273992881
T0000425,2024-03-07 15:09:00,A100027,,withdrawal,77.5,salary,GB,atm,normal transaction,0,15,3,0,5,2,0,3,86.375,155.1810511260039,8,86.375,155.18105112600387,8,5,-0.05719126064948754,0.005719126064948754
T0000426,2024-03-07 15:17:57,A100186,A100093,transfer,24.01,salary,AE,online,normal transaction,0,15,3,1,5,0,3,2,20.5625,6.715709816045756,4,20.5625,6.715709816045756,4,2,0.5133484890032693,0.05133484890032693
T0000427,2024-03-07 22:44:06,A100102,,payment,264.21,grocery,NG,atm,normal transaction,0,22,3,0,1,4,0,1,100.65999999999998,141.64025946036668,3,100.65999999999998,141.64025946036668,3,2,1.154685817919433,0.1154685817919433
T0000428,2024-03-08 02:15:22,A100141,,payment,25.56,utilities,US,mobile,normal transaction,0,2,4,0,8,7,2,1,25.9625,15.094826691855156,8,25.9625,15.094826691855156,8,6,-0.026664762805949763,0.002666476280594976
T0000429,2024-03-08 03:30:48,A100129,,deposit,27.21,other,CN,online,normal transaction,0,3,4,0,3,1,3,0,50.277142857142856,63.86076174362619,7,50.277142857142856,63.86076174362619,7,2,-0.3612099490534998,0.03612099490534998
T0000430,2024-03-08 06:32:36,A100032,,payment,68.9,electronics,RU,atm,normal transaction,0,6,4,0,0,5,0,1,74.13000000000001,88.26664111278582,4,74.13000000000001,88.26664111278582,4,2,-0.05925228234373283,0.005925228234373283
T0000431,2024-03-08 08:03:48,A100086,A100142,transfer,30.55,remittance,GB,branch,normal transaction,0,8,4,1,4,2,1,2,1669.855,3306.618803153256,4,1669.855,3306.6188031532556,4,4,-0.49576473645554864,0.04957647364555486
T0000432,2024-03-08 08:13:59,A100154,,deposit,82.79,salary,IN,online,normal transaction,0,8,4,0,5,3,3,0,40.89833333333333,30.045973052418635,6,40.89833333333333,30.045973052418635,6,0,1.3942522413679075,0.13942522413679076
T0000433,2024-03-08 10:39:32,A100009,A100035,transfer,46.83,remittance,UA,mobile,normal transaction,0,10,4,1,4,6,2,2,28.97125,14.478163298567951,8,28.971249999999998,14.478163298567951,8,3,1.2334954647369507,0.12334954647369507
T0000434,2024-03-08 13:20:35,A100038,A100155,transfer,100.3,travel,AE,atm,normal transaction,0,13,4,1,7,0,0,2,73.49000000000001,48.26947068282394,9,73.49000000000001,48.26947068282394,9,5,0.5554235226804849,0.05554235226804849
T0000435,2024-03-08 14:14:41,A100041,A100100,transfer,11.71,utilities,AE,mobile,normal transaction,0,14,4,1,8,0,2,2,64.19500000000001,38.281538500953694,6,64.19500000000001,38.281538500953694,6,4,-1.3710263663427766,0.13710263663427766
T0000436,2024-03-09 04:15:33,A100181,,deposit,17.75,utilities,UA,online,normal transaction,0,4,5,0,8,6,3,0,40.987142857142864,25.057577506139545,7,40.987142857142864,25.057577506139545,7,3,-0.9273498974152413,0.09273498974152414
T0000437,2024-03-09 12:21:47,A100094,,withdrawal,224.53,remittance,US,mobile,normal transaction,0,12,5,0,4,7,2,3,86.57666666666667,119.47163359280452,3,86.57666666666667,119.47163359280451,3,2,1.1546952864880442,0.11546952864880441
T0000438,2024-03-09 17:04:54,A100149,,payment,38.49,utilities,IN,mobile,normal transaction,0,17,5,0,8,3,2,1,46.22,24.69688948025642,5,46.22,24.69688948025642,5,1,-0.31299486897670925,0.031299486897670925
T0000439,2024-03-09 19:49:54,A100067,A100167,transfer,47.7,health,IN,mobile,normal transaction,0,19,5,1,2,3,2,2,54.98,40.51356809761391,3,54.98,40.51356809761391,3,3,-0.17969288221581933,0.017969288221581933
T0000440,2024-03-10 03:57:32,A100043,A100134,transfer,100.04,salary,GB,branch,normal transaction,0,3,6,1,5,2,1,2,62.82000000000001,52.6370287915266,2,62.82000000000001,52.637028791526596,2,1,0.70710676775291,0.070710676775291
T0000441,2024-03-10 04:55:50,A100008,A100146,transfer,108.53,electronics,NG,online,normal transaction,0,4,6,1,0,4,3,2,46.3925,41.44264741784723,4,46.3925,41.44264741784723,4,2,1.4993612226104873,0.14993612226104874
T0000442,2024-03-10 06:55:59,A100112,A100080,transfer,44.82,salary,GB,mobile,normal transaction,0,6,6,1,5,2,2,2,1499.936,3280.3214547861007,5,1499.936,3280.3214547861007,5,3,-0.44358945292795826,0.044358945292795826
T0000443,2024-03-11 12:41:59,A100176,,deposit,15.58,health,RU,mobile,normal transaction,0,12,0,0,2,5,2,0,31.49,23.07923958885994,3,31.49,23.07923958885994,3,1,-0.6893641035866472,0.06893641035866473
T0000444,2024-03-12 03:49:09,A100188,A100186,transfer,45.67,grocery,GB,branch,normal transaction,0,3,1,1,1,2,1,2,29.126666666666665,15.130420791681022,3,29.126666666666665,15.130420791681022,3,3,1.0933821648269686,0.10933821648269686
T0000445,2024-03-12 07:10:02,A100143,A100083,transfer,50.5,other,RU,atm,normal transaction,0,7,1,1,3,5,0,2,41.924,25.575688260533678,5,41.924,25.575688260533674,5,1,0.3353184312116971,0.033531843121169705
T0000446,2024-03-12 15:35:56,A100044,A100117,transfer,108.8,remittance,AE,atm,normal transaction,0,15,1,1,4,0,0,2,65.94,51.54232096054658,5,65.94,51.54232096054658,5,5,0.8315496541426185,0.08315496541426184
T0000447,2024-03-12 22:11:48,A100156,,payment,9.7,other,NG,branch,normal transaction,0,22,1,0,3,4,1,1,32.262,25.286964428337377,5,32.262,25.286964428337377,5,2,-0.8922383377293784,0.08922383377293784
T0000448,2024-03-13 04:35:27,A100071,A100142,transfer,28.5,utilities,NG,atm,normal transaction,0,4,2,1,8,4,0,2,59.90888888888888,64.24285358007621,9,59.90888888888888,64.24285358007621,9,6,-0.48890867465639976,0.048890867465639976
T0000449,2024-03-13 07:44:10,A100197,,deposit,37.55,utilities,NG,mobile,normal transaction,0,7,2,0,8,4,2,0,75.69833333333334,62.819306400713046,6,75.69833333333334,62.819306400713046,6,2,-0.6072708361776737,0.06072708361776737
T0000450,2024-03-13 09:18:20,A100081,A100122,transfer,163.12,remittance,CN,atm,normal transaction,0,9,2,1,4,1,0,2,107.2825,98.7534338221546,4,107.2825,98.7534338221546,4,3,0.5654233708483958,0.05654233708483958
T0000451,2024-03-13 11:16:23,A100031,A100146,transfer,14.2,salary,RU,atm,normal transaction,0,11,2,1,5,5,0,2,38.825,34.82500897343747,2,38.825,34.82500897343747,2,1,-0.7071067608819797,0.07071067608819796
T0000452,2024-03-13 12:21:28,A100197,A100037,transfer,171.06,utilities,IN,atm,normal transaction,0,12,2,1,8,3,0,2,75.69833333333334,62.819306400713046,6,75.69833333333334,62.819306400713046,6,2,1.5180311692768558,0.15180311692768558
T0000453,2024-03-13 16:13:21,A100182,A100020,transfer,90.91,remittance,UA,atm,normal transaction,0,16,2,1,4,6,0,2,109.8275,60.11029882640744,4,109.8275,60.11029882640744,4,2,-0.31471311995834095,0.0314713119958341
T0000454,2024-03-13 18:07:59,A100191,,payment,2.72,other,NG,branch,normal transaction,0,18,2,0,3,4,1,1,35.85666666666666,34.035356126632,6,35.85666666666666,34.035356126632,6,2,-0.9735953862149391,0.09735953862149391
T0000455,2024-03-13 18:14:13,A100137,A100069,transfer,327.32,utilities,GB,online,normal transaction,0,18,2,1,8,2,3,2,135.2375,133.4397043299582,4,135.2375,133.4397043299582,4,3,1.4394703549819368,0.14394703549819368
T0000456,2024-03-13 20:09:01,A100157,A100189,transfer,92.07,health,NG,online,normal transaction,0,20,2,1,2,4,3,2,54.12,30.12394272003583,9,54.12,30.12394272003583,9,5,1.2597952098403022,0.12597952098403023
T0000457,2024-03-13 23:53:43,A100171,,payment,379.84,health,NG,online,normal transaction,0,23,2,0,2,4,3,1,827.78875,2093.1817233814686,8,827.78875,2093.1817233814686,8,6,-0.21400375551834525,0.021400375551834525
T0000458,2024-03-14 06:36:05,A100025,A100105,transfer,70.73,remittance,UA,online,normal transaction,0,6,3,1,4,6,3,2,2292.535714285714,2700.483736765335,14,2292.535714285714,2700.483736765335,14,6,-0.8227436007906757,0.08227436007906756
T0000459,2024-03-14 07:43:03,A100174,,payment,43.87,travel,IN,branch,normal transaction,0,7,3,0,7,3,1,1,62.17428571428571,69.56584072113334,7,62.17428571428571,69.56584072113334,7,5,-0.2631217456932613,0.02631217456932613
T0000460,2024-03-14 07:57:58,A100104,,payment,15.58,other,UA,branch,normal transaction,0,7,3,0,3,6,1,1,511.62777777777774,1407.0761544047446,9,511.62777777777774,1407.0761544047446,9,3,-0.3525379744887297,0.03525379744887297
T0000461,2024-03-14 10:37:38,A100193,,withdrawal,25.01,utilities,AE,atm,normal transaction,0,10,3,0,8,0,0,3,28.910000000000004,5.51543289325507,2,28.910000000000004,5.51543289325507,2,0,-0.707106652981443,0.0707106652981443
T0000462,2024-03-14 11:58:06,A100165,A100015,transfer,39.64,electronics,NG,online,normal transaction,0,11,3,1,0,4,3,2,24.22,15.510783345788823,3,24.22,15.510783345788823,3,2,0.994147017728767,0.0994147017728767
T0000463,2024-03-14 13:27:36,A100044,A100106,transfer,133.22,travel,IN,mobile,normal transaction,0,13,3,1,7,3,2,2,65.94,51.54232096054658,5,65.94,51.54232096054658,5,5,1.3053350613792667,0.13053350613792666
T0000464,2024-03-14 18:29:50,A100126,,withdrawal,12.4,travel,CN,online,normal transaction,0,18,3,0,7,1,3,3,3737.764545454545,2930.546239714922,11,3737.764545454545,2930.5462397149226,11,2,-1.271218482649065,0.1271218482649065
T0000465,2024-03-14 19:17:47,A100002,A100076,transfer,26.45,electronics,AE,atm,normal transaction,0,19,3,1,0,0,0,2,8251.873333333333,14235.819388620852,3,8251.873333333333,14235.819388620852,3,2,-0.5777976741774611,0.05777976741774611
T0000466,2024-03-14 20:05:49,A100116,A100164,transfer,18.15,other,GB,mobile,normal transaction,0,20,3,1,3,2,2,2,35.215,29.58192522470436,4,35.215,29.58192522470436,4,1,-0.5768725089223141,0.05768725089223141
T0000467,2024-03-14 23:26:52,A100069,,withdrawal,45.59,health,US,atm,normal transaction,0,23,3,0,2,7,0,3,1201.3100000000002,2757.513036320953,6,1201.3100000000002,2757.513036320953,6,3,-0.41911678543606595,0.0419116785436066
T0000468,2024-03-15 12:37:38,A100041,A100187,transfer,41.43,other,CN,branch,normal transaction,0,12,4,1,3,1,1,2,64.19500000000001,38.281538500953694,6,64.19500000000001,38.281538500953694,6,4,-0.5946730538209644,0.059467305382096436
T0000469,2024-03-15 12:48:17,A100003,A100188,transfer,129.56,remittance,CN,branch,normal transaction,0,12,4,1,4,1,1,2,159.408,129.09829518626495,5,159.408,129.09829518626495,5,2,-0.2312036710146418,0.02312036710146418
T0000470,2024-03-16 00:54:05,A100044,A100156,transfer,34.77,salary,RU,atm,normal transaction,0,0,5,1,5,5,0,2,65.94,51.54232096054658,5,65.94,51.54232096054658,5,5,-0.604745747074788,0.0604745747074788
T0000471,2024-03-16 01:56:12,A100022,,withdrawal,34.49,salary,US,branch,normal transaction,0,1,5,0,5,7,1,3,113.862,107.37644234188429,5,113.862,107.37644234188427,5,2,-0.7391937889699071,0.07391937889699071
T0000472,2024-03-16 05:42:47,A100035,A100122,transfer,9.55,remittance,NG,online,normal transaction,0,5,5,1,4,4,3,2,54.12571428571429,44.52025376430479,7,54.12571428571429,44.52025376430479,7,2,-1.0012457143765934,0.10012457143765933
T0000473,2024-03-16 11:46:44,A100066,,withdrawal,16.56,salary,NG,mobile,normal transaction,0,11,5,0,5,4,2,3,41.415,32.80617878794582,4,41.415,32.80617878794582,4,2,-0.7576316462525952,0.07576316462525952
T0000474,2024-03-16 18:41:47,A100192,A100068,transfer,16.89,remittance,CN,online,normal transaction,0,18,5,1,4,1,3,2,27.23,19.782727314503425,3,27.23,19.782727314503425,3,2,-0.52267815822044,0.052267815822044
T0000475,2024-03-16 22:36:27,A100066,A100167,transfer,43.77,remittance,NG,online,normal transaction,0,22,5,1,4,4,3,2,41.415,32.80617878794582,4,41.415,32.80617878794582,4,2,0.07178525555923816,0.007178525555923816
T0000476,2024-03-17 02:08:27,A100170,,withdrawal,62.41,electronics,UA,atm,normal transaction,0,2,6,0,0,6,0,3,39.575,32.293566696789625,2,39.574999999999996,32.293566696789625,2,0,0.7071067592903363,0.07071067592903363
T0000477,2024-03-17 03:07:04,A100040,,deposit,50.09,salary,CN,online,normal transaction,0,3,6,0,5,1,3,0,27.068,17.052630882066264,5,27.068,17.052630882066264,5,2,1.350055531557656,0.1350055531557656
T0000478,2024-03-17 03:12:48,A100163,A100075,transfer,86.82,remittance,NG,branch,normal transaction,0,3,6,1,4,4,1,2,42.3625,38.96269957707414,4,42.3625,38.96269957707414,4,2,1.1410271706412216,0.11410271706412216
T0000479,2024-03-17 04:16:08,A100034,A100122,transfer,302.03,travel,UA,atm,normal transaction,0,4,6,1,7,6,0,2,106.2975,130.69395634458388,4,106.29749999999999,130.69395634458388,4,3,1.4976400131793193,0.14976400131793194
T0000480,2024-03-17 07:52:45,A100106,A100179,transfer,14.83,other,NG,branch,normal transaction,0,7,6,1,3,4,1,2,30.572000000000003,21.46311650250261,5,30.572000000000003,21.46311650250261,5,3,-0.7334442444423311,0.07334442444423311
T0000481,2024-03-17 10:06:54,A100174,A100193,transfer,170.57,electronics,UA,atm,normal transaction,0,10,6,1,0,6,0,2,62.17428571428571,69.56584072113334,7,62.17428571428571,69.56584072113334,7,5,1.5581744086449378,0.15581744086449378
T0000482,2024-03-17 14:49:52,A100019,,payment,58.5,electronics,IN,branch,normal transaction,0,14,6,0,0,3,1,1,90.68,27.029954988247145,4,90.68,27.029954988247145,4,3,-1.190530980294313,0.11905309802943129
T0000483,2024-03-17 16:06:46,A100146,,deposit,168.75,travel,GB,atm,normal transaction,0,16,6,0,7,2,0,0,923.3125,1702.373368220086,4,923.3125,1702.373368220086,4,2,-0.44324148488394777,0.04432414848839478
T0000484,2024-03-17 16:28:15,A100133,,payment,18.51,other,US,branch,normal transaction,0,16,6,0,3,7,1,1,47.205000000000005,40.58085817229597,2,47.205000000000005,40.58085817229597,2,0,-0.7071067637619095,0.07071067637619095
T0000485,2024-03-17 17:29:56,A100183,A100149,transfer,12.0,other,US,mobile,normal transaction,0,17,6,1,3,7,2,2,31.973333333333333,18.705478698320803,3,31.973333333333333,18.705478698320803,3,1,-1.0677797979768646,0.10677797979768647
T0000486,2024-03-17 17:47:12,A100014,A100116,transfer,41.84,travel,RU,mobile,normal transaction,0,17,6,1,7,5,2,2,36.31666666666667,10.810801697068232,3,36.31666666666667,10.810801697068232,3,3,0.5109087167811507,0.05109087167811507
T0000487,2024-03-18 02:16:13,A100144,A100014,transfer,6.99,other,CN,online,normal transaction,0,2,0,1,3,1,3,2,34.052,34.054596165569194,5,34.052,34.054596165569194,5,4,-0.7946651040512369,0.07946651040512369
T0000488,2024-03-18 05:18:56,A100101,A100065,transfer,113.03,grocery,NG,online,normal transaction,0,5,0,1,1,4,3,2,67.79363636363637,56.52898588737061,11,67.79363636363637,56.52898588737061,11,7,0.800233050815034,0.0800233050815034
T0000489,2024-03-19 01:52:24,A100011,A100108,transfer,9.88,remittance,US,online,normal transaction,0,1,1,1,4,7,3,2,47.64142857142857,40.75138256491896,7,47.64142857142857,40.75138256491896,7,5,-0.9266293624429401,0.09266293624429402
T0000490,2024-03-19 05:08:13,A100017,A100120,transfer,16.36,grocery,CN,mobile,normal transaction,0,5,1,1,1,1,2,2,32.586,17.894505581323003,5,32.586,17.894505581323003,5,3,-0.9067587265544125,0.09067587265544125
T0000491,2024-03-19 08:26:30,A100046,,payment,31.32,travel,RU,atm,normal transaction,0,8,1,0,7,5,0,1,1027.1866666666667,2337.282116561884,9,1027.1866666666667,2337.282116561884,9,3,-0.42607893124407964,0.042607893124407964
T0000492,2024-03-19 09:12:45,A100097,A100114,transfer,39.23,salary,RU,online,normal transaction,0,9,1,1,5,5,3,2,67.045,62.7100533407523,6,67.045,62.7100533407523,6,4,-0.4435492887449844,0.04435492887449844
T0000493,2024-03-19 09:37:09,A100174,A100169,transfer,8.05,travel,AE,online,normal transaction,0,9,1,1,7,0,3,2,62.17428571428571,69.56584072113334,7,62.17428571428571,69.56584072113334,7,5,-0.7780296245282595,0.07780296245282595
T0000494,2024-03-19 15:15:51,A100045,A100137,transfer,98.62,salary,GB,branch,normal transaction,0,15,1,1,5,2,1,2,640.21,1781.6826732614315,9,640.21,1781.6826732614315,9,8,-0.3039766889042167,0.03039766889042167
T0000495,2024-03-20 01:44:35,A100000,,withdrawal,60.89,grocery,CN,mobile,normal transaction,0,1,2,0,1,1,2,3,31.478,16.984412559756077,5,31.477999999999998,16.984412559756077,5,1,1.7317053601244508,0.1731705360124451
T0000496,2024-03-20 03:46:54,A100172,,withdrawal,111.4,salary,RU,branch,normal transaction,0,3,2,0,5,5,1,3,50.626666666666665,55.44548794386549,3,50.626666666666665,55.445487943865494,3,1,1.0960915755448004,0.10960915755448004
T0000497,2024-03-20 06:43:31,A100063,A100117,transfer,38.16,remittance,GB,atm,normal transaction,0,6,2,1,4,2,0,2,46.53,52.87252310983465,7,46.529999999999994,52.87252310983465,7,4,-0.15830528504015795,0.015830528504015794
T0000498,2024-03-20 07:05:55,A100048,,payment,37.85,electronics,IN,mobile,normal transaction,0,7,2,0,0,3,2,1,41.14,12.56066081064209,4,41.14,12.56066081064209,4,1,-0.2619288736213349,0.026192887362133488
T0000499,2024-03-20 13:11:31,A100157,A100196,transfer,28.43,grocery,NG,branch,normal transaction,0,13,2,1,1,4,1,2,54.12,30.12394272003583,9,54.12,30.12394272003583,9,5,-0.8528099852647527,0.08528099852647528
T0000500,2024-03-20 13:20:21,A100017,A100025,transfer,15.09,grocery,UA,online,normal transaction,0,13,2,1,1,6,3,2,32.586,17.894505581323003,5,32.586,17.894505581323003,5,3,-0.9777302280165167,0.09777302280165166
T0000501,2024-03-20 13:42:21,A100062,,payment,8.75,grocery,RU,mobile,normal transaction,0,13,2,0,1,5,2,1,56.871428571428574,59.561764421081264,7,56.871428571428574,59.561764421081264,7,1,-0.8079248194076615,0.08079248194076614
T0000502,2024-03-20 16:56:01,A100059,A100138,transfer,10.99,health,IN,branch,normal transaction,0,16,2,1,2,3,1,2,14.2725,9.372948219921698,4,14.272499999999999,9.372948219921698,4,2,-0.35020994171431363,0.03502099417143136
T0000503,2024-03-20 20:36:16,A100128,A100074,transfer,3.85,health,AE,atm,normal transaction,0,20,2,1,2,0,0,2,55.67666666666667,46.5626329438818,6,55.67666666666667,46.562632943881795,6,4,-1.1130527265517065,0.11130527265517065
T0000504,2024-03-21 06:40:37,A100060,A100077,transfer,35.94,travel,NG,mobile,normal transaction,0,6,3,1,7,4,2,2,40.076,32.51319316831246,5,40.076,32.51319316831246,5,2,-0.12720989449972195,0.012720989449972195
T0000505,2024-03-21 08:35:35,A100076,,payment,30.0,utilities,IN,branch,normal transaction,0,8,3,0,8,3,1,1,68.21333333333332,68.25519281832457,6,68.21333333333332,68.25519281832457,6,2,-0.5598597146327953,0.05598597146327953
T0000506,2024-03-21 16:41:40,A100160,,payment,16.98,salary,UA,online,normal transaction,0,16,3,0,5,6,3,1,83.14750000000001,84.9639415533773,8,83.14750000000001,84.9639415533773,8,1,-0.7787715354478906,0.07787715354478905
T0000507,2024-03-21 17:01:55,A100088,A100164,transfer,89.3,salary,AE,mobile,normal transaction,0,17,3,1,5,0,2,2,46.15166666666667,27.523971673191834,6,46.15166666666667,27.523971673191834,6,5,1.5676637179399437,0.15676637179399439
T0000508,2024-03-21 17:47:39,A100104,A100038,transfer,34.06,utilities,RU,branch,normal transaction,0,17,3,1,8,5,1,2,511.62777777777774,1407.0761544047446,9,511.62777777777774,1407.0761544047446,9,3,-0.33940435700184657,0.03394043570018466
T0000509,2024-03-21 21:53:29,A100193,,payment,32.81,other,NG,branch,normal transaction,0,21,3,0,3,4,1,1,28.910000000000004,5.51543289325507,2,28.910000000000004,5.51543289325507,2,0,0.7071066529814425,0.07071066529814425
T0000510,2024-03-21 22:27:36,A100076,,payment,32.3,travel,UA,online,normal transaction,0,22,3,0,7,6,3,1,68.21333333333332,68.25519281832457,6,68.21333333333332,68.25519281832457,6,2,-0.5261626452768438,0.05261626452768438
T0000511,2024-03-22 02:11:17,A100143,,payment,75.02,salary,RU,branch,normal transaction,0,2,4,0,5,5,1,1,41.924,25.575688260533678,5,41.924,25.575688260533674,5,1,1.294041371196633,0.1294041371196633
T0000512,2024-03-22 02:57:24,A100099,A100062,transfer,11.41,utilities,NG,atm,normal transaction,0,2,4,1,8,4,0,2,19.69,11.036797542765743,3,19.689999999999998,11.036797542765745,3,1,-0.7502175533889094,0.07502175533889094
T0000513,2024-03-22 04:47:21,A100165,,deposit,24.4,electronics,UA,atm,normal transaction,0,4,4,0,0,6,0,0,24.22,15.510783345788823,3,24.22,15.510783345788823,3,2,0.011604829000724886,0.0011604829000724886
T0000514,2024-03-22 04:53:37,A100023,,deposit,35.05,health,IN,atm,normal transaction,0,4,4,0,2,3,0,0,27.156666666666663,15.310732619092178,3,27.156666666666666,15.310732619092178,3,2,0.5155424638497076,0.05155424638497076
T0000515,2024-03-22 18:23:53,A100096,A100172,transfer,56.24,grocery,US,branch,normal transaction,0,18,4,1,1,7,1,2,37.41,20.8341610502239,4,37.41,20.8341610502239,4,4,0.9038040481113394,0.09038040481113394
T0000516,2024-03-22 19:53:34,A100194,A100150,transfer,12.94,health,UA,branch,normal transaction,0,19,4,1,2,6,1,2,46.527142857142856,44.86537369891013,7,46.527142857142856,44.86537369891013,7,5,-0.7486205806269296,0.07486205806269296
T0000517,2024-03-22 23:59:18,A100085,,withdrawal,28.67,utilities,IN,branch,normal transaction,0,23,4,0,8,3,1,3,42.2425,17.48667945418264,4,42.2425,17.48667945418264,4,0,-0.7761621787257851,0.07761621787257851
T0000518,2024-03-23 03:51:15,A100048,A100189,transfer,26.75,electronics,UA,branch,normal transaction,0,3,5,1,0,6,1,2,41.14,12.56066081064209,4,41.14,12.56066081064209,4,1,-1.1456402709455957,0.11456402709455957
T0000519,2024-03-23 04:05:37,A100178,,payment,147.04,health,RU,branch,normal transaction,0,4,5,0,2,5,1,1,67.71,70.54372332107229,3,67.71,70.54372332107229,3,0,1.1245507770320986,0.11245507770320987
T0000520,2024-03-23 04:19:54,A100141,A100082,transfer,17.93,utilities,RU,mobile,normal transaction,0,4,5,1,8,5,2,2,25.9625,15.094826691855156,8,25.9625,15.094826691855156,8,6,-0.5321359186056932,0.05321359186056932
T0000521,2024-03-23 09:02:39,A100136,,deposit,24.47,remittance,CN,atm,normal transaction,0,9,5,0,4,1,0,0,32.15,10.86116015902537,2,32.15,10.86116015902537,2,1,-0.7071067160823868,0.07071067160823868
T0000522,2024-03-23 11:53:34,A100092,,payment,51.26,other,UA,online,normal transaction,0,11,5,0,3,6,3,1,64.89666666666666,16.669860027406752,3,64.89666666666666,16.669860027406752,3,0,-0.818043212492699,0.0818043212492699
T0000523,2024-03-23 13:21:19,A100184,A100120,transfer,108.92,remittance,NG,atm,normal transaction,0,13,5,1,4,4,0,2,70.765,53.95931847234544,2,70.765,53.959318472345444,2,1,0.7071067680821054,0.07071067680821054
T0000524,2024-03-23 16:21:00,A100080,A100105,transfer,8.44,grocery,NG,branch,normal transaction,0,16,5,1,1,4,1,2,12.294,7.541288351468866,5,12.294,7.541288351468866,5,2,-0.5110531926810807,0.051105319268108074
T0000525,2024-03-23 18:11:02,A100004,A100066,transfer,26.45,salary,CN,branch,normal transaction,0,18,5,1,5,1,1,2,111.05666666666669,135.7268526612672,3,111.05666666666667,135.7268526612672,3,1,-0.6233598170471046,0.06233598170471046
T0000526,2024-03-24 01:12:51,A100050,A100084,transfer,18.61,health,RU,branch,normal transaction,0,1,6,1,2,5,1,2,62.586,50.17527408993398,5,62.586,50.17527408993398,5,3,-0.8764476113220622,0.08764476113220622
T0000527,2024-03-24 01:17:30,A100127,,withdrawal,2.48,remittance,CN,mobile,normal transaction,0,1,6,0,4,1,2,3,1187.0942105263157,1118.0985360836485,19,1187.0942105263157,1118.0985360836485,19,2,-1.0594899923723724,0.10594899923723725
T0000528,2024-03-24 07:00:17,A100185,,deposit,7.55,other,UA,branch,normal transaction,0,7,6,0,3,6,1,0,7.55,0.0,1,7.55,0.0,1,0,0.0,0.0
T0000529,2024-03-24 07:03:12,A100187,,withdrawal,39.78,remittance,GB,branch,normal transaction,0,7,6,0,4,2,1,3,560.5400000000001,1125.7308155149703,5,560.5400000000001,1125.7308155149703,5,4,-0.46259726780169813,0.04625972678016981
T0000530,2024-03-24 21:57:04,A100184,,payment,32.61,other,GB,online,normal transaction,0,21,6,0,3,2,3,1,70.765,53.95931847234544,2,70.765,53.959318472345444,2,1,-0.7071067680821054,0.07071067680821054
T0000531,2024-03-24 22:24:57,A100134,A100008,transfer,59.1,electronics,IN,online,normal transaction,0,22,6,1,0,3,3,2,68.78,34.445680425853105,3,68.78,34.445680425853105,3,2,-0.28102216589434936,0.028102216589434938
T0000532,2024-03-25 00:50:20,A100105,,payment,32.22,travel,NG,online,normal transaction,0,0,0,0,7,4,3,1,976.9714285714286,2464.683787597837,7,976.9714285714286,2464.683787597837,7,4,-0.3833154715189243,0.03833154715189243
T0000533,2024-03-25 01:29:21,A100181,A100038,transfer,13.02,grocery,NG,mobile,normal transaction,0,1,0,1,1,4,2,2,40.987142857142864,25.057577506139545,7,40.987142857142864,25.057577506139545,7,3,-1.1161151445775346,0.11161151445775346
T0000534,2024-03-25 06:50:13,A100095,A100015,transfer,8.4,other,UA,online,normal transaction,0,6,0,1,3,6,3,2,3601.35625,10107.173301680255,8,3601.35625,10107.173301680257,8,3,-0.3554857666334074,0.03554857666334074
T0000535,2024-03-25 09:17:51,A100001,,payment,6.6,salary,IN,online,normal transaction,0,9,0,0,5,3,3,1,63.51249999999999,60.7939478210345,4,63.51249999999999,60.7939478210345,4,1,-0.9361540269005927,0.09361540269005927
T0000536,2024-03-25 18:12:11,A100135,,payment,16.96,utilities,CN,online,normal transaction,0,18,0,0,8,1,3,1,34.715,20.515267241739743,6,34.715,20.515267241739746,6,1,-0.8654529782786956,0.08654529782786956
T0000537,2024-03-25 22:51:49,A100128,A100178,transfer,93.68,salary,GB,online,normal transaction,0,22,0,1,5,2,3,2,55.67666666666667,46.5626329438818,6,55.67666666666667,46.562632943881795,6,4,0.8161766230650892,0.08161766230650892
T0000538,2024-03-26 00:02:21,A100024,,payment,286.38,travel,NG,branch,normal transaction,0,0,1,0,7,4,1,1,100.0575,126.59644028039123,4,100.0575,126.59644028039125,4,3,1.4717830779091563,0.14717830779091562
T0000539,2024-03-26 04:20:48,A100158,,payment,18.07,utilities,AE,atm,normal transaction,0,4,1,0,8,0,0,1,1869.3775,3692.639370408607,4,1869.3775,3692.6393704086067,4,2,-0.5013507450346537,0.05013507450346537
T0000540,2024-03-26 08:23:47,A100101,A100020,transfer,34.19,remittance,RU,mobile,normal transaction,0,8,1,1,4,5,2,2,67.79363636363637,56.52898588737061,11,67.79363636363637,56.52898588737061,11,7,-0.5944496481175024,0.059444964811750246
T0000541,2024-03-26 09:02:50,A100144,A100062,transfer,15.59,health,CN,online,normal transaction,0,9,1,1,2,1,3,2,34.052,34.054596165569194,5,34.052,34.054596165569194,5,4,-0.5421294490796665,0.05421294490796665
T0000542,2024-03-26 11:55:07,A100167,A100166,transfer,22.98,grocery,US,mobile,normal transaction,0,11,1,1,1,7,2,2,419.275,1034.1869614892105,8,419.275,1034.1869614892105,8,5,-0.3831947359364767,0.038319473593647665
T0000543,2024-03-26 12:12:51,A100097,,deposit,39.83,salary,UA,online,normal transaction,0,12,1,0,5,6,3,0,67.045,62.7100533407523,6,67.045,62.7100533407523,6,4,-0.43398144501868596,0.043398144501868595
T0000544,2024-03-27 00:45:15,A100163,A100002,transfer,8.61,travel,US,mobile,normal transaction,0,0,2,1,7,7,2,2,42.3625,38.96269957707414,4,42.3625,38.96269957707414,4,2,-0.8662772215501959,0.0866277221550196
T0000545,2024-03-27 02:28:31,A100111,,payment,12.53,remittance,US,online,normal transaction,0,2,2,0,4,7,3,1,42.46,34.29482468245027,4,42.46,34.29482468245027,4,1,-0.8727264071010022,0.08727264071010023
T0000546,2024-03-27 06:48:24,A100058,,withdrawal,108.39,health,UA,atm,normal transaction,0,6,2,0,2,6,0,3,50.725,47.808839838116405,4,50.725,47.808839838116405,4,1,1.2061576685211244,0.12061576685211244
T0000547,2024-03-27 08:02:18,A100011,,deposit,67.96,electronics,CN,online,normal transaction,0,8,2,0,0,1,3,0,47.64142857142857,40.75138256491896,7,47.64142857142857,40.75138256491896,7,5,0.49859832111474056,0.04985983211147406
T0000548,2024-03-27 08:22:52,A100045,,payment,89.66,remittance,IN,branch,normal transaction,0,8,2,0,4,3,1,1,640.21,1781.6826732614315,9,640.21,1781.6826732614315,9,8,-0.30900564278553244,0.030900564278553245
T0000549,2024-03-27 12:18:03,A100150,A100036,transfer,15.54,salary,US,atm,normal transaction,0,12,2,1,5,7,0,2,98.085,116.73625850608713,2,98.085,116.73625850608713,2,1,-0.7071067751292455,0.07071067751292455
T0000550,2024-03-27 13:13:19,A100041,,deposit,124.99,health,RU,atm,normal transaction,0,13,2,0,2,5,0,0,64.19500000000001,38.281538500953694,6,64.19500000000001,38.281538500953694,6,4,1.5881022757322867,0.15881022757322866
T0000551,2024-03-27 17:21:07,A100098,A100193,transfer,57.76,travel,US,atm,normal transaction,0,17,2,1,7,7,0,2,74.00999999999999,29.275790908758264,4,74.00999999999999,29.275790908758264,4,3,-0.5550661123239702,0.055506611232397016
T0000552,2024-03-27 17:31:24,A100013,,payment,17.4,electronics,RU,branch,normal transaction,0,17,2,0,0,5,1,1,27.01333333333333,8.38886364970449,3,27.013333333333332,8.38886364970449,3,1,-1.1459635760927407,0.11459635760927407
T0000553,2024-03-28 09:09:55,A100019,A100087,transfer,83.75,salary,AE,online,normal transaction,0,9,3,1,5,0,3,2,90.68,27.029954988247145,4,90.68,27.029954988247145,4,3,-0.25638221545803586,0.025638221545803586
T0000554,2024-03-28 12:39:30,A100162,A100069,transfer,56.73,other,UA,branch,normal transaction,0,12,3,1,3,6,1,2,68.56333333333333,48.15342923060274,6,68.56333333333333,48.15342923060274,6,5,-0.24574227166506094,0.024574227166506094
T0000555,2024-03-28 13:12:23,A100091,A100141,transfer,96.79,salary,RU,branch,normal transaction,0,13,3,1,5,5,1,2,32.276,37.3156901316323,5,32.276,37.3156901316323,5,3,1.728870564729052,0.1728870564729052
T0000556,2024-03-28 23:44:07,A100174,,withdrawal,11.65,salary,US,atm,normal transaction,0,23,3,0,5,7,0,3,62.17428571428571,69.56584072113334,7,62.17428571428571,69.56584072113334,7,5,-0.7262800889669533,0.07262800889669532
T0000557,2024-03-29 02:03:01,A100063,A100182,transfer,4.64,electronics,US,atm,normal transaction,0,2,4,1,0,7,0,2,46.53,52.87252310983465,7,46.529999999999994,52.87252310983465,7,4,-0.7922829618079112,0.07922829618079112
T0000558,2024-03-29 13:30:51,A100039,,withdrawal,26.54,salary,GB,mobile,normal transaction,0,13,4,0,5,2,2,3,37.26666666666667,9.676783212066567,3,37.26666666666667,9.676783212066567,3,2,-1.1084949743212156,0.11084949743212155
T0000559,2024-03-29 22:13:58,A100081,A100092,transfer,25.11,electronics,US,online,normal transaction,0,22,4,1,0,7,3,2,107.2825,98.7534338221546,4,107.2825,98.7534338221546,4,3,-0.8320976394186667,0.08320976394186666
T0000560,2024-03-29 23:34:47,A100078,,payment,28.02,other,AE,atm,normal transaction,0,23,4,0,3,0,0,1,34.593333333333334,9.924889587966874,3,34.593333333333334,9.924889587966874,3,0,-0.6623078889456947,0.06623078889456947
T0000561,2024-03-30 05:12:23,A100026,A100033,transfer,43.93,electronics,GB,mobile,normal transaction,0,5,5,1,0,2,2,2,2573.386923076923,2424.7499487314303,13,2573.386923076923,2424.7499487314303,13,5,-1.0431825860464872,0.10431825860464872
T0000562,2024-03-30 12:35:13,A100114,A100142,transfer,64.26,salary,US,online,normal transaction,0,12,5,1,5,7,3,2,104.3075,71.74713902542271,4,104.3075,71.74713902542271,4,2,-0.5581755591346172,0.05581755591346173
T0000563,2024-03-30 13:22:05,A100022,A100090,transfer,107.07,electronics,AE,mobile,normal transaction,0,13,5,1,0,0,2,2,113.862,107.37644234188429,5,113.862,107.37644234188427,5,2,-0.06325409734772477,0.006325409734772478
T0000564,2024-03-31 06:04:47,A100003,,payment,49.39,utilities,RU,mobile,normal transaction,0,6,6,0,8,5,2,1,159.408,129.09829518626495,5,159.408,129.09829518626495,5,2,-0.8522033462104285,0.08522033462104285
T0000565,2024-03-31 12:53:24,A100199,,withdrawal,17.26,electronics,NG,branch,normal transaction,0,12,6,0,0,4,1,3,49.02111111111111,46.28122525507629,9,49.02111111111111,46.28122525507629,9,5,-0.6862633875788335,0.06862633875788335
T0000566,2024-03-31 15:42:34,A100175,,payment,45.1,salary,GB,branch,normal transaction,0,15,6,0,5,2,1,1,4568.722857142858,10138.80446468043,7,4568.722857142858,10138.80446468043,7,5,-0.44616925717969946,0.04461692571796995
T0000567,2024-03-31 19:16:45,A100068,A100077,transfer,181.67,utilities,UA,branch,normal transaction,0,19,6,1,8,6,1,2,59.54333333333333,68.89199537440228,6,59.54333333333333,68.89199537440228,6,1,1.7727264862953576,0.17727264862953576
T0000568,2024-03-31 20:41:30,A100016,A100042,transfer,70.34,salary,CN,mobile,normal transaction,0,20,6,1,5,1,2,2,39.235,34.260815810485305,4,39.235,34.260815810485305,4,1,0.9078884538001009,0.09078884538001009
T0000569,2024-04-01 00:44:14,A100076,,payment,48.48,other,US,atm,normal transaction,0,0,0,0,3,7,0,1,68.21333333333332,68.25519281832457,6,68.21333333333332,68.25519281832457,6,2,-0.2891110878075844,0.02891110878075844
T0000570,2024-04-01 01:26:05,A100064,A100063,transfer,26.87,other,NG,mobile,normal transaction,0,1,0,1,3,4,2,2,46.998000000000005,14.91650327657256,5,46.998000000000005,14.916503276572561,5,3,-1.3493778184753698,0.13493778184753696
T0000571,2024-04-01 07:52:26,A100027,,withdrawal,14.15,travel,CN,online,normal transaction,0,7,0,0,7,1,3,3,86.375,155.1810511260039,8,86.375,155.18105112600387,8,5,-0.46542409018695635,0.046542409018695635
T0000572,2024-04-01 11:06:48,A100101,A100085,transfer,10.02,salary,AE,mobile,normal transaction,0,11,0,1,5,0,2,2,67.79363636363637,56.52898588737061,11,67.79363636363637,56.52898588737061,11,7,-1.0220178981580834,0.10220178981580834
T0000573,2024-04-01 12:52:11,A100085,,payment,51.66,salary,GB,atm,normal transaction,0,12,0,0,5,2,0,1,42.2425,17.48667945418264,4,42.2425,17.48667945418264,4,0,0.538552758751157,0.0538552758751157
T0000574,2024-04-01 16:06:05,A100082,,deposit,15.11,health,UA,atm,normal transaction,0,16,0,0,2,6,0,0,53.09333333333333,56.750026842871776,6,53.093333333333334,56.750026842871776,6,4,-0.6693095100939994,0.06693095100939994
T0000575,2024-04-02 04:47:19,A100045,A100101,transfer,63.33,remittance,CN,mobile,normal transaction,0,4,1,1,4,1,2,2,640.21,1781.6826732614315,9,640.21,1781.6826732614315,9,8,-0.32378380748363983,0.03237838074836398
T0000576,2024-04-02 06:22:20,A100147,,deposit,68.2,health,AE,mobile,normal transaction,0,6,1,0,2,0,2,0,48.83166666666667,42.54309693318843,6,48.83166666666667,42.54309693318843,6,1,0.45526382126074183,0.04552638212607418
T0000577,2024-04-03 04:48:25,A100071,A100100,transfer,22.81,remittance,US,branch,normal transaction,0,4,2,1,4,7,1,2,59.90888888888888,64.24285358007621,9,59.90888888888888,64.24285358007621,9,6,-0.5774788360726805,0.05774788360726805
T0000578,2024-04-03 07:11:17,A100151,A100139,transfer,41.46,travel,IN,mobile,normal transaction,0,7,2,1,7,3,2,2,11739.095,16542.9540646902,2,11739.095,16542.9540646902,2,2,-0.7071067811438039,0.0707106781143804
T0000579,2024-04-03 09:10:30,A100181,A100053,transfer,84.15,other,CN,online,normal transaction,0,9,2,1,3,1,3,2,40.987142857142864,25.057577506139545,7,40.987142857142864,25.057577506139545,7,3,1.7225470183514136,0.17225470183514136
T0000580,2024-04-03 13:55:58,A100104,,deposit,7.2,other,GB,atm,normal transaction,0,13,2,0,3,2,0,0,511.62777777777774,1407.0761544047446,9,511.62777777777774,1407.0761544047446,9,3,-0.35849358674739207,0.03584935867473921
T0000581,2024-04-03 20:15:22,A100061,,deposit,117.05,utilities,GB,mobile,normal transaction,0,20,2,0,8,2,2,0,61.5525,43.00580997570755,4,61.5525,43.00580997570755,4,1,1.2904651427535818,0.12904651427535818
T0000582,2024-04-03 23:48:18,A100096,A100018,transfer,18.84,other,UA,mobile,normal transaction,0,23,2,1,3,6,2,2,37.41,20.8341610502239,4,37.41,20.8341610502239,4,4,-0.8913245445261585,0.08913245445261585
T0000583,2024-04-04 03:16:29,A100136,A100129,transfer,39.83,salary,IN,atm,normal transaction,0,3,3,1,5,3,0,2,32.15,10.86116015902537,2,32.15,10.86116015902537,2,1,0.7071067160823868,0.07071067160823868
T0000584,2024-04-04 06:33:52,A100179,A100137,transfer,92.21,electronics,US,branch,normal transaction,0,6,3,1,0,7,1,2,42.63666666666666,42.959377711197504,3,42.63666666666666,42.959377711197504,3,1,1.1539583397283135,0.11539583397283135
T0000585,2024-04-04 07:49:20,A100168,,payment,59.89,remittance,GB,online,normal transaction,0,7,3,0,4,2,3,1,59.89,0.0,1,59.89,0.0,1,0,0.0,0.0
T0000586,2024-04-04 10:34:51,A100144,,deposit,27.93,salary,AE,mobile,normal transaction,0,10,3,0,5,0,2,0,34.052,34.054596165569194,5,34.052,34.054596165569194,5,4,-0.17977014880650627,0.01797701488065063
T0000587,2024-04-04 16:43:38,A100027,A100002,transfer,21.05,electronics,CN,branch,normal transaction,0,16,3,1,0,1,1,2,86.375,155.1810511260039,8,86.375,155.18105112600387,8,5,-0.4209598988087633,0.04209598988087633
T0000588,2024-04-04 22:56:36,A100130,A100191,transfer,10.57,health,UA,atm,normal transaction,0,22,3,1,2,6,0,2,47.456,21.581161460866745,5,47.456,21.581161460866745,5,1,-1.7091757715501013,0.17091757715501013
T0000589,2024-04-05 00:32:04,A100100,A100118,transfer,27.29,travel,AE,online,normal transaction,0,0,4,1,7,0,3,2,26.42,1.2303657992645929,2,26.42,1.2303657992645929,2,1,0.7071062064743688,0.07071062064743688
T0000590,2024-04-05 00:54:19,A100123,,withdrawal,150.42,electronics,CN,mobile,normal transaction,0,0,4,0,0,1,2,3,1932.0075,3723.909825504864,4,1932.0075,3723.909825504864,4,2,-0.47841853938556234,0.047841853938556236
T0000591,2024-04-06 02:31:37,A100021,,payment,62.23,electronics,GB,atm,normal transaction,0,2,5,0,0,2,0,1,35.81333333333333,20.217495064094035,6,35.81333333333333,20.217495064094035,6,0,1.3066240538848064,0.13066240538848065
T0000592,2024-04-06 06:38:31,A100079,A100087,transfer,112.28,other,NG,mobile,normal transaction,0,6,5,1,3,4,2,2,50.64666666666667,42.194028803453534,6,50.64666666666667,42.194028803453534,6,1,1.4607121818046571,0.1460712181804657
T0000593,2024-04-06 07:08:44,A100089,A100121,transfer,59.27,electronics,UA,mobile,normal transaction,0,7,5,1,0,6,2,2,51.95285714285715,53.52989716481987,7,51.95285714285715,53.52989716481987,7,4,0.136692635480329,0.013669263548032901
T0000594,2024-04-06 14:28:15,A100081,A100017,transfer,218.02,utilities,IN,online,normal transaction,0,14,5,1,8,3,3,2,107.2825,98.7534338221546,4,107.2825,98.7534338221546,4,3,1.1213534010176716,0.11213534010176715
T0000595,2024-04-06 15:17:11,A100005,A100087,transfer,154.97,electronics,GB,branch,normal transaction,0,15,5,1,0,2,1,2,61.49000000000001,81.55792358808554,3,61.49000000000001,81.55792358808554,3,1,1.1461792397504937,0.11461792397504937
T0000596,2024-04-06 16:54:55,A100132,,deposit,38.13,travel,GB,atm,normal transaction,0,16,5,0,7,2,0,0,42.45333333333333,34.73736652847094,3,42.45333333333333,34.73736652847094,3,1,-0.1244577134346724,0.01244577134346724
T0000597,2024-04-06 18:20:04,A100143,,payment,5.65,salary,UA,branch,normal transaction,0,18,5,0,5,6,1,1,41.924,25.575688260533678,5,41.924,25.575688260533674,5,1,-1.418299996941826,0.14182999969418258
T0000598,2024-04-06 19:32:06,A100103,A100161,transfer,55.35,travel,GB,mobile,normal transaction,0,19,5,1,7,2,2,2,111.124,104.71567351643208,5,111.124,104.71567351643208,5,2,-0.532623222431212,0.0532623222431212
T0000599,2024-04-06 21:59:10,A100101,A100007,transfer,19.44,health,UA,mobile,normal transaction,0,21,5,1,2,6,2,2,67.79363636363637,56.52898588737061,11,67.79363636363637,56.52898588737061,11,7,-0.8553777278898885,0.08553777278898886
T0000600,2024-04-06 22:33:33,A100099,,deposit,32.22,grocery,NG,branch,normal transaction,0,22,5,0,1,4,1,0,19.69,11.036797542765743,3,19.689999999999998,11.036797542765745,3,1,1.1352929884013332,0.11352929884013332
T0000601,2024-04-07 00:51:21,A100071,A100192,transfer,194.85,electronics,US,branch,normal transaction,0,0,6,1,0,7,1,2,59.90888888888888,64.24285358007621,9,59.90888888888888,64.24285358007621,9,6,2.100484357258943,0.21004843572589432
T0000602,2024-04-07 06:39:26,A100093,,withdrawal,12.2,remittance,NG,mobile,normal transaction,0,6,6,0,4,4,2,3,1022.998,2219.563042215742,5,1022.9979999999999,2219.563042215742,5,1,-0.45540405040063114,0.04554040504006311
T0000603,2024-04-07 12:13:28,A100029,A100067,transfer,44.78,other,AE,mobile,normal transaction,0,12,6,1,3,0,2,2,1144.47,2724.902909162086,6,1144.47,2724.902909162086,6,3,-0.4035703422308676,0.04035703422308676
T0000604,2024-04-08 00:46:29,A100156,,deposit,29.96,salary,US,atm,normal transaction,0,0,0,0,5,7,0,0,32.262,25.286964428337377,5,32.262,25.286964428337377,5,2,-0.09103504358891182,0.009103504358891183
T0000605,2024-04-08 01:59:18,A100090,,withdrawal,27.01,other,GB,atm,normal transaction,0,1,0,0,3,2,0,3,32.73666666666667,6.193555790766183,3,32.73666666666667,6.193555790766183,3,0,-0.9246168009962243,0.09246168009962244
T0000606,2024-04-08 11:27:25,A100157,,withdrawal,82.56,electronics,GB,atm,normal transaction,0,11,0,0,0,2,0,3,54.12,30.12394272003583,9,54.12,30.12394272003583,9,5,0.9440994932241952,0.09440994932241951
T0000607,2024-04-08 13:50:47,A100030,,payment,14.83,health,CN,online,normal transaction,0,13,0,0,2,1,3,1,49.626666666666665,62.159992760617335,9,49.626666666666665,62.159992760617335,9,3,-0.5597919909817103,0.05597919909817103
T0000608,2024-04-08 14:07:00,A100046,A100095,transfer,2.93,travel,RU,mobile,normal transaction,0,14,0,1,7,5,2,2,1027.1866666666667,2337.282116561884,9,1027.1866666666667,2337.282116561884,9,3,-0.43822551799399867,0.04382255179939987
T0000609,2024-04-08 15:49:24,A100152,,payment,80.16,travel,RU,mobile,normal transaction,0,15,0,0,7,5,2,1,83.35799999999999,60.30495891715705,5,83.35799999999999,60.30495891715705,5,1,-0.05303046390202719,0.005303046390202719
T0000610,2024-04-08 15:54:41,A100047,A100124,transfer,35.41,travel,GB,mobile,normal transaction,0,15,0,1,7,2,2,2,66.58,27.24981284339399,3,66.58,27.24981284339399,3,1,-1.143861025221512,0.1143861025221512
T0000611,2024-04-09 02:57:31,A100073,,deposit,55.48,travel,GB,atm,normal transaction,0,2,1,0,7,2,0,0,50.94,51.68395495702704,4,50.94,51.68395495702704,4,2,0.08784157319100751,0.00878415731910075
T0000612,2024-04-09 05:07:45,A100115,,withdrawal,73.28,grocery,AE,online,normal transaction,0,5,1,0,1,0,3,3,64.5525,43.71799915366668,8,64.5525,43.717999153666675,8,3,0.1996317299355703,0.01996317299355703
T0000613,2024-04-09 06:00:44,A100124,A100034,transfer,9.45,health,RU,mobile,normal transaction,0,6,1,1,2,5,2,2,2661.9866666666667,4587.808649195532,3,2661.9866666666667,4587.808649195532,3,3,-0.5781707278819521,0.057817072788195215
T0000614,2024-04-09 08:30:22,A100104,,payment,6.59,other,RU,mobile,normal transaction,0,8,1,0,3,5,2,1,511.62777777777774,1407.0761544047446,9,511.62777777777774,1407.0761544047446,9,3,-0.35892710983543313,0.03589271098354331
T0000615,2024-04-09 08:59:26,A100125,,withdrawal,106.14,travel,US,online,normal transaction,0,8,1,0,7,7,3,3,76.41,44.82227794300508,5,76.41,44.822277943005076,5,1,0.6632862206271116,0.06632862206271116
T0000616,2024-04-09 10:00:42,A100194,,withdrawal,40.47,health,CN,online,normal transaction,0,10,1,0,2,1,3,3,46.527142857142856,44.86537369891013,7,46.527142857142856,44.86537369891013,7,5,-0.13500707166254863,0.013500707166254863
T0000617,2024-04-09 12:58:33,A100070,,deposit,104.44,health,CN,branch,normal transaction,0,12,1,0,2,1,1,0,47.252,34.02397639900428,5,47.251999999999995,34.023976399004276,5,3,1.6808146598896352,0.1680814659889635
T0000618,2024-04-09 20:50:39,A100199,A100117,transfer,39.51,other,US,online,normal transaction,0,20,1,1,3,7,3,2,49.02111111111111,46.28122525507629,9,49.02111111111111,46.28122525507629,9,5,-0.20550689514342546,0.020550689514342545
T0000619,2024-04-09 23:58:52,A100068,,deposit,22.94,remittance,IN,mobile,normal transaction,0,23,1,0,4,3,2,0,59.54333333333333,68.89199537440228,6,59.54333333333333,68.89199537440228,6,1,-0.5313147427809738,0.053131474278097376
T0000620,2024-04-10 02:25:59,A100139,A100055,transfer,51.24,salary,US,branch,normal transaction,0,2,2,1,5,7,1,2,26.735,34.655303345952696,2,26.735,34.655303345952696,2,1,0.707106760782549,0.0707106760782549
T0000621,2024-04-10 04:54:53,A100076,A100008,transfer,81.77,other,CN,atm,normal transaction,0,4,2,1,3,1,0,2,68.21333333333332,68.25519281832457,6,68.21333333333332,68.25519281832457,6,2,0.19861736387051462,0.01986173638705146
T0000622,2024-04-10 09:07:30,A100022,A100112,transfer,33.81,electronics,NG,branch,normal transaction,0,9,2,1,0,4,1,2,113.862,107.37644234188429,5,113.862,107.37644234188427,5,2,-0.7455266491283955,0.07455266491283954
T0000623,2024-04-10 15:41:34,A100188,A100150,transfer,15.99,remittance,RU,branch,normal transaction,0,15,2,1,4,5,1,2,29.126666666666665,15.130420791681022,3,29.126666666666665,15.130420791681022,3,3,-0.8682287148061821,0.08682287148061821
T0000624,2024-04-10 15:54:22,A100157,,payment,17.36,travel,NG,branch,normal transaction,0,15,2,0,7,4,1,1,54.12,30.12394272003583,9,54.12,30.12394272003583,9,5,-1.2202917500323982,0.12202917500323981
T0000625,2024-04-10 16:37:33,A100015,A100145,transfer,14.89,remittance,CN,branch,normal transaction,0,16,2,1,4,1,1,2,52.4875,43.71289388346037,4,52.4875,43.71289388346037,4,3,-0.8601008947184999,0.08601008947184999
T0000626,2024-04-10 22:16:49,A100082,A100180,transfer,45.74,utilities,CN,atm,normal transaction,0,22,2,1,8,1,0,2,53.09333333333333,56.750026842871776,6,53.093333333333334,56.750026842871776,6,4,-0.12957409208138326,0.012957409208138326
T0000627,2024-04-11 06:44:50,A100131,,payment,25.73,electronics,GB,mobile,normal transaction,0,6,3,0,0,2,2,1,55.574,40.22363024392503,5,55.574,40.22363024392503,5,2,-0.7419519092898241,0.07419519092898241
T0000628,2024-04-11 07:50:19,A100015,A100070,transfer,80.09,travel,GB,branch,normal transaction,0,7,3,1,7,2,1,2,52.4875,43.71289388346037,4,52.4875,43.71289388346037,4,3,0.6314498290170197,0.06314498290170198
T0000629,2024-04-11 10:56:00,A100037,A100182,transfer,30.64,remittance,NG,mobile,normal transaction,0,10,3,1,4,4,2,2,31.345,0.9970205614730296,2,31.345,0.9970205614730296,2,1,-0.7071060719674006,0.07071060719674006
T0000630,2024-04-11 11:22:45,A100125,A100036,transfer,21.62,utilities,RU,mobile,normal transaction,0,11,3,1,8,5,2,2,76.41,44.82227794300508,5,76.41,44.822277943005076,5,1,-1.2223831829182454,0.12223831829182455
T0000631,2024-04-11 17:21:24,A100115,,payment,104.42,electronics,US,mobile,normal transaction,0,17,3,0,0,7,2,1,64.5525,43.71799915366668,8,64.5525,43.717999153666675,8,3,0.9119241470302314,0.09119241470302314
T0000632,2024-04-11 18:16:05,A100131,A100191,transfer,83.03,utilities,AE,mobile,normal transaction,0,18,3,1,8,0,2,2,55.574,40.22363024392503,5,55.574,40.22363024392503,5,2,0.6825838232630148,0.06825838232630148
T0000633,2024-04-11 21:42:54,A100124,A100083,transfer,16.98,grocery,US,mobile,normal transaction,0,21,3,1,1,7,2,2,2661.9866666666667,4587.808649195532,3,2661.9866666666667,4587.808649195532,3,3,-0.5765294214164614,0.05765294214164614
T0000634,2024-04-12 04:06:40,A100162,A100170,transfer,35.44,remittance,US,mobile,normal transaction,0,4,4,1,4,7,2,2,68.56333333333333,48.15342923060274,6,68.56333333333333,48.15342923060274,6,5,-0.6878706911368198,0.06878706911368197
T0000635,2024-04-12 04:47:55,A100055,A100109,transfer,77.69,health,UA,atm,normal transaction,0,4,4,1,2,6,0,2,45.635,45.33261574186956,2,45.635,45.33261574186956,2,2,0.7071067655883573,0.07071067655883573
T0000636,2024-04-12 11:06:13,A100082,A100072,transfer,23.69,remittance,GB,mobile,normal transaction,0,11,4,1,4,2,2,2,53.09333333333333,56.750026842871776,6,53.093333333333334,56.750026842871776,6,4,-0.5181201569582421,0.05181201569582421
T0000637,2024-04-12 11:55:05,A100087,,payment,22.12,grocery,IN,online,normal transaction,0,11,4,0,1,3,3,1,52.1525,36.95951332201224,4,52.1525,36.959513322012235,4,1,-0.8125783184903309,0.0812578318490331
T0000638,2024-04-12 16:10:00,A100160,,withdrawal,260.48,other,IN,online,normal transaction,0,16,4,0,3,3,3,3,83.14750000000001,84.9639415533773,8,83.14750000000001,84.9639415533773,8,1,2.087150085915488,0.2087150085915488
T0000639,2024-04-12 16:30:55,A100040,,payment,11.39,other,UA,online,normal transaction,0,16,4,0,3,6,3,1,27.068,17.052630882066264,5,27.068,17.052630882066264,5,2,-0.9193888725463004,0.09193888725463004
T0000640,2024-04-12 23:01:32,A100109,A100051,transfer,30.58,travel,CN,branch,normal transaction,0,23,4,1,7,1,1,2,32.195,2.283954903232551,2,32.195,2.283954903232551,2,1,-0.70710647158916,0.07071064715891599
T0000641,2024-04-13 15:35:38,A100070,A100023,transfer,52.06,remittance,CN,online,normal transaction,0,15,5,1,4,1,3,2,47.252,34.02397639900428,5,47.251999999999995,34.023976399004276,5,3,0.1413121089170696,0.01413121089170696
T0000642,2024-04-13 19:37:18,A100095,,withdrawal,27.46,travel,IN,mobile,normal transaction,0,19,5,0,7,3,2,3,3601.35625,10107.173301680255,8,3601.35625,10107.173301680257,8,3,-0.35359997726092823,0.03535999772609282
T0000643,2024-04-13 20:19:47,A100160,,deposit,88.74,utilities,NG,mobile,normal transaction,0,20,5,0,8,4,2,0,83.14750000000001,84.9639415533773,8,83.14750000000001,84.9639415533773,8,1,0.06582203970215465,0.006582203970215465
T0000644,2024-04-13 23:36:41,A100167,A100023,transfer,59.12,electronics,IN,branch,normal transaction,0,23,5,1,0,3,1,2,419.275,1034.1869614892105,8,419.275,1034.1869614892105,8,5,-0.3482494104674592,0.034824941046745925
T0000645,2024-04-13 23:56:32,A100122,A100019,transfer,45.87,travel,NG,mobile,normal transaction,0,23,5,1,7,4,2,2,39.27333333333333,5.738818112933473,3,39.27333333333333,5.738818112933473,3,2,1.1494815460901835,0.11494815460901835
T0000646,2024-04-14 00:46:20,A100002,,payment,39.19,grocery,AE,online,normal transaction,0,0,6,0,1,0,3,1,8251.873333333333,14235.819388620852,3,8251.873333333333,14235.819388620852,3,2,-0.5769027485218794,0.05769027485218794
T0000647,2024-04-14 05:43:37,A100108,A100177,transfer,123.67,travel,UA,online,normal transaction,0,5,6,1,7,6,3,2,53.5525,47.52469279227379,4,53.5525,47.52469279227379,4,3,1.4753908842943284,0.14753908842943284
T0000648,2024-04-14 08:16:31,A100058,,payment,3.97,salary,US,online,normal transaction,0,8,6,0,5,7,3,1,50.725,47.808839838116405,4,50.725,47.808839838116405,4,1,-0.9779571974630222,0.09779571974630222
T0000649,2024-04-14 11:00:06,A100026,,payment,18.03,remittance,AE,atm,normal transaction,0,11,6,0,4,0,0,1,2573.386923076923,2424.7499487314303,13,2573.386923076923,2424.7499487314303,13,5,-1.053864099826029,0.10538640998260289
T0000650,2024-04-14 12:38:05,A100035,,withdrawal,76.76,salary,GB,branch,normal transaction,0,12,6,0,5,2,1,3,54.12571428571429,44.52025376430479,7,54.12571428571429,44.52025376430479,7,2,0.5084042271122248,0.05084042271122248
T0000651,2024-04-14 13:03:32,A100017,,withdrawal,57.21,grocery,GB,mobile,normal transaction,0,13,6,0,1,2,2,3,32.586,17.894505581323003,5,32.586,17.894505581323003,5,3,1.3760647653565792,0.1376064765356579
T0000652,2024-04-14 13:40:16,A100089,A100184,transfer,166.56,health,GB,mobile,normal transaction,0,13,6,1,2,2,2,2,51.95285714285715,53.52989716481987,7,51.95285714285715,53.52989716481987,7,4,2.1409931045313155,0.21409931045313155
T0000653,2024-04-14 17:53:00,A100157,A100175,transfer,23.99,other,NG,online,normal transaction,0,17,6,1,3,4,3,2,54.12,30.12394272003583,9,54.12,30.12394272003583,9,5,-1.0002010453883612,0.10002010453883611
T0000654,2024-04-14 19:37:15,A100025,,payment,49.59,travel,US,mobile,normal transaction,0,19,6,0,7,7,2,1,2292.535714285714,2700.483736765335,14,2292.535714285714,2700.483736765335,14,6,-0.8305718278984209,0.08305718278984209
T0000655,2024-04-14 23:38:34,A100089,,deposit,32.32,salary,AE,branch,normal transaction,0,23,6,0,5,0,1,0,51.95285714285715,53.52989716481987,7,51.95285714285715,53.52989716481987,7,4,-0.3667643282714101,0.03667643282714101
T0000656,2024-04-15 04:09:10,A100063,A100070,transfer,20.81,electronics,NG,atm,normal transaction,0,4,0,1,0,4,0,2,46.53,52.87252310983465,7,46.529999999999994,52.87252310983465,7,4,-0.4864530383790756,0.048645303837907564
T0000657,2024-04-15 04:55:18,A100199,,payment,40.49,grocery,CN,branch,normal transaction,0,4,0,0,1,1,1,1,49.02111111111111,46.28122525507629,9,49.02111111111111,46.28122525507629,9,5,-0.18433200244289955,0.018433200244289953
T0000658,2024-04-15 05:57:09,A100132,,payment,79.15,health,RU,atm,normal transaction,0,5,0,0,2,5,0,1,42.45333333333333,34.73736652847094,3,42.45333333333333,34.73736652847094,3,1,1.0564032129547491,0.10564032129547492
T0000659,2024-04-15 10:41:28,A100165,A100013,transfer,8.62,health,UA,mobile,normal transaction,0,10,0,1,2,6,2,2,24.22,15.510783345788823,3,24.22,15.510783345788823,3,2,-1.0057518467294917,0.10057518467294917
T0000660,2024-04-15 12:08:53,A100028,,withdrawal,55.36,health,UA,online,normal transaction,0,12,0,0,2,6,3,3,809.96375,1481.7660718879397,8,809.96375,1481.7660718879395,8,6,-0.509259702868813,0.0509259702868813
T0000661,2024-04-15 20:20:46,A100135,,payment,39.63,grocery,AE,atm,normal transaction,0,20,0,0,1,0,0,1,34.715,20.515267241739743,6,34.715,20.515267241739746,6,1,0.23957766196788438,0.023957766196788438
T0000662,2024-04-16 02:33:33,A100033,A100099,transfer,49.89,salary,AE,branch,normal transaction,0,2,1,1,5,0,1,2,2312.938,3268.9619588135315,5,2312.938,3268.9619588135315,5,5,-0.6922833694060757,0.06922833694060757
T0000663,2024-04-16 07:00:09,A100195,A100120,transfer,26.02,electronics,IN,online,normal transaction,0,7,1,1,0,3,3,2,25.264,10.597437426095045,5,25.264,10.597437426095045,5,4,0.07133799410793765,0.007133799410793765
T0000664,2024-04-16 07:28:23,A100003,A100067,transfer,100.19,health,IN,online,normal transaction,0,7,1,1,2,3,3,2,159.408,129.09829518626495,5,159.408,129.09829518626495,5,2,-0.4587047370056641,0.04587047370056641
T0000665,2024-04-16 10:38:14,A100101,A100129,transfer,29.36,utilities,RU,mobile,normal transaction,0,10,1,1,8,5,2,2,67.79363636363637,56.52898588737061,11,67.79363636363637,56.52898588737061,11,7,-0.6798925379683922,0.06798925379683922
T0000666,2024-04-17 01:41:30,A100179,,deposit,19.39,salary,US,branch,normal transaction,0,1,2,0,5,7,1,0,42.63666666666666,42.959377711197504,3,42.63666666666666,42.959377711197504,3,1,-0.5411313516181588,0.05411313516181589
T0000667,2024-04-17 07:04:42,A100071,,payment,30.25,electronics,CN,online,normal transaction,0,7,2,0,0,1,3,1,59.90888888888888,64.24285358007621,9,59.90888888888888,64.24285358007621,9,6,-0.4616682910925173,0.046166829109251725
T0000668,2024-04-17 08:23:33,A100130,,payment,55.32,health,GB,atm,normal transaction,0,8,2,0,2,2,0,1,47.456,21.581161460866745,5,47.456,21.581161460866745,5,1,0.3643918632399824,0.03643918632399824
T0000669,2024-04-17 14:00:05,A100100,,payment,25.55,electronics,CN,mobile,normal transaction,0,14,2,0,0,1,2,1,26.42,1.2303657992645929,2,26.42,1.2303657992645929,2,1,-0.7071062064743717,0.07071062064743718
T0000670,2024-04-17 14:04:26,A100186,,payment,12.99,health,IN,branch,normal transaction,0,14,2,0,2,3,1,1,20.5625,6.715709816045756,4,20.5625,6.715709816045756,4,2,-1.1275798210231343,0.11275798210231343
T0000671,2024-04-17 21:08:50,A100022,,withdrawal,98.1,salary,US,mobile,normal transaction,0,21,2,0,5,7,2,3,113.862,107.37644234188429,5,113.862,107.37644234188427,5,2,-0.1467919732619019,0.014679197326190191
T0000672,2024-04-18 05:23:37,A100156,,deposit,47.81,grocery,CN,branch,normal transaction,0,5,3,0,1,1,1,0,32.262,25.286964428337377,5,32.262,25.286964428337377,5,2,0.6148622318507391,0.06148622318507391
T0000673,2024-04-18 05:47:58,A100030,,withdrawal,208.13,grocery,GB,online,normal transaction,0,5,3,0,1,2,3,3,49.626666666666665,62.159992760617335,9,49.626666666666665,62.159992760617335,9,3,2.5499251808766457,0.25499251808766454
T0000674,2024-04-18 05:50:57,A100041,A100127,transfer,73.7,remittance,CN,branch,normal transaction,0,5,3,1,4,1,1,2,64.19500000000001,38.281538500953694,6,64.19500000000001,38.281538500953694,6,4,0.24829199984925376,0.024829199984925377
T0000675,2024-04-18 07:15:36,A100095,,withdrawal,6.58,travel,CN,online,normal transaction,0,7,3,0,7,1,3,3,3601.35625,10107.173301680255,8,3601.35625,10107.173301680257,8,3,-0.355665836762364,0.0355665836762364
T0000676,2024-04-18 12:41:51,A100197,,deposit,85.65,grocery,AE,mobile,normal transaction,0,12,3,0,1,0,2,0,75.69833333333334,62.819306400713046,6,75.69833333333334,62.819306400713046,6,2,0.15841732547585696,0.015841732547585696
T0000677,2024-04-18 21:36:40,A100069,,withdrawal,183.21,electronics,CN,online,normal transaction,0,21,3,0,0,1,3,3,1201.3100000000002,2757.513036320953,6,1201.3100000000002,2757.513036320953,6,3,-0.36920949646320794,0.0369209496463208
T0000678,2024-04-18 21:56:24,A100127,,withdrawal,35.52,other,AE,online,normal transaction,0,21,3,0,3,0,3,3,1187.0942105263157,1118.0985360836485,19,1187.0942105263157,1118.0985360836485,19,2,-1.0299398240247968,0.10299398240247967
T0000679,2024-04-18 22:12:10,A100127,,payment,105.83,travel,AE,branch,normal transaction,0,22,3,0,7,0,1,1,1187.0942105263157,1118.0985360836485,19,1187.0942105263157,1118.0985360836485,19,2,-0.9670562787306669,0.09670562787306669
T0000680,2024-04-19 01:51:27,A100065,,deposit,87.81,electronics,US,branch,normal transaction,0,1,4,0,0,7,1,0,6100.39875,3698.5214383605376,8,6100.39875,3698.5214383605376,8,2,-1.6256736235222573,0.16256736235222574
T0000681,2024-04-19 10:18:16,A100189,A100130,transfer,54.66,grocery,IN,online,normal transaction,0,10,4,1,1,3,3,2,33.025,30.596510421941908,2,33.025,30.596510421941908,2,1,0.707106758075848,0.0707106758075848
T0000682,2024-04-19 13:13:08,A100062,A100011,transfer,17.22,other,AE,mobile,normal transaction,0,13,4,1,3,0,2,2,56.871428571428574,59.561764421081264,7,56.871428571428574,59.561764421081264,7,1,-0.6657194979213018,0.06657194979213019
T0000683,2024-04-19 19:09:56,A100038,A100045,transfer,5.31,grocery,RU,branch,normal transaction,0,19,4,1,1,5,1,2,73.49000000000001,48.26947068282394,9,73.49000000000001,48.26947068282394,9,5,-1.4124869741273958,0.14124869741273957
T0000684,2024-04-20 04:05:14,A100082,A100063,transfer,166.05,salary,AE,atm,normal transaction,0,4,5,1,5,0,0,2,53.09333333333333,56.750026842871776,6,53.093333333333334,56.750026842871776,6,4,1.9904248677977499,0.19904248677977499
T0000685,2024-04-20 07:40:12,A100019,A100146,transfer,123.34,remittance,US,online,normal transaction,0,7,5,1,4,7,3,2,90.68,27.029954988247145,4,90.68,27.029954988247145,4,3,1.2082890558238735,0.12082890558238735
T0000686,2024-04-20 08:45:15,A100045,A100057,transfer,25.89,grocery,RU,online,normal transaction,0,8,5,1,1,5,3,2,640.21,1781.6826732614315,9,640.21,1781.6826732614315,9,8,-0.34479765048770916,0.03447976504877091
T0000687,2024-04-20 11:25:45,A100119,A100072,transfer,14.25,utilities,AE,online,normal transaction,0,11,5,1,8,0,3,2,18.49,11.417650809163854,5,18.490000000000002,11.417650809163854,5,4,-0.37135481716099983,0.03713548171609998
T0000688,2024-04-20 23:27:17,A100141,A100116,transfer,34.59,grocery,AE,branch,normal transaction,0,23,5,1,1,0,1,2,25.9625,15.094826691855156,8,25.9625,15.094826691855156,8,6,0.5715533940579672,0.05715533940579672
T0000689,2024-04-21 03:28:34,A100074,,deposit,180.38,utilities,NG,mobile,normal transaction,0,3,6,0,8,4,2,0,127.475,52.76572909253379,4,127.475,52.76572909253379,4,2,1.0026394007478334,0.10026394007478334
T0000690,2024-04-21 04:39:01,A100094,A100151,transfer,17.96,other,NG,branch,normal transaction,0,4,6,1,3,4,1,2,86.57666666666667,119.47163359280452,3,86.57666666666667,119.47163359280451,3,2,-0.5743343756912094,0.057433437569120935
T0000691,2024-04-21 05:15:13,A100038,,withdrawal,31.91,grocery,RU,online,normal transaction,0,5,6,0,1,5,3,3,73.49000000000001,48.26947068282394,9,73.49000000000001,48.26947068282394,9,5,-0.8614140273425804,0.08614140273425805
T0000692,2024-04-21 19:29:22,A100059,A100138,transfer,8.11,remittance,IN,atm,normal transaction,0,19,6,1,4,3,0,2,14.2725,9.372948219921698,4,14.272499999999999,9.372948219921698,4,2,-0.6574771563791191,0.0657477156379119
T0000693,2024-04-21 23:15:49,A100000,,withdrawal,30.47,salary,CN,online,normal transaction,0,23,6,0,5,1,3,3,31.478,16.984412559756077,5,31.477999999999998,16.984412559756077,5,1,-0.059348531313934604,0.005934853131393461
T0000694,2024-04-22 00:11:28,A100052,A100135,transfer,24.31,health,RU,mobile,normal transaction,0,0,0,1,2,5,2,2,6070.90125,2443.191814821853,8,6070.90125,2443.191814821853,8,2,-2.474873733139949,0.2474873733139949
T0000695,2024-04-22 06:40:51,A100015,A100036,transfer,15.61,utilities,US,online,normal transaction,0,6,0,1,8,7,3,2,52.4875,43.71289388346037,4,52.4875,43.71289388346037,4,3,-0.84362978243185,0.084362978243185
T0000696,2024-04-22 09:33:21,A100059,,withdrawal,28.22,salary,AE,mobile,normal transaction,0,9,0,0,5,0,2,3,14.2725,9.372948219921698,4,14.272499999999999,9.372948219921698,4,2,1.488058846019921,0.14880588460199212
T0000697,2024-04-22 09:55:13,A100191,A100021,transfer,64.8,electronics,GB,mobile,normal transaction,0,9,0,1,0,2,2,2,35.85666666666666,34.035356126632,6,35.85666666666666,34.035356126632,6,2,0.850390175888172,0.0850390175888172
T0000698,2024-04-22 10:24:13,A100019,A100151,transfer,97.13,grocery,RU,branch,normal transaction,0,10,0,1,1,5,1,2,90.68,27.029954988247145,4,90.68,27.029954988247145,4,3,0.2386241399284743,0.02386241399284743
T0000699,2024-04-22 13:07:29,A100060,A100074,transfer,33.83,utilities,AE,mobile,normal transaction,0,13,0,1,8,0,2,2,40.076,32.51319316831246,5,40.076,32.51319316831246,5,2,-0.19210662501094367,0.019210662501094367
T0000700,2024-04-23 08:52:07,A100179,,deposit,16.31,remittance,AE,mobile,normal transaction,0,8,1,0,4,0,2,0,42.63666666666666,42.959377711197504,3,42.63666666666666,42.959377711197504,3,1,-0.6128269881101547,0.06128269881101547
T0000701,2024-04-23 11:03:36,A100069,A100059,transfer,7.29,electronics,NG,branch,normal transaction,0,11,1,1,0,4,1,2,1201.3100000000002,2757.513036320953,6,1201.3100000000002,2757.513036320953,6,3,-0.4330061123337586,0.043300611233375856
T0000702,2024-04-23 20:35:13,A100199,A100197,transfer,6.81,electronics,GB,online,normal transaction,0,20,1,1,0,2,3,2,49.02111111111111,46.28122525507629,9,49.02111111111111,46.28122525507629,9,5,-0.9120568862732162,0.09120568862732162
T0000703,2024-04-24 03:31:52,A100042,,payment,81.05,other,UA,atm,normal transaction,0,3,2,0,3,6,0,1,713.518,1464.4911506287774,5,713.518,1464.4911506287774,5,2,-0.4318687752374481,0.04318687752374481
T0000704,2024-04-24 10:25:01,A100104,,deposit,20.43,electronics,AE,branch,normal transaction,0,10,2,0,0,0,1,0,511.62777777777774,1407.0761544047446,9,511.62777777777774,1407.0761544047446,9,3,-0.3490911105920098,0.034909111059200984
T0000705,2024-04-24 11:36:30,A100115,,deposit,38.35,utilities,UA,atm,normal transaction,0,11,2,0,8,6,0,0,64.5525,43.71799915366668,8,64.5525,43.717999153666675,8,3,-0.599352667274337,0.0599352667274337
T0000706,2024-04-24 15:18:41,A100030,A100023,transfer,25.32,travel,CN,online,normal transaction,0,15,2,1,7,1,3,2,49.626666666666665,62.159992760617335,9,49.626666666666665,62.159992760617335,9,3,-0.3910339302843789,0.03910339302843789
T0000707,2024-04-24 17:44:54,A100055,A100083,transfer,13.58,travel,US,branch,normal transaction,0,17,2,1,7,7,1,2,45.635,45.33261574186956,2,45.635,45.33261574186956,2,2,-0.7071067655883573,0.07071067655883573
T0000708,2024-04-24 18:15:51,A100091,A100101,transfer,29.04,grocery,CN,atm,normal transaction,0,18,2,1,1,1,0,2,32.276,37.3156901316323,5,32.276,37.3156901316323,5,3,-0.08671955153088041,0.00867195515308804
T0000709,2024-04-24 18:35:54,A100044,A100007,transfer,35.76,salary,UA,branch,normal transaction,0,18,2,1,5,6,1,2,65.94,51.54232096054658,5,65.94,51.54232096054658,5,5,-0.5855382305651943,0.058553823056519426
T0000710,2024-04-25 05:58:07,A100024,A100118,transfer,11.13,electronics,GB,online,normal transaction,0,5,3,1,0,2,3,2,100.0575,126.59644028039123,4,100.0575,126.59644028039125,4,3,-0.7024486557488575,0.07024486557488575
T0000711,2024-04-25 09:34:15,A100003,,deposit,135.77,grocery,NG,branch,normal transaction,0,9,3,0,1,4,1,0,159.408,129.09829518626495,5,159.408,129.09829518626495,5,2,-0.18310078985004355,0.018310078985004356
T0000712,2024-04-25 13:36:51,A100050,,payment,85.9,salary,AE,online,normal transaction,0,13,3,0,5,0,3,1,62.586,50.17527408993398,5,62.586,50.17527408993398,5,3,0.4646511645070621,0.04646511645070621
T0000713,2024-04-25 18:45:47,A100149,,deposit,44.13,utilities,US,online,normal transaction,0,18,3,0,8,7,3,0,46.22,24.69688948025642,5,46.22,24.69688948025642,5,1,-0.08462603831323694,0.008462603831323693
T0000714,2024-04-26 04:04:21,A100016,,deposit,10.55,health,UA,branch,normal transaction,0,4,4,0,2,6,1,0,39.235,34.260815810485305,4,39.235,34.260815810485305,4,1,-0.8372538272707246,0.08372538272707246
T0000715,2024-04-26 04:07:10,A100023,A100084,transfer,36.91,electronics,IN,mobile,normal transaction,0,4,4,1,0,3,2,2,27.156666666666663,15.310732619092178,3,27.156666666666666,15.310732619092178,3,2,0.6370258653818599,0.06370258653818599
T0000716,2024-04-26 05:31:04,A100012,A100043,transfer,19.13,salary,RU,mobile,normal transaction,0,5,4,1,5,5,2,2,26.726,20.05466230082172,5,26.726,20.05466230082172,5,3,-0.3787647733626503,0.03787647733626503
T0000717,2024-04-26 06:02:34,A100007,A100097,transfer,36.34,salary,GB,atm,normal transaction,0,6,4,1,5,2,0,2,32.872,23.04029340090964,5,32.872,23.040293400909636,5,2,0.15051891003020718,0.015051891003020717
T0000718,2024-04-26 07:43:26,A100054,A100047,transfer,87.31,utilities,CN,mobile,normal transaction,0,7,4,1,8,1,2,2,65.89555555555555,75.70479246902258,9,65.89555555555555,75.70479246902258,9,2,0.2828677480403796,0.028286774804037962
T0000719,2024-04-26 12:26:27,A100038,A100008,transfer,50.76,health,CN,mobile,normal transaction,0,12,4,1,2,1,2,2,73.49000000000001,48.26947068282394,9,73.49000000000001,48.26947068282394,9,5,-0.4708980481360475,0.04708980481360475
T0000720,2024-04-26 16:54:41,A100105,,withdrawal,90.07,other,IN,online,normal transaction,0,16,4,0,3,3,3,3,976.9714285714286,2464.683787597837,7,976.9714285714286,2464.683787597837,7,4,-0.35984390073664924,0.035984390073664926
T0000721,2024-04-26 19:16:36,A100071,,payment,16.93,salary,GB,mobile,normal transaction,0,19,4,0,5,2,2,1,59.90888888888888,64.24285358007621,9,59.90888888888888,64.24285358007621,9,6,-0.6690065248473256,0.06690065248473256
T0000722,2024-04-27 02:11:24,A100051,,payment,28.95,health,IN,mobile,normal transaction,0,2,5,0,2,3,2,1,88.514,94.09615682906502,5,88.514,94.09615682906502,5,2,-0.633012031247906,0.0633012031247906
T0000723,2024-04-27 03:43:33,A100182,A100091,transfer,74.5,other,UA,atm,normal transaction,0,3,5,1,3,6,0,2,109.8275,60.11029882640744,4,109.8275,60.11029882640744,4,2,-0.5877112591689329,0.058771125916893284
T0000724,2024-04-27 05:34:53,A100144,A100128,transfer,93.0,remittance,RU,atm,normal transaction,0,5,5,1,4,5,0,2,34.052,34.054596165569194,5,34.052,34.054596165569194,5,4,1.730985091774899,0.1730985091774899
T0000725,2024-04-27 07:27:30,A100046,,withdrawal,102.18,grocery,AE,branch,normal transaction,0,7,5,0,1,0,1,3,1027.1866666666667,2337.282116561884,9,1027.1866666666667,2337.282116561884,9,3,-0.3957616668164901,0.03957616668164901
T0000726,2024-04-27 09:42:37,A100007,,deposit,24.34,utilities,IN,mobile,normal transaction,0,9,5,0,8,3,2,0,32.872,23.04029340090964,5,32.872,23.040293400909636,5,2,-0.37030776827500755,0.03703077682750076
T0000727,2024-04-27 10:22:53,A100135,,deposit,72.22,remittance,NG,branch,normal transaction,0,10,5,0,4,4,1,0,34.715,20.515267241739743,6,34.715,20.515267241739746,6,1,1.8281506026664303,0.18281506026664301
T0000728,2024-04-27 14:31:59,A100025,A100063,transfer,18.87,health,CN,online,normal transaction,0,14,5,1,2,1,3,2,2292.535714285714,2700.483736765335,14,2292.535714285714,2700.483736765335,14,6,-0.8419475675743877,0.08419475675743877
T0000729,2024-04-27 16:38:27,A100195,A100056,transfer,26.86,salary,AE,branch,normal transaction,0,16,5,1,5,0,1,2,25.264,10.597437426095045,5,25.264,10.597437426095045,5,4,0.1506024320056461,0.015060243200564611
T0000730,2024-04-27 21:09:45,A100045,A100060,transfer,9.64,remittance,AE,online,normal transaction,0,21,5,1,4,0,3,2,640.21,1781.6826732614315,9,640.21,1781.6826732614315,9,8,-0.3539182420693364,0.03539182420693364
T0000731,2024-04-28 14:51:57,A100180,A100179,transfer,18.31,remittance,GB,branch,normal transaction,0,14,6,1,4,2,1,2,752.1566666666666,2108.24314388782,9,752.1566666666666,2108.24314388782,9,5,-0.348084455270796,0.0348084455270796
T0000732,2024-04-28 19:31:42,A100126,,deposit,20.62,utilities,GB,mobile,normal transaction,0,19,6,0,8,2,2,0,3737.764545454545,2930.546239714922,11,3737.764545454545,2930.5462397149226,11,2,-1.2684135448235505,0.12684135448235506
T0000733,2024-04-28 22:20:41,A100009,,payment,32.64,electronics,IN,branch,normal transaction,0,22,6,0,0,3,1,1,28.97125,14.478163298567951,8,28.971249999999998,14.478163298567951,8,3,0.2533988373348466,0.02533988373348466
T0000734,2024-04-29 00:17:02,A100154,,deposit,30.31,health,IN,mobile,normal transaction,0,0,0,0,2,3,2,0,40.89833333333333,30.045973052418635,6,40.89833333333333,30.045973052418635,6,0,-0.35240439583888267,0.03524043958388827
T0000735,2024-04-29 00:58:53,A100000,,deposit,22.87,remittance,NG,branch,normal transaction,0,0,0,0,4,4,1,0,31.478,16.984412559756077,5,31.477999999999998,16.984412559756077,5,1,-0.5068176166174101,0.05068176166174101
T0000736,2024-04-29 06:37:38,A100087,A100183,transfer,58.03,travel,AE,online,normal transaction,0,6,0,1,7,0,3,2,52.1525,36.95951332201224,4,52.1525,36.959513322012235,4,1,0.15902535809296323,0.015902535809296323
T0000737,2024-04-29 07:07:15,A100005,,payment,24.64,travel,GB,online,normal transaction,0,7,0,0,7,2,3,1,61.49000000000001,81.55792358808554,3,61.49000000000001,81.55792358808554,3,1,-0.4518261123749006,0.04518261123749006
T0000738,2024-04-29 08:37:41,A100134,,payment,107.03,remittance,US,atm,normal transaction,0,8,0,0,4,7,0,1,68.78,34.445680425853105,3,68.78,34.445680425853105,3,2,1.1104439922994693,0.11104439922994694
T0000739,2024-04-30 01:10:19,A100180,,withdrawal,47.93,salary,US,atm,normal transaction,0,1,1,0,5,7,0,3,752.1566666666666,2108.24314388782,9,752.1566666666666,2108.24314388782,9,5,-0.3340348424109965,0.03340348424109965
T0000740,2024-04-30 14:09:45,A100077,A100082,transfer,6.88,travel,GB,mobile,normal transaction,0,14,1,1,7,2,2,2,37.25666666666667,26.527695590332254,3,37.25666666666667,26.527695590332254,3,3,-1.1450925097559028,0.11450925097559028
T0000741,2024-04-30 17:16:51,A100163,,withdrawal,10.73,other,AE,branch,normal transaction,0,17,1,0,3,0,1,3,42.3625,38.96269957707414,4,42.3625,38.96269957707414,4,2,-0.8118662087456209,0.08118662087456209
T0000742,2024-04-30 20:30:28,A100181,A100143,transfer,62.68,remittance,NG,branch,normal transaction,0,20,1,1,4,4,1,2,40.987142857142864,25.057577506139545,7,40.987142857142864,25.057577506139545,7,3,0.8657204101961411,0.0865720410196141
T0000743,2024-04-30 22:49:48,A100096,A100078,transfer,54.64,utilities,GB,branch,normal transaction,0,22,1,1,8,2,1,2,37.41,20.8341610502239,4,37.41,20.8341610502239,4,4,0.8270071029717673,0.08270071029717672
T0000744,2024-05-01 00:01:50,A100186,,withdrawal,27.99,grocery,RU,online,normal transaction,0,0,2,0,1,5,3,3,20.5625,6.715709816045756,4,20.5625,6.715709816045756,4,2,1.1059886590491024,0.11059886590491023
T0000745,2024-05-01 01:17:26,A100046,,payment,20.65,remittance,NG,online,normal transaction,0,1,2,0,4,4,3,1,1027.1866666666667,2337.282116561884,9,1027.1866666666667,2337.282116561884,9,3,-0.4306440626502662,0.043064406265026625
T0000746,2024-05-01 04:33:13,A100127,A100036,transfer,11.33,remittance,US,branch,normal transaction,0,4,2,1,4,7,1,2,1187.0942105263157,1118.0985360836485,19,1187.0942105263157,1118.0985360836485,19,2,-1.0515747687078434,0.10515747687078433
T0000747,2024-05-01 06:54:06,A100088,A100081,transfer,42.07,travel,US,atm,normal transaction,0,6,2,1,7,7,0,2,46.15166666666667,27.523971673191834,6,46.15166666666667,27.523971673191834,6,5,-0.148294968721655,0.0148294968721655
T0000748,2024-05-01 09:35:11,A100114,A100002,transfer,99.58,utilities,NG,branch,normal transaction,0,9,2,1,8,4,1,2,104.3075,71.74713902542271,4,104.3075,71.74713902542271,4,2,-0.06589112818050831,0.006589112818050831
T0000749,2024-05-01 13:27:49,A100177,,withdrawal,234.71,electronics,AE,atm,normal transaction,0,13,2,0,0,0,0,3,234.71,0.0,1,234.71,0.0,1,0,0.0,0.0
T0000750,2024-05-01 15:28:28,A100027,,deposit,466.07,grocery,IN,mobile,normal transaction,0,15,2,0,1,3,2,0,86.375,155.1810511260039,8,86.375,155.18105112600387,8,5,2.4467871225134843,0.24467871225134843
T0000751,2024-05-01 16:30:29,A100112,,payment,7.37,salary,GB,mobile,normal transaction,0,16,2,0,5,2,2,1,1499.936,3280.3214547861007,5,1499.936,3280.3214547861007,5,3,-0.45500601697656473,0.045500601697656476
T0000752,2024-05-02 02:06:56,A100126,A100096,transfer,98.08,remittance,RU,online,normal transaction,0,2,3,1,4,5,3,2,3737.764545454545,2930.546239714922,11,3737.764545454545,2930.5462397149226,11,2,-1.2419816124677918,0.12419816124677918
T0000753,2024-05-02 02:40:32,A100122,,payment,36.52,health,GB,mobile,normal transaction,0,2,3,0,2,2,2,1,39.27333333333333,5.738818112933473,3,39.27333333333333,5.738818112933473,3,2,-0.47977350028827226,0.04797735002882723
T0000754,2024-05-02 03:12:31,A100018,,payment,61.66,grocery,CN,online,normal transaction,0,3,3,0,1,1,3,1,40.385,21.76861425692197,4,40.385,21.768614256921975,4,1,0.9773244530671276,0.09773244530671275
T0000755,2024-05-02 14:44:28,A100081,,deposit,22.88,utilities,US,online,normal transaction,0,14,3,0,8,7,3,0,107.2825,98.7534338221546,4,107.2825,98.7534338221546,4,3,-0.8546791324474005,0.08546791324474004
T0000756,2024-05-02 17:13:32,A100087,,payment,102.11,travel,RU,branch,normal transaction,0,17,3,0,7,5,1,1,52.1525,36.95951332201224,4,52.1525,36.959513322012235,4,1,1.3516817229994407,0.13516817229994407
T0000757,2024-05-02 20:46:46,A100187,A100019,transfer,31.46,electronics,AE,mobile,normal transaction,0,20,3,1,0,0,2,2,560.5400000000001,1125.7308155149703,5,560.5400000000001,1125.7308155149703,5,4,-0.4699880222146909,0.046998802221469085
T0000758,2024-05-02 22:07:32,A100180,,withdrawal,18.25,grocery,RU,branch,normal transaction,0,22,3,0,1,5,1,3,752.1566666666666,2108.24314388782,9,752.1566666666666,2108.24314388782,9,5,-0.3481129149862446,0.034811291498624455
T0000759,2024-05-03 00:59:21,A100155,A100111,transfer,130.9,travel,IN,online,normal transaction,0,0,4,1,7,3,3,2,48.43333333333334,71.41908591779465,3,48.43333333333334,71.41908591779465,3,2,1.1546866562658256,0.11546866562658256
T0000760,2024-05-03 04:26:00,A100084,,payment,31.35,health,NG,mobile,normal transaction,0,4,4,0,2,4,2,1,3508.465,2087.9891353274456,12,3508.465,2087.9891353274456,12,2,-1.665293626055872,0.1665293626055872
T0000761,2024-05-03 11:27:47,A100178,,payment,44.06,utilities,CN,atm,normal transaction,0,11,4,0,8,1,0,1,67.71,70.54372332107229,3,67.71,70.54372332107229,3,0,-0.33525306790380843,0.03352530679038084
T0000762,2024-05-03 14:52:18,A100060,,payment,27.18,electronics,IN,mobile,normal transaction,0,14,4,0,0,3,2,1,40.076,32.51319316831246,5,40.076,32.51319316831246,5,2,-0.3966389747264055,0.039663897472640555
T0000763,2024-05-03 22:34:01,A100146,A100140,transfer,28.47,other,GB,online,normal transaction,0,22,4,1,3,2,3,2,923.3125,1702.373368220086,4,923.3125,1702.373368220086,4,2,-0.5256440897039861,0.052564408970398616
T0000764,2024-05-04 06:04:31,A100092,,payment,59.95,grocery,RU,online,normal transaction,0,6,5,0,1,5,3,1,64.89666666666666,16.669860027406752,3,64.89666666666666,16.669860027406752,3,0,-0.2967431257245572,0.02967431257245572
T0000765,2024-05-04 10:00:56,A100075,,payment,1.75,other,NG,online,normal transaction,0,10,5,0,3,4,3,1,4944.955,2602.4819475742765,10,4944.955,2602.4819475742765,10,1,-1.8994195147858939,0.1899419514785894
T0000766,2024-05-04 10:05:33,A100006,A100052,transfer,101.91,travel,CN,online,normal transaction,0,10,5,1,7,1,3,2,60.09333333333333,44.93071592277752,3,60.093333333333334,44.930715922777516,3,2,0.9306921752113821,0.09306921752113821
T0000767,2024-05-04 14:48:36,A100121,,deposit,85.42,electronics,CN,mobile,normal transaction,0,14,5,0,0,1,2,0,85.42,0.0,1,85.42,0.0,1,0,0.0,0.0
T0000768,2024-05-04 16:13:59,A100120,A100125,transfer,17.7,utilities,US,mobile,normal transaction,0,16,5,1,8,7,2,2,61.4725,37.51498844906304,4,61.4725,37.51498844906304,4,2,-1.1668002748456923,0.11668002748456922
T0000769,2024-05-04 17:10:46,A100047,,payment,78.44,remittance,RU,atm,normal transaction,0,17,5,0,4,5,0,1,66.58,27.24981284339399,3,66.58,27.24981284339399,3,1,0.43523233105958076,0.04352323310595808
T0000770,2024-05-04 17:12:54,A100047,,payment,85.89,other,IN,atm,normal transaction,0,17,5,0,3,3,0,1,66.58,27.24981284339399,3,66.58,27.24981284339399,3,1,0.7086286941619313,0.07086286941619313
T0000771,2024-05-04 18:36:39,A100112,,deposit,55.32,other,CN,branch,normal transaction,0,18,5,0,3,1,1,0,1499.936,3280.3214547861007,5,1499.936,3280.3214547861007,5,3,-0.44038854711993775,0.04403885471199377
T0000772,2024-05-04 23:57:59,A100068,,payment,17.44,grocery,GB,online,normal transaction,0,23,5,0,1,2,3,1,59.54333333333333,68.89199537440228,6,59.54333333333333,68.89199537440228,6,1,-0.611149851203577,0.0611149851203577
T0000773,2024-05-05 05:34:00,A100021,,payment,51.0,remittance,RU,branch,normal transaction,0,5,6,0,4,5,1,1,35.81333333333333,20.217495064094035,6,35.81333333333333,20.217495064094035,6,0,0.751164566498319,0.0751164566498319
T0000774,2024-05-05 09:51:53,A100141,,payment,47.06,grocery,RU,mobile,normal transaction,0,9,6,0,1,5,2,1,25.9625,15.094826691855156,8,25.9625,15.094826691855156,8,6,1.3976641821081377,0.13976641821081376
T0000775,2024-05-05 10:14:09,A100137,A100175,transfer,96.56,other,NG,mobile,normal transaction,0,10,6,1,3,4,2,2,135.2375,133.4397043299582,4,135.2375,133.4397043299582,4,3,-0.2898500105674066,0.02898500105674066
T0000776,2024-05-05 10:33:32,A100076,A100020,transfer,16.86,salary,IN,branch,normal transaction,0,10,6,1,5,3,1,2,68.21333333333332,68.25519281832457,6,68.21333333333332,68.25519281832457,6,2,-0.7523725369533186,0.07523725369533187
T0000777,2024-05-05 12:16:29,A100030,,deposit,28.66,other,GB,branch,normal transaction,0,12,6,0,3,2,1,0,49.626666666666665,62.159992760617335,9,49.626666666666665,62.159992760617335,9,3,-0.3373016211586318,0.03373016211586318
T0000778,2024-05-05 18:52:50,A100054,,payment,4.98,health,GB,online,normal transaction,0,18,6,0,2,2,3,1,65.89555555555555,75.70479246902258,9,65.89555555555555,75.70479246902258,9,2,-0.8046459512564604,0.08046459512564605
T0000779,2024-05-05 19:12:01,A100108,A100020,transfer,40.99,salary,NG,branch,normal transaction,0,19,6,1,5,4,1,2,53.5525,47.52469279227379,4,53.5525,47.52469279227379,4,3,-0.2643362638991336,0.02643362638991336
T0000780,2024-05-06 01:31:47,A100152,A100066,transfer,6.64,remittance,US,online,normal transaction,0,1,0,1,4,7,3,2,83.35799999999999,60.30495891715705,5,83.35799999999999,60.30495891715705,5,1,-1.2721673325940368,0.1272167332594037
T0000781,2024-05-06 02:35:15,A100099,,withdrawal,15.44,salary,AE,atm,normal transaction,0,2,0,0,5,0,0,3,19.69,11.036797542765743,3,19.689999999999998,11.036797542765745,3,1,-0.38507543501242325,0.038507543501242324
T0000782,2024-05-06 09:05:43,A100133,,payment,75.9,other,IN,mobile,normal transaction,0,9,0,0,3,3,2,1,47.205000000000005,40.58085817229597,2,47.205000000000005,40.58085817229597,2,0,0.7071067637619095,0.07071067637619095
T0000783,2024-05-06 10:38:48,A100028,A100106,transfer,27.28,travel,GB,online,normal transaction,0,10,0,1,7,2,3,2,809.96375,1481.7660718879397,8,809.96375,1481.7660718879395,8,6,-0.5282100625198964,0.05282100625198964
T0000784,2024-05-06 11:40:17,A100027,A100144,transfer,35.16,electronics,CN,atm,normal transaction,0,11,0,1,0,1,0,2,86.375,155.1810511260039,8,86.375,155.18105112600387,8,5,-0.3300338494832118,0.03300338494832118
T0000785,2024-05-06 13:26:34,A100105,A100067,transfer,43.7,salary,UA,mobile,normal transaction,0,13,0,1,5,6,2,2,976.9714285714286,2464.683787597837,7,976.9714285714286,2464.683787597837,7,4,-0.3786576732029257,0.03786576732029257
T0000786,2024-05-06 13:58:02,A100009,,payment,1.62,travel,CN,mobile,normal transaction,0,13,0,0,7,1,2,1,28.97125,14.478163298567951,8,28.971249999999998,14.478163298567951,8,3,-1.8891379760557998,0.18891379760557997
T0000787,2024-05-06 17:29:36,A100036,A100158,transfer,39.8,salary,IN,mobile,normal transaction,0,17,0,1,5,3,2,2,47.31,10.62074385342195,2,47.31,10.62074385342195,2,1,-0.7071067146086578,0.07071067146086578
T0000788,2024-05-06 17:47:28,A100084,A100176,transfer,74.23,health,IN,mobile,normal transaction,0,17,0,1,2,3,2,2,3508.465,2087.9891353274456,12,3508.465,2087.9891353274456,12,2,-1.644757120738885,0.1644757120738885
T0000789,2024-05-07 00:42:25,A100068,,payment,12.51,remittance,IN,atm,normal transaction,0,0,1,0,4,3,0,1,59.54333333333333,68.89199537440228,6,59.54333333333333,68.89199537440228,6,1,-0.682711139298747,0.0682711139298747
T0000790,2024-05-07 03:55:23,A100077,A100079,transfer,49.03,utilities,UA,online,normal transaction,0,3,1,1,8,6,3,2,37.25666666666667,26.527695590332254,3,37.25666666666667,26.527695590332254,3,3,0.44381287660022484,0.044381287660022486
T0000791,2024-05-07 05:11:22,A100058,A100034,transfer,19.91,utilities,UA,atm,normal transaction,0,5,1,1,8,6,0,2,50.725,47.808839838116405,4,50.725,47.808839838116405,4,1,-0.644546060096739,0.0644546060096739
T0000792,2024-05-07 06:31:38,A100068,,deposit,19.61,salary,US,branch,normal transaction,0,6,1,0,5,7,1,0,59.54333333333333,68.89199537440228,6,59.54333333333333,68.89199537440228,6,1,-0.5796512720622955,0.05796512720622955
T0000793,2024-05-07 12:03:02,A100113,A100054,transfer,38.57,salary,UA,atm,normal transaction,0,12,1,1,5,6,0,2,75.43,70.7530658935239,4,75.43,70.7530658935239,4,3,-0.5209668162578808,0.05209668162578808
T0000794,2024-05-07 12:03:03,A100014,A100131,transfer,23.86,travel,US,atm,normal transaction,0,12,1,1,7,7,0,2,36.31666666666667,10.810801697068232,3,36.31666666666667,10.810801697068232,3,3,-1.1522425314491014,0.11522425314491014
T0000795,2024-05-07 19:21:52,A100181,,deposit,38.67,salary,GB,online,normal transaction,0,19,1,0,5,2,3,0,40.987142857142864,25.057577506139545,7,40.987142857142864,25.057577506139545,7,3,-0.09247273660442175,0.009247273660442175
T0000796,2024-05-07 20:29:53,A100044,A100049,transfer,17.15,health,IN,branch,normal transaction,0,20,1,1,2,3,1,2,65.94,51.54232096054658,5,65.94,51.54232096054658,5,5,-0.9466007378819029,0.09466007378819029
T0000797,2024-05-07 22:17:04,A100008,,withdrawal,24.44,other,IN,atm,normal transaction,0,22,1,0,3,3,0,3,46.3925,41.44264741784723,4,46.3925,41.44264741784723,4,2,-0.529707941892685,0.0529707941892685
T0000798,2024-05-08 05:40:59,A100180,A100050,transfer,43.06,utilities,AE,mobile,normal transaction,0,5,2,1,8,0,2,2,752.1566666666666,2108.24314388782,9,752.1566666666666,2108.24314388782,9,5,-0.33634482264824234,0.03363448226482423
T0000799,2024-05-08 07:57:30,A100129,,payment,40.19,salary,US,online,normal transaction,0,7,2,0,5,7,3,1,50.277142857142856,63.86076174362619,7,50.277142857142856,63.86076174362619,7,2,-0.1579552517660719,0.01579552517660719
T0000800,2024-05-08 09:51:11,A100061,,payment,43.18,remittance,UA,mobile,normal transaction,0,9,2,0,4,6,2,1,61.5525,43.00580997570755,4,61.5525,43.00580997570755,4,1,-0.4272097091804169,0.04272097091804169
T0000801,2024-05-08 12:34:35,A100045,A100121,transfer,18.49,remittance,AE,branch,normal transaction,0,12,2,1,4,0,1,2,640.21,1781.6826732614315,9,640.21,1781.6826732614315,9,8,-0.34895102757718865,0.034895102757718864
T0000802,2024-05-08 16:34:58,A100066,A100191,transfer,86.96,electronics,CN,online,normal transaction,0,16,2,1,0,1,3,2,41.415,32.80617878794582,4,41.415,32.80617878794582,4,2,1.3883055050723976,0.13883055050723975
T0000803,2024-05-09 06:06:50,A100098,,payment,113.99,grocery,GB,branch,normal transaction,0,6,3,0,1,2,1,1,74.00999999999999,29.275790908758264,4,74.00999999999999,29.275790908758264,4,3,1.3656334258899903,0.13656334258899902
T0000804,2024-05-09 18:09:32,A100056,A100165,transfer,17.86,health,NG,atm,normal transaction,0,18,3,1,2,4,0,2,48.78666666666666,51.05012863189801,3,48.78666666666666,51.05012863189801,3,2,-0.60580975777469,0.060580975777469
T0000805,2024-05-10 00:14:55,A100166,A100104,transfer,24.14,grocery,IN,mobile,normal transaction,0,0,4,1,1,3,2,2,11.616666666666667,11.113326834631174,3,11.616666666666667,11.113326834631174,3,1,1.1268751826350631,0.11268751826350631
T0000806,2024-05-10 00:26:46,A100033,A100165,transfer,33.13,travel,IN,branch,normal transaction,0,0,4,1,7,3,1,2,2312.938,3268.9619588135315,5,2312.938,3268.9619588135315,5,5,-0.6974103792049159,0.06974103792049159
T0000807,2024-05-10 02:42:49,A100064,A100155,transfer,60.41,utilities,CN,mobile,normal transaction,0,2,4,1,8,1,2,2,46.998000000000005,14.91650327657256,5,46.998000000000005,14.916503276572561,5,3,0.8991382800770888,0.08991382800770889
T0000808,2024-05-10 03:39:03,A100096,A100089,transfer,19.92,other,CN,branch,normal transaction,0,3,4,1,3,1,1,2,37.41,20.8341610502239,4,37.41,20.8341610502239,4,4,-0.8394866065569473,0.08394866065569473
T0000809,2024-05-10 09:29:14,A100119,A100077,transfer,28.57,salary,US,online,normal transaction,0,9,4,1,5,7,3,2,18.49,11.417650809163854,5,18.490000000000002,11.417650809163854,5,4,0.8828435275903009,0.0882843527590301
T0000810,2024-05-10 16:23:42,A100130,,payment,61.7,remittance,CN,atm,normal transaction,0,16,4,0,4,1,0,1,47.456,21.581161460866745,5,47.456,21.581161460866745,5,1,0.6600200534067028,0.06600200534067027
T0000811,2024-05-10 18:57:06,A100175,,payment,10.6,electronics,UA,online,normal transaction,0,18,4,0,0,6,3,1,4568.722857142858,10138.80446468043,7,4568.722857142858,10138.80446468043,7,5,-0.4495720252394625,0.04495720252394625
T0000812,2024-05-10 19:55:25,A100086,A100070,transfer,7.0,remittance,CN,atm,normal transaction,0,19,4,1,4,1,0,2,1669.855,3306.618803153256,4,1669.855,3306.6188031532556,4,4,-0.5028868153508903,0.05028868153508903
T0000813,2024-05-10 20:30:40,A100167,A100182,transfer,75.03,utilities,NG,branch,normal transaction,0,20,4,1,8,4,1,2,419.275,1034.1869614892105,8,419.275,1034.1869614892105,8,5,-0.3328653449386251,0.033286534493862506
T0000814,2024-05-11 01:52:40,A100132,A100195,transfer,10.08,health,IN,mobile,normal transaction,0,1,5,1,2,3,2,2,42.45333333333333,34.73736652847094,3,42.45333333333333,34.73736652847094,3,1,-0.9319454995200764,0.09319454995200764
T0000815,2024-05-11 06:52:25,A100169,,withdrawal,171.17,remittance,GB,online,normal transaction,0,6,5,0,4,2,3,3,3002.918333333333,2151.928646611235,12,3002.9183333333335,2151.928646611235,12,3,-1.3159118154204312,0.13159118154204313
T0000816,2024-05-11 15:42:37,A100167,,withdrawal,19.22,other,CN,atm,normal transaction,0,15,5,0,3,1,0,3,419.275,1034.1869614892105,8,419.275,1034.1869614892105,8,5,-0.3868304421833916,0.03868304421833916
T0000817,2024-05-11 16:10:59,A100107,A100103,transfer,28.14,salary,IN,branch,normal transaction,0,16,5,1,5,3,1,2,4498.39,9857.792285897487,5,4498.39,9857.792285897487,5,4,-0.45347374644337407,0.045347374644337406
T0000818,2024-05-11 17:25:43,A100087,,payment,26.35,health,UA,atm,normal transaction,0,17,5,0,2,6,0,1,52.1525,36.95951332201224,4,52.1525,36.959513322012235,4,1,-0.6981287626020732,0.06981287626020732
T0000819,2024-05-11 20:08:40,A100129,A100076,transfer,12.25,travel,GB,atm,normal transaction,0,20,5,1,7,2,0,2,50.277142857142856,63.86076174362619,7,50.277142857142856,63.86076174362619,7,2,-0.5954696001644337,0.05954696001644337
T0000820,2024-05-11 23:10:21,A100024,A100120,transfer,32.48,travel,CN,branch,normal transaction,0,23,5,1,7,1,1,2,100.0575,126.59644028039123,4,100.0575,126.59644028039125,4,3,-0.5338025249092624,0.05338025249092624
T0000821,2024-05-12 12:24:51,A100174,A100085,transfer,25.46,electronics,NG,atm,normal transaction,0,12,6,1,0,4,0,2,62.17428571428571,69.56584072113334,7,62.17428571428571,69.56584072113334,7,5,-0.5277631206053863,0.052776312060538635
T0000822,2024-05-12 16:56:28,A100057,A100190,transfer,67.72,utilities,RU,atm,normal transaction,0,16,6,1,8,5,0,2,36.855,43.64970160264558,2,36.855,43.64970160264558,2,1,0.7071067649869692,0.07071067649869692
T0000823,2024-05-12 19:53:16,A100095,,payment,67.91,utilities,CN,mobile,normal transaction,0,19,6,0,8,1,2,1,3601.35625,10107.173301680255,8,3601.35625,10107.173301680257,8,3,-0.34959786917505287,0.03495978691750529
T0000824,2024-05-12 20:25:27,A100030,,deposit,64.9,other,IN,online,normal transaction,0,20,6,0,3,3,3,0,49.626666666666665,62.159992760617335,9,49.626666666666665,62.159992760617335,9,3,0.24571002037342637,0.024571002037342637
T0000825,2024-05-12 20:56:11,A100120,,withdrawal,59.85,health,US,mobile,normal transaction,0,20,6,0,2,7,2,3,61.4725,37.51498844906304,4,61.4725,37.51498844906304,4,2,-0.04324937908360569,0.004324937908360569
T0000826,2024-05-12 21:00:25,A100135,,withdrawal,36.67,utilities,RU,online,normal transaction,0,21,6,0,8,5,3,3,34.715,20.515267241739743,6,34.715,20.515267241739746,6,1,0.09529487876850735,0.009529487876850736
T0000827,2024-05-12 22:43:06,A100038,A100035,transfer,155.87,health,AE,mobile,normal transaction,0,22,6,1,2,0,2,2,73.49000000000001,48.26947068282394,9,73.49000000000001,48.26947068282394,9,5,1.7066687727869587,0.17066687727869587
T0000828,2024-05-12 22:43:25,A100145,,withdrawal,39.05,other,GB,atm,normal transaction,0,22,6,0,3,2,0,3,30.37333333333333,12.21081624353316,3,30.37333333333333,12.210816243533161,3,2,0.7105721503826308,0.07105721503826308
T0000829,2024-05-13 06:14:04,A100183,,deposit,34.84,travel,US,mobile,normal transaction,0,6,0,0,7,7,2,0,31.973333333333333,18.705478698320803,3,31.973333333333333,18.705478698320803,3,1,0.15325277474300816,0.015325277474300816
T0000830,2024-05-13 15:23:15,A100085,,payment,26.49,travel,AE,online,normal transaction,0,15,0,0,7,0,3,1,42.2425,17.48667945418264,4,42.2425,17.48667945418264,4,0,-0.9008284929363,0.09008284929363
T0000831,2024-05-13 17:25:03,A100001,A100115,transfer,146.92,utilities,NG,branch,normal transaction,0,17,0,1,8,4,1,2,63.51249999999999,60.7939478210345,4,63.51249999999999,60.7939478210345,4,1,1.371970428266395,0.1371970428266395
T0000832,2024-05-13 17:41:21,A100147,,withdrawal,29.87,travel,UA,online,normal transaction,0,17,0,0,7,6,3,3,48.83166666666667,42.54309693318843,6,48.83166666666667,42.54309693318843,6,1,-0.4457048872285914,0.04457048872285914
T0000833,2024-05-13 23:11:37,A100033,A100157,transfer,6.4,salary,RU,mobile,normal transaction,0,23,0,1,5,5,2,2,2312.938,3268.9619588135315,5,2312.938,3268.9619588135315,5,5,-0.7055872868375531,0.07055872868375532
T0000834,2024-05-13 23:25:55,A100109,,payment,33.81,other,RU,online,normal transaction,0,23,0,0,3,5,3,1,32.195,2.283954903232551,2,32.195,2.283954903232551,2,1,0.70710647158916,0.07071064715891599
T0000835,2024-05-14 12:35:39,A100009,,deposit,41.71,health,AE,online,normal transaction,0,12,1,0,2,0,3,0,28.97125,14.478163298567951,8,28.971249999999998,14.478163298567951,8,3,0.8798594723268892,0.08798594723268892
T0000836,2024-05-14 14:24:53,A100082,,withdrawal,22.76,health,IN,online,normal transaction,0,14,1,0,2,3,3,3,53.09333333333333,56.750026842871776,6,53.093333333333334,56.750026842871776,6,4,-0.5345078141163137,0.053450781411631364
T0000837,2024-05-14 18:18:37,A100160,,payment,24.1,health,NG,atm,normal transaction,0,18,1,0,2,4,0,1,83.14750000000001,84.9639415533773,8,83.14750000000001,84.9639415533773,8,1,-0.6949712810573064,0.06949712810573064
T0000838,2024-05-14 21:45:50,A100079,,deposit,54.5,travel,US,mobile,normal transaction,0,21,1,0,7,7,2,0,50.64666666666667,42.194028803453534,6,50.64666666666667,42.194028803453534,6,1,0.09132413640704072,0.009132413640704072
T0000839,2024-05-14 23:43:44,A100128,A100150,transfer,103.56,utilities,GB,online,normal transaction,0,23,1,1,8,2,3,2,55.67666666666667,46.5626329438818,6,55.67666666666667,46.562632943881795,6,4,1.0283639321401636,0.10283639321401636
T0000840,2024-05-15 00:55:58,A100011,A100076,transfer,26.21,utilities,UA,atm,normal transaction,0,0,2,1,8,6,0,2,47.64142857142857,40.75138256491896,7,47.64142857142857,40.75138256491896,7,5,-0.5259067716630345,0.052590677166303446
T0000841,2024-05-15 03:28:19,A100111,,payment,52.79,travel,AE,mobile,normal transaction,0,3,2,0,7,0,2,1,42.46,34.29482468245027,4,42.46,34.29482468245027,4,1,0.3012116199583479,0.03012116199583479
T0000842,2024-05-15 08:23:31,A100091,,deposit,14.37,health,GB,mobile,normal transaction,0,8,2,0,2,2,2,0,32.276,37.3156901316323,5,32.276,37.3156901316323,5,3,-0.4798517582546178,0.04798517582546178
T0000843,2024-05-15 08:58:07,A100004,,payment,267.61,health,NG,branch,normal transaction,0,8,2,0,2,4,1,1,111.05666666666669,135.7268526612672,3,111.05666666666667,135.7268526612672,3,1,1.153444061438591,0.1153444061438591
T0000844,2024-05-15 11:59:08,A100054,,withdrawal,250.54,grocery,GB,online,normal transaction,0,11,2,0,1,2,3,3,65.89555555555555,75.70479246902258,9,65.89555555555555,75.70479246902258,9,2,2.439005986060824,0.2439005986060824
T0000845,2024-05-15 12:18:09,A100093,,withdrawal,33.34,grocery,RU,atm,normal transaction,0,12,2,0,1,5,0,3,1022.998,2219.563042215742,5,1022.9979999999999,2219.563042215742,5,1,-0.44587965321596185,0.04458796532159619
T0000846,2024-05-15 18:52:55,A100197,A100136,transfer,3.63,grocery,IN,online,normal transaction,0,18,2,1,1,3,3,2,75.69833333333334,62.819306400713046,6,75.69833333333334,62.819306400713046,6,2,-1.1472322175350076,0.11472322175350076
T0000847,2024-05-15 19:03:41,A100167,,withdrawal,153.46,grocery,IN,online,normal transaction,0,19,2,0,1,3,3,3,419.275,1034.1869614892105,8,419.275,1034.1869614892105,8,5,-0.25702799362332235,0.025702799362332236
T0000848,2024-05-15 21:25:13,A100106,,withdrawal,21.56,other,RU,online,normal transaction,0,21,2,0,3,5,3,3,30.572000000000003,21.46311650250261,5,30.572000000000003,21.46311650250261,5,3,-0.419883085434779,0.0419883085434779
T0000849,2024-05-16 10:21:32,A100140,,withdrawal,59.65,utilities,UA,branch,normal transaction,0,10,3,0,8,6,1,3,36.90333333333333,21.17252307433701,3,36.90333333333333,21.17252307433701,3,1,1.0743483671008154,0.10743483671008154
T0000850,2024-05-16 10:35:32,A100173,A100080,transfer,5399.08,remittance,IN,online,smurfing sequence,1,10,3,1,4,3,3,2,3959.346363636364,2466.1208181566158,11,3959.3463636363635,2466.1208181566153,11,1,0.5838049884579494,0.05838049884579494
T0000851,2024-05-16 12:45:32,A100173,A100080,transfer,5399.08,remittance,IN,online,smurfing sequence,1,12,3,1,4,3,3,2,3959.346363636364,2466.1208181566158,11,3959.3463636363635,2466.1208181566153,11,1,0.5838049884579494,0.05838049884579494
T0000852,2024-05-16 14:25:32,A100173,A100080,transfer,5399.08,remittance,IN,online,smurfing sequence,1,14,3,1,4,3,3,2,3959.346363636364,2466.1208181566158,11,3959.3463636363635,2466.1208181566153,11,1,0.5838049884579494,0.05838049884579494
T0000853,2024-05-16 16:25:32,A100173,A100080,transfer,5399.08,remittance,IN,online,smurfing sequence,1,16,3,1,4,3,3,2,3959.346363636364,2466.1208181566158,11,3959.3463636363635,2466.1208181566153,11,1,0.5838049884579494,0.05838049884579494
T0000854,2024-05-16 18:49:32,A100173,A100080,transfer,5399.08,remittance,IN,online,smurfing sequence,1,18,3,1,4,3,3,2,3959.346363636364,2466.1208181566158,11,3959.3463636363635,2466.1208181566153,11,1,0.5838049884579494,0.05838049884579494
T0000855,2024-05-16 20:46:32,A100173,A100080,transfer,5399.08,remittance,IN,online,smurfing sequence,1,20,3,1,4,3,3,2,3959.346363636364,2466.1208181566158,11,3959.3463636363635,2466.1208181566153,11,1,0.5838049884579494,0.05838049884579494
T0000856,2024-05-16 22:50:32,A100173,A100080,transfer,5399.08,remittance,IN,online,smurfing sequence,1,22,3,1,4,3,3,2,3959.346363636364,2466.1208181566158,11,3959.3463636363635,2466.1208181566153,11,1,0.5838049884579494,0.05838049884579494
T0000857,2024-05-17 00:23:32,A100173,A100080,transfer,5399.08,remittance,IN,online,smurfing sequence,1,0,4,1,4,3,3,2,3959.346363636364,2466.1208181566158,11,3959.3463636363635,2466.1208181566153,11,1,0.5838049884579494,0.05838049884579494
T0000858,2024-05-17 10:22:32,A100084,A100060,transfer,4662.63,remittance,IN,online,smurfing sequence,1,10,4,1,4,3,3,2,3508.465,2087.9891353274456,12,3508.465,2087.9891353274456,12,2,0.5527638913055148,0.05527638913055148
T0000859,2024-05-17 10:41:32,A100127,A100050,transfer,2219.24,remittance,IN,online,smurfing sequence,1,10,4,1,4,3,3,2,1187.0942105263157,1118.0985360836485,19,1187.0942105263157,1118.0985360836485,19,2,0.9231259636255708,0.09231259636255708
T0000860,2024-05-17 12:22:32,A100084,A100060,transfer,4662.63,remittance,IN,online,smurfing sequence,1,12,4,1,4,3,3,2,3508.465,2087.9891353274456,12,3508.465,2087.9891353274456,12,2,0.5527638913055148,0.05527638913055148
T0000861,2024-05-17 12:28:32,A100127,A100050,transfer,2219.24,remittance,IN,online,smurfing sequence,1,12,4,1,4,3,3,2,1187.0942105263157,1118.0985360836485,19,1187.0942105263157,1118.0985360836485,19,2,0.9231259636255708,0.09231259636255708
T0000862,2024-05-17 14:43:32,A100084,A100060,transfer,4662.63,remittance,IN,online,smurfing sequence,1,14,4,1,4,3,3,2,3508.465,2087.9891353274456,12,3508.465,2087.9891353274456,12,2,0.5527638913055148,0.05527638913055148
T0000863,2024-05-17 14:46:32,A100127,A100050,transfer,2219.24,remittance,IN,online,smurfing sequence,1,14,4,1,4,3,3,2,1187.0942105263157,1118.0985360836485,19,1187.0942105263157,1118.0985360836485,19,2,0.9231259636255708,0.09231259636255708
T0000864,2024-05-17 16:24:32,A100084,A100060,transfer,4662.63,remittance,IN,online,smurfing sequence,1,16,4,1,4,3,3,2,3508.465,2087.9891353274456,12,3508.465,2087.9891353274456,12,2,0.5527638913055148,0.05527638913055148
T0000865,2024-05-17 16:30:32,A100127,A100050,transfer,2219.24,remittance,IN,online,smurfing sequence,1,16,4,1,4,3,3,2,1187.0942105263157,1118.0985360836485,19,1187.0942105263157,1118.0985360836485,19,2,0.9231259636255708,0.09231259636255708
T0000866,2024-05-17 18:48:32,A100127,A100050,transfer,2219.24,remittance,IN,online,smurfing sequence,1,18,4,1,4,3,3,2,1187.0942105263157,1118.0985360836485,19,1187.0942105263157,1118.0985360836485,19,2,0.9231259636255708,0.09231259636255708
T0000867,2024-05-17 18:51:32,A100084,A100060,transfer,4662.63,remittance,IN,online,smurfing sequence,1,18,4,1,4,3,3,2,3508.465,2087.9891353274456,12,3508.465,2087.9891353274456,12,2,0.5527638913055148,0.05527638913055148
T0000868,2024-05-17 20:25:32,A100084,A100060,transfer,4662.63,remittance,IN,online,smurfing sequence,1,20,4,1,4,3,3,2,3508.465,2087.9891353274456,12,3508.465,2087.9891353274456,12,2,0.5527638913055148,0.05527638913055148
T0000869,2024-05-17 20:38:32,A100127,A100050,transfer,2219.24,remittance,IN,online,smurfing sequence,1,20,4,1,4,3,3,2,1187.0942105263157,1118.0985360836485,19,1187.0942105263157,1118.0985360836485,19,2,0.9231259636255708,0.09231259636255708
T0000870,2024-05-17 22:28:32,A100127,A100050,transfer,2219.24,remittance,IN,online,smurfing sequence,1,22,4,1,4,3,3,2,1187.0942105263157,1118.0985360836485,19,1187.0942105263157,1118.0985360836485,19,2,0.9231259636255708,0.09231259636255708
T0000871,2024-05-17 22:48:32,A100084,A100060,transfer,4662.63,remittance,IN,online,smurfing sequence,1,22,4,1,4,3,3,2,3508.465,2087.9891353274456,12,3508.465,2087.9891353274456,12,2,0.5527638913055148,0.05527638913055148
T0000872,2024-05-18 00:33:32,A100127,A100050,transfer,2219.24,remittance,IN,online,smurfing sequence,1,0,5,1,4,3,3,2,1187.0942105263157,1118.0985360836485,19,1187.0942105263157,1118.0985360836485,19,2,0.9231259636255708,0.09231259636255708
T0000873,2024-05-18 00:40:32,A100084,A100060,transfer,4662.63,remittance,IN,online,smurfing sequence,1,0,5,1,4,3,3,2,3508.465,2087.9891353274456,12,3508.465,2087.9891353274456,12,2,0.5527638913055148,0.05527638913055148
T0000874,2024-05-18 02:43:32,A100084,A100060,transfer,4662.63,remittance,IN,online,smurfing sequence,1,2,5,1,4,3,3,2,3508.465,2087.9891353274456,12,3508.465,2087.9891353274456,12,2,0.5527638913055148,0.05527638913055148
T0000875,2024-05-18 02:44:32,A100127,A100050,transfer,2219.24,remittance,IN,online,smurfing sequence,1,2,5,1,4,3,3,2,1187.0942105263157,1118.0985360836485,19,1187.0942105263157,1118.0985360836485,19,2,0.9231259636255708,0.09231259636255708
T0000876,2024-05-18 04:35:32,A100127,A100050,transfer,2219.24,remittance,IN,online,smurfing sequence,1,4,5,1,4,3,3,2,1187.0942105263157,1118.0985360836485,19,1187.0942105263157,1118.0985360836485,19,2,0.9231259636255708,0.09231259636255708
T0000877,2024-05-18 10:23:32,A100075,A100041,transfer,6179.42,remittance,IN,online,smurfing sequence,1,10,5,1,4,3,3,2,4944.955,2602.4819475742765,10,4944.955,2602.4819475742765,10,1,0.4743414265279649,0.04743414265279649
T0000878,2024-05-18 12:39:32,A100075,A100041,transfer,6179.42,remittance,IN,online,smurfing sequence,1,12,5,1,4,3,3,2,4944.955,2602.4819475742765,10,4944.955,2602.4819475742765,10,1,0.4743414265279649,0.04743414265279649
T0000879,2024-05-18 14:37:32,A100075,A100041,transfer,6179.42,remittance,IN,online,smurfing sequence,1,14,5,1,4,3,3,2,4944.955,2602.4819475742765,10,4944.955,2602.4819475742765,10,1,0.4743414265279649,0.04743414265279649
T0000880,2024-05-18 16:51:32,A100075,A100041,transfer,6179.42,remittance,IN,online,smurfing sequence,1,16,5,1,4,3,3,2,4944.955,2602.4819475742765,10,4944.955,2602.4819475742765,10,1,0.4743414265279649,0.04743414265279649
T0000881,2024-05-18 18:28:32,A100075,A100041,transfer,6179.42,remittance,IN,online,smurfing sequence,1,18,5,1,4,3,3,2,4944.955,2602.4819475742765,10,4944.955,2602.4819475742765,10,1,0.4743414265279649,0.04743414265279649
T0000882,2024-05-18 20:44:32,A100075,A100041,transfer,6179.42,remittance,IN,online,smurfing sequence,1,20,5,1,4,3,3,2,4944.955,2602.4819475742765,10,4944.955,2602.4819475742765,10,1,0.4743414265279649,0.04743414265279649
T0000883,2024-05-18 22:51:32,A100075,A100041,transfer,6179.42,remittance,IN,online,smurfing sequence,1,22,5,1,4,3,3,2,4944.955,2602.4819475742765,10,4944.955,2602.4819475742765,10,1,0.4743414265279649,0.04743414265279649
T0000884,2024-05-19 00:37:32,A100075,A100041,transfer,6179.42,remittance,IN,online,smurfing sequence,1,0,6,1,4,3,3,2,4944.955,2602.4819475742765,10,4944.955,2602.4819475742765,10,1,0.4743414265279649,0.04743414265279649
T0000885,2024-05-20 10:24:32,A100126,A100038,transfer,5849.9,remittance,IN,online,smurfing sequence,1,10,0,1,4,3,3,2,3737.764545454545,2930.546239714922,11,3737.764545454545,2930.5462397149226,11,2,0.7207309767718212,0.07207309767718212
T0000886,2024-05-20 10:30:32,A100169,A100133,transfer,4459.52,remittance,IN,online,smurfing sequence,1,10,0,1,4,3,3,2,3002.918333333333,2151.928646611235,12,3002.9183333333335,2151.928646611235,12,3,0.6768819534437533,0.06768819534437534
T0000887,2024-05-20 12:41:32,A100169,A100133,transfer,4459.52,remittance,IN,online,smurfing sequence,1,12,0,1,4,3,3,2,3002.918333333333,2151.928646611235,12,3002.9183333333335,2151.928646611235,12,3,0.6768819534437533,0.06768819534437534
T0000888,2024-05-20 12:46:32,A100126,A100038,transfer,5849.9,remittance,IN,online,smurfing sequence,1,12,0,1,4,3,3,2,3737.764545454545,2930.546239714922,11,3737.764545454545,2930.5462397149226,11,2,0.7207309767718212,0.07207309767718212
T0000889,2024-05-20 14:38:32,A100126,A100038,transfer,5849.9,remittance,IN,online,smurfing sequence,1,14,0,1,4,3,3,2,3737.764545454545,2930.546239714922,11,3737.764545454545,2930.5462397149226,11,2,0.7207309767718212,0.07207309767718212
T0000890,2024-05-20 14:41:32,A100169,A100133,transfer,4459.52,remittance,IN,online,smurfing sequence,1,14,0,1,4,3,3,2,3002.918333333333,2151.928646611235,12,3002.9183333333335,2151.928646611235,12,3,0.6768819534437533,0.06768819534437534
T0000891,2024-05-20 16:24:32,A100126,A100038,transfer,5849.9,remittance,IN,online,smurfing sequence,1,16,0,1,4,3,3,2,3737.764545454545,2930.546239714922,11,3737.764545454545,2930.5462397149226,11,2,0.7207309767718212,0.07207309767718212
T0000892,2024-05-20 16:44:32,A100169,A100133,transfer,4459.52,remittance,IN,online,smurfing sequence,1,16,0,1,4,3,3,2,3002.918333333333,2151.928646611235,12,3002.9183333333335,2151.928646611235,12,3,0.6768819534437533,0.06768819534437534
T0000893,2024-05-20 18:26:32,A100169,A100133,transfer,4459.52,remittance,IN,online,smurfing sequence,1,18,0,1,4,3,3,2,3002.918333333333,2151.928646611235,12,3002.9183333333335,2151.928646611235,12,3,0.6768819534437533,0.06768819534437534
T0000894,2024-05-20 18:45:32,A100126,A100038,transfer,5849.9,remittance,IN,online,smurfing sequence,1,18,0,1,4,3,3,2,3737.764545454545,2930.546239714922,11,3737.764545454545,2930.5462397149226,11,2,0.7207309767718212,0.07207309767718212
T0000895,2024-05-20 20:35:32,A100169,A100133,transfer,4459.52,remittance,IN,online,smurfing sequence,1,20,0,1,4,3,3,2,3002.918333333333,2151.928646611235,12,3002.9183333333335,2151.928646611235,12,3,0.6768819534437533,0.06768819534437534
T0000896,2024-05-20 20:45:32,A100126,A100038,transfer,5849.9,remittance,IN,online,smurfing sequence,1,20,0,1,4,3,3,2,3737.764545454545,2930.546239714922,11,3737.764545454545,2930.5462397149226,11,2,0.7207309767718212,0.07207309767718212
T0000897,2024-05-20 22:25:32,A100126,A100038,transfer,5849.9,remittance,IN,online,smurfing sequence,1,22,0,1,4,3,3,2,3737.764545454545,2930.546239714922,11,3737.764545454545,2930.5462397149226,11,2,0.7207309767718212,0.07207309767718212
T0000898,2024-05-20 22:48:32,A100169,A100133,transfer,4459.52,remittance,IN,online,smurfing sequence,1,22,0,1,4,3,3,2,3002.918333333333,2151.928646611235,12,3002.9183333333335,2151.928646611235,12,3,0.6768819534437533,0.06768819534437534
T0000899,2024-05-21 00:50:32,A100169,A100133,transfer,4459.52,remittance,IN,online,smurfing sequence,1,0,1,1,4,3,3,2,3002.918333333333,2151.928646611235,12,3002.9183333333335,2151.928646611235,12,3,0.6768819534437533,0.06768819534437534
T0000900,2024-05-22 10:29:32,A100065,A100164,transfer,8097.82,remittance,IN,online,smurfing sequence,1,10,2,1,4,3,3,2,6100.39875,3698.5214383605376,8,6100.39875,3698.5214383605376,8,2,0.540059394747039,0.054005939474703904
T0000901,2024-05-22 10:45:32,A100026,A100130,transfer,4729.98,remittance,IN,online,smurfing sequence,1,10,2,1,4,3,3,2,2573.386923076923,2424.7499487314303,13,2573.386923076923,2424.7499487314303,13,5,0.8894084427806442,0.08894084427806442
T0000902,2024-05-22 12:36:32,A100065,A100164,transfer,8097.82,remittance,IN,online,smurfing sequence,1,12,2,1,4,3,3,2,6100.39875,3698.5214383605376,8,6100.39875,3698.5214383605376,8,2,0.540059394747039,0.054005939474703904
T0000903,2024-05-22 12:41:32,A100026,A100130,transfer,4729.98,remittance,IN,online,smurfing sequence,1,12,2,1,4,3,3,2,2573.386923076923,2424.7499487314303,13,2573.386923076923,2424.7499487314303,13,5,0.8894084427806442,0.08894084427806442
T0000904,2024-05-22 14:25:32,A100026,A100130,transfer,4729.98,remittance,IN,online,smurfing sequence,1,14,2,1,4,3,3,2,2573.386923076923,2424.7499487314303,13,2573.386923076923,2424.7499487314303,13,5,0.8894084427806442,0.08894084427806442
T0000905,2024-05-22 14:31:32,A100065,A100164,transfer,8097.82,remittance,IN,online,smurfing sequence,1,14,2,1,4,3,3,2,6100.39875,3698.5214383605376,8,6100.39875,3698.5214383605376,8,2,0.540059394747039,0.054005939474703904
T0000906,2024-05-22 16:30:32,A100065,A100164,transfer,8097.82,remittance,IN,online,smurfing sequence,1,16,2,1,4,3,3,2,6100.39875,3698.5214383605376,8,6100.39875,3698.5214383605376,8,2,0.540059394747039,0.054005939474703904
T0000907,2024-05-22 16:31:32,A100026,A100130,transfer,4729.98,remittance,IN,online,smurfing sequence,1,16,2,1,4,3,3,2,2573.386923076923,2424.7499487314303,13,2573.386923076923,2424.7499487314303,13,5,0.8894084427806442,0.08894084427806442
T0000908,2024-05-22 18:25:32,A100026,A100130,transfer,4729.98,remittance,IN,online,smurfing sequence,1,18,2,1,4,3,3,2,2573.386923076923,2424.7499487314303,13,2573.386923076923,2424.7499487314303,13,5,0.8894084427806442,0.08894084427806442
T0000909,2024-05-22 18:36:32,A100065,A100164,transfer,8097.82,remittance,IN,online,smurfing sequence,1,18,2,1,4,3,3,2,6100.39875,3698.5214383605376,8,6100.39875,3698.5214383605376,8,2,0.540059394747039,0.054005939474703904
T0000910,2024-05-22 20:23:32,A100065,A100164,transfer,8097.82,remittance,IN,online,smurfing sequence,1,20,2,1,4,3,3,2,6100.39875,3698.5214383605376,8,6100.39875,3698.5214383605376,8,2,0.540059394747039,0.054005939474703904
T0000911,2024-05-22 20:47:32,A100026,A100130,transfer,4729.98,remittance,IN,online,smurfing sequence,1,20,2,1,4,3,3,2,2573.386923076923,2424.7499487314303,13,2573.386923076923,2424.7499487314303,13,5,0.8894084427806442,0.08894084427806442
T0000912,2024-05-22 22:25:32,A100026,A100130,transfer,4729.98,remittance,IN,online,smurfing sequence,1,22,2,1,4,3,3,2,2573.386923076923,2424.7499487314303,13,2573.386923076923,2424.7499487314303,13,5,0.8894084427806442,0.08894084427806442
T0000913,2024-05-23 10:49:32,A100025,A100044,transfer,5297.3,remittance,IN,online,smurfing sequence,1,10,3,1,4,3,3,2,2292.535714285714,2700.483736765335,14,2292.535714285714,2700.483736765335,14,6,1.1126763119117113,0.11126763119117114
T0000914,2024-05-23 12:23:32,A100025,A100044,transfer,5297.3,remittance,IN,online,smurfing sequence,1,12,3,1,4,3,3,2,2292.535714285714,2700.483736765335,14,2292.535714285714,2700.483736765335,14,6,1.1126763119117113,0.11126763119117114
T0000915,2024-05-23 14:49:32,A100025,A100044,transfer,5297.3,remittance,IN,online,smurfing sequence,1,14,3,1,4,3,3,2,2292.535714285714,2700.483736765335,14,2292.535714285714,2700.483736765335,14,6,1.1126763119117113,0.11126763119117114
T0000916,2024-05-23 16:31:32,A100025,A100044,transfer,5297.3,remittance,IN,online,smurfing sequence,1,16,3,1,4,3,3,2,2292.535714285714,2700.483736765335,14,2292.535714285714,2700.483736765335,14,6,1.1126763119117113,0.11126763119117114
T0000917,2024-05-23 18:33:32,A100025,A100044,transfer,5297.3,remittance,IN,online,smurfing sequence,1,18,3,1,4,3,3,2,2292.535714285714,2700.483736765335,14,2292.535714285714,2700.483736765335,14,6,1.1126763119117113,0.11126763119117114
T0000918,2024-05-23 20:47:32,A100025,A100044,transfer,5297.3,remittance,IN,online,smurfing sequence,1,20,3,1,4,3,3,2,2292.535714285714,2700.483736765335,14,2292.535714285714,2700.483736765335,14,6,1.1126763119117113,0.11126763119117114
T0000919,2024-05-25 10:34:32,A100158,A100151,transfer,7408.3,transfer,US,mobile,mule layering in,1,10,5,1,6,7,2,2,1869.3775,3692.639370408607,4,1869.3775,3692.6393704086067,4,2,1.499990100004568,0.1499990100004568
T0000920,2024-05-25 10:38:32,A100042,A100107,transfer,3332.46,transfer,US,mobile,mule layering in,1,10,5,1,6,7,2,2,713.518,1464.4911506287774,5,713.518,1464.4911506287774,5,2,1.7882948607011149,0.17882948607011148
T0000921,2024-05-25 10:43:32,A100052,A100177,transfer,6934.7,remittance,IN,online,smurfing sequence,1,10,5,1,4,3,3,2,6070.90125,2443.191814821853,8,6070.90125,2443.191814821853,8,2,0.35355339044856415,0.03535533904485642
T0000922,2024-05-25 10:44:32,A100180,A100107,transfer,6373.17,transfer,US,mobile,mule layering in,1,10,5,1,6,7,2,2,752.1566666666666,2108.24314388782,9,752.1566666666666,2108.24314388782,9,5,2.666207333325601,0.2666207333325601
T0000923,2024-05-25 10:51:32,A100033,A100107,transfer,7088.25,transfer,US,mobile,mule layering in,1,10,5,1,6,7,2,2,2312.938,3268.9619588135315,5,2312.938,3268.9619588135315,5,5,1.460803783801875,0.1460803783801875
T0000924,2024-05-25 11:16:32,A100112,A100151,transfer,7367.86,transfer,US,mobile,mule layering in,1,11,5,1,6,7,2,2,1499.936,3280.3214547861007,5,1499.936,3280.3214547861007,5,3,1.7888259059640856,0.17888259059640857
T0000925,2024-05-25 11:19:32,A100146,A100151,transfer,3474.84,transfer,US,mobile,mule layering in,1,11,5,1,6,7,2,2,923.3125,1702.373368220086,4,923.3125,1702.373368220086,4,2,1.4988060469771916,0.14988060469771916
T0000926,2024-05-25 11:24:32,A100187,A100107,transfer,2572.4,transfer,US,mobile,mule layering in,1,11,5,1,6,7,2,2,560.5400000000001,1125.7308155149703,5,560.5400000000001,1125.7308155149703,5,4,1.7871590352552507,0.17871590352552508
T0000927,2024-05-25 11:49:32,A100046,A100151,transfer,2002.66,transfer,US,mobile,mule layering in,1,11,5,1,6,7,2,2,1027.1866666666667,2337.282116561884,9,1027.1866666666667,2337.282116561884,9,3,0.4173536972724928,0.041735369727249276
T0000928,2024-05-25 12:10:32,A100175,A100151,transfer,4416.59,transfer,US,mobile,mule layering in,1,12,5,1,6,7,2,2,4568.722857142858,10138.80446468043,7,4568.722857142858,10138.80446468043,7,5,-0.015005009481919001,0.0015005009481919
T0000929,2024-05-25 12:19:32,A100028,A100107,transfer,3930.02,transfer,US,mobile,mule layering in,1,12,5,1,6,7,2,2,809.96375,1481.7660718879397,8,809.96375,1481.7660718879395,8,6,2.1056334782446853,0.21056334782446853
T0000930,2024-05-25 12:42:32,A100052,A100177,transfer,6934.7,remittance,IN,online,smurfing sequence,1,12,5,1,4,3,3,2,6070.90125,2443.191814821853,8,6070.90125,2443.191814821853,8,2,0.35355339044856415,0.03535533904485642
T0000931,2024-05-25 13:21:32,A100151,A100123,transfer,23436.73,transfer,AE,mobile,mule layering out,1,13,5,1,6,0,2,2,11739.095,16542.9540646902,2,11739.095,16542.9540646902,2,2,0.7071067811438039,0.0707106781143804
T0000932,2024-05-25 13:21:32,A100107,A100166,transfer,22131.48,transfer,AE,mobile,mule layering out,1,13,5,1,6,0,2,2,4498.39,9857.792285897487,5,4498.39,9857.792285897487,5,4,1.7887463528154344,0.17887463528154343
T0000933,2024-05-25 14:22:32,A100052,A100177,transfer,6934.7,remittance,IN,online,smurfing sequence,1,14,5,1,4,3,3,2,6070.90125,2443.191814821853,8,6070.90125,2443.191814821853,8,2,0.35355339044856415,0.03535533904485642
T0000934,2024-05-25 16:31:32,A100052,A100177,transfer,6934.7,remittance,IN,online,smurfing sequence,1,16,5,1,4,3,3,2,6070.90125,2443.191814821853,8,6070.90125,2443.191814821853,8,2,0.35355339044856415,0.03535533904485642
T0000935,2024-05-25 18:35:32,A100052,A100177,transfer,6934.7,remittance,IN,online,smurfing sequence,1,18,5,1,4,3,3,2,6070.90125,2443.191814821853,8,6070.90125,2443.191814821853,8,2,0.35355339044856415,0.03535533904485642
T0000936,2024-05-25 20:43:32,A100052,A100177,transfer,6934.7,remittance,IN,online,smurfing sequence,1,20,5,1,4,3,3,2,6070.90125,2443.191814821853,8,6070.90125,2443.191814821853,8,2,0.35355339044856415,0.03535533904485642
T0000937,2024-05-25 22:25:32,A100052,A100177,transfer,6934.7,remittance,IN,online,smurfing sequence,1,22,5,1,4,3,3,2,6070.90125,2443.191814821853,8,6070.90125,2443.191814821853,8,2,0.35355339044856415,0.03535533904485642
T0000938,2024-05-26 10:36:32,A100123,A100175,transfer,7517.19,transfer,US,mobile,mule layering in,1,10,6,1,6,7,2,2,1932.0075,3723.909825504864,4,1932.0075,3723.909825504864,4,2,1.499816794769723,0.1499816794769723
T0000939,2024-05-26 10:39:32,A100124,A100175,transfer,7959.53,transfer,US,mobile,mule layering in,1,10,6,1,6,7,2,2,2661.9866666666667,4587.808649195532,3,2661.9866666666667,4587.808649195532,3,3,1.1547001492984132,0.11547001492984132
T0000940,2024-05-26 11:04:32,A100028,A100175,transfer,2269.47,transfer,US,mobile,mule layering in,1,11,6,1,6,7,2,2,809.96375,1481.7660718879397,8,809.96375,1481.7660718879395,8,6,0.9849775053598335,0.09849775053598335
T0000941,2024-05-26 11:27:32,A100033,A100175,transfer,4387.02,transfer,US,mobile,mule layering in,1,11,6,1,6,7,2,2,2312.938,3268.9619588135315,5,2312.938,3268.9619588135315,5,5,0.6344772516466697,0.06344772516466697
T0000942,2024-05-26 11:54:32,A100105,A100175,transfer,6566.05,transfer,US,mobile,mule layering in,1,11,6,1,6,7,2,2,976.9714285714286,2464.683787597837,7,976.9714285714286,2464.683787597837,7,4,2.2676655712529388,0.22676655712529387
T0000943,2024-05-26 13:21:32,A100175,A100186,transfer,27264.29,transfer,AE,mobile,mule layering out,1,13,6,1,6,0,2,2,4568.722857142858,10138.80446468043,7,4568.722857142858,10138.80446468043,7,5,2.2384855354180075,0.22384855354180075
T0000944,2024-05-29 11:20:32,A100029,A100095,transfer,6706.53,transfer,US,mobile,mule layering in,1,11,2,1,6,7,2,2,1144.47,2724.902909162086,6,1144.47,2724.902909162086,6,3,2.041195662148987,0.20411956621489868
T0000945,2024-05-29 11:32:32,A100069,A100095,transfer,6828.52,transfer,US,mobile,mule layering in,1,11,2,1,6,7,2,2,1201.3100000000002,2757.513036320953,6,1201.3100000000002,2757.513036320953,6,3,2.0406830081452982,0.2040683008145298
T0000946,2024-05-29 11:59:32,A100104,A100095,transfer,4261.91,transfer,US,mobile,mule layering in,1,11,2,1,6,7,2,2,511.62777777777774,1407.0761544047446,9,511.62777777777774,1407.0761544047446,9,3,2.665301524595487,0.2665301524595487
T0000947,2024-05-29 12:17:32,A100046,A100095,transfer,7012.45,transfer,US,mobile,mule layering in,1,12,2,1,6,7,2,2,1027.1866666666667,2337.282116561884,9,1027.1866666666667,2337.282116561884,9,3,2.5607791581346673,0.2560779158134667
T0000948,2024-05-29 12:19:32,A100118,A100095,transfer,5311.94,transfer,US,mobile,mule layering in,1,12,2,1,6,7,2,2,2664.03,3744.710233943342,2,2664.0299999999997,3744.710233943342,2,2,0.7071067809977194,0.07071067809977194
T0000949,2024-05-29 13:21:32,A100095,A100087,transfer,28615.28,transfer,AE,mobile,mule layering out,1,13,2,1,6,0,2,2,3601.35625,10107.173301680255,8,3601.35625,10107.173301680257,8,3,2.47486839306166,0.247486839306166
T0000950,2024-05-31 10:42:32,A100093,A100002,transfer,4993.37,transfer,US,mobile,mule layering in,1,10,4,1,6,7,2,2,1022.998,2219.563042215742,5,1022.9979999999999,2219.563042215742,5,1,1.7888079422369798,0.178880794223698
T0000951,2024-05-31 11:05:32,A100045,A100002,transfer,5390.51,transfer,US,mobile,mule layering in,1,11,4,1,6,7,2,2,640.21,1781.6826732614315,9,640.21,1781.6826732614315,9,8,2.666187457858713,0.2666187457858713
T0000952,2024-05-31 11:27:32,A100171,A100002,transfer,5999.6,transfer,US,mobile,mule layering in,1,11,4,1,6,7,2,2,827.78875,2093.1817233814686,8,827.78875,2093.1817233814686,8,6,2.4707894158249744,0.24707894158249744
T0000953,2024-05-31 11:50:32,A100167,A100002,transfer,2976.2,transfer,US,mobile,mule layering in,1,11,4,1,6,7,2,2,419.275,1034.1869614892105,8,419.275,1034.1869614892105,8,5,2.4724011157959995,0.24724011157959996
T0000954,2024-05-31 12:04:32,A100086,A100002,transfer,6629.76,transfer,US,mobile,mule layering in,1,12,4,1,6,7,2,2,1669.855,3306.618803153256,4,1669.855,3306.6188031532556,4,4,1.4999929818853466,0.14999929818853466
T0000955,2024-05-31 13:21:32,A100002,A100035,transfer,24689.98,transfer,AE,mobile,mule layering out,1,13,4,1,6,0,2,2,8251.873333333333,14235.819388620852,3,8251.873333333333,14235.819388620852,3,2,1.1547004226993405,0.11547004226993404
