txn_id,timestamp,from_acc,to_acc,txn_type,amount,merchant,country,channel,narrative,label,hour,day_of_week,is_transfer,merchant_enc,country_enc,channel_enc,txn_type_enc,acc_avg_amount,acc_std_amount,acc_txn_count,prof_avg_amount,prof_std_amount,prof_txn_count,prof_unique_to,z_score,behavior_risk,pagerank,deg_in,deg_out,clustering,graph_risk,velocity_count,velocity_sum,smurf_risk,mule_risk,risky_country_flag,high_amount_flag,rule_risk,ml_pred_prob
T0000000,2024-01-01 01:52:37,A100163,0,payment,63.29,electronics,IN,atm,normal transaction,0,1,0,0,0,3,0,1,42.3625,38.96269957707414,4,42.3625,38.96269957707414,4,2,0.5371162596545953,0.0537116259654595,0.0009946109666518,2.0,2.0,0.1666666666666666,0.4207866473674743,1.0,63.29,0,0,0,0,0.0,0.0
T0000001,2024-01-01 02:33:19,A100062,0,withdrawal,151.87,health,GB,online,normal transaction,0,2,0,0,2,2,3,3,56.871428571428574,59.561764421081264,7,56.871428571428574,59.561764421081264,7,1,1.5949589599462692,0.1594958959946269,0.0023029452580817,3.0,1.0,0.0,0.284640086355006,1.0,151.87,0,0,0,0,0.0,0.0
T0000002,2024-01-01 02:47:40,A100173,0,payment,160.65,electronics,RU,online,normal transaction,0,2,0,0,0,5,3,1,3959.346363636364,2466.120818156616,11,3959.346363636364,2466.120818156616,11,1,-1.5403529032837384,0.1540352903283738,0.0009600147847909,0.0,1.0,0.0,0.0721244616278777,1.0,160.65,0,0,1,0,0.2,0.0
T0000003,2024-01-01 02:52:39,A100007,0,payment,71.34,electronics,NG,branch,normal transaction,0,2,0,0,0,4,1,1,32.872,23.04029340090964,5,32.872,23.04029340090964,5,2,1.6695967217537495,0.1669596721753749,0.0016545939273634,2.0,2.0,0.0,0.28301289141399,1.0,71.34,0,0,1,0,0.2,0.0
T0000004,2024-01-01 10:01:23,A100129,0,withdrawal,20.83,grocery,NG,mobile,normal transaction,0,10,0,0,1,4,2,3,50.277142857142856,63.86076174362619,7,50.277142857142856,63.86076174362619,7,2,-0.4611148002625746,0.0461114800262574,0.0045056635234006,3.0,2.0,0.0,0.3598834138213446,1.0,20.83,0,0,1,0,0.2,0.0
T0000005,2024-01-01 11:28:26,A100056,A100114,transfer,20.79,utilities,IN,branch,normal transaction,0,11,0,1,8,3,1,2,48.78666666666666,51.05012863189801,3,48.78666666666666,51.05012863189801,3,2,-0.5484151924498407,0.054841519244984,0.0014349671068512,1.0,2.0,0.0,0.2127466129852256,1.0,20.79,0,0,0,0,0.0,0.0
T0000006,2024-01-01 13:44:09,A100178,0,withdrawal,12.03,salary,AE,atm,normal transaction,0,13,0,0,5,0,0,3,67.71,70.54372332107229,3,67.71,70.54372332107229,3,0,-0.78929770912829,0.078929770912829,0.0016145859637045,3.0,0.0,0.0,0.2131974100783061,1.0,12.03,0,0,1,0,0.2,0.0
T0000007,2024-01-01 15:07:04,A100039,A100055,transfer,45.34,remittance,US,online,normal transaction,0,15,0,1,4,7,3,2,37.26666666666667,9.676783212066567,3,37.26666666666667,9.676783212066567,3,2,0.8342992006855132,0.0834299200685513,0.001001504108415,2.0,2.0,0.0,0.281373804087302,1.0,45.34,0,0,0,0,0.0,0.0
T0000008,2024-01-01 17:33:12,A100097,0,payment,35.43,electronics,AE,atm,normal transaction,0,17,0,0,0,0,0,1,67.045,62.7100533407523,6,67.045,62.7100533407523,6,4,-0.5041456323448744,0.0504145632344874,0.0024227286700615,4.0,4.0,0.0357142857142857,0.5936788863156516,1.0,35.43,0,0,1,0,0.2,0.0
T0000009,2024-01-01 21:08:36,A100154,0,deposit,7.97,utilities,IN,mobile,normal transaction,0,21,0,0,8,3,2,0,40.89833333333333,30.045973052418635,6,40.89833333333333,30.045973052418635,6,0,-1.095931630503511,0.109593163050351,0.0042719909065296,1.0,0.0,0.0,0.0804366691220583,1.0,7.97,0,0,0,0,0.0,0.0
T0000010,2024-01-02 00:53:04,A100137,0,withdrawal,18.16,electronics,RU,online,normal transaction,0,0,1,0,0,5,3,3,135.2375,133.4397043299582,4,135.2375,133.4397043299582,4,3,-0.8773812840076413,0.0877381284007641,0.0047133027291921,3.0,3.0,0.0,0.430119606423021,1.0,18.16,0,0,1,0,0.2,0.0
T0000011,2024-01-02 05:29:43,A100141,A100075,transfer,24.74,remittance,NG,online,normal transaction,0,5,1,1,4,4,3,2,25.9625,15.094826691855156,8,25.9625,15.094826691855156,8,6,-0.080988006286394,0.0080988006286394,0.003100487294169,2.0,6.0,0.0,0.5655019981448353,1.0,24.74,0,0,1,0,0.2,0.0
T0000012,2024-01-02 06:00:57,A100011,A100169,transfer,75.38,health,CN,online,normal transaction,0,6,1,1,2,1,3,2,47.64142857142857,40.75138256491896,7,47.64142857142857,40.75138256491896,7,5,0.6806780286215931,0.0680678028621593,0.0077230962293489,3.0,5.0,0.0714285714285714,0.636859332313052,1.0,75.38,0,0,0,0,0.0,0.0
T0000013,2024-01-02 07:30:36,A100059,A100025,transfer,9.77,salary,CN,mobile,normal transaction,0,7,1,1,5,1,2,2,14.2725,9.372948219921698,4,14.2725,9.372948219921698,4,2,-0.4803717479264882,0.0480371747926488,0.0009827517104457,2.0,2.0,0.0,0.2813267403956553,1.0,9.77,0,0,0,0,0.0,0.0
T0000014,2024-01-02 10:40:29,A100162,0,withdrawal,69.3,remittance,GB,atm,normal transaction,0,10,1,0,4,2,0,3,68.56333333333333,48.15342923060274,6,68.56333333333333,48.15342923060274,6,5,0.0152983217008389,0.0015298321700838,0.0023996317027324,3.0,5.0,0.0,0.5637430310251029,1.0,69.3,0,0,0,0,0.0,0.0
T0000015,2024-01-02 11:02:43,A100090,0,withdrawal,39.31,health,CN,online,normal transaction,0,11,1,0,2,1,3,3,32.73666666666667,6.193555790766183,3,32.73666666666667,6.193555790766183,3,0,1.0613180044031156,0.1061318004403115,0.0023566225224982,1.0,0.0,0.0,0.0756295875337089,1.0,39.31,0,0,0,0,0.0,0.0
T0000016,2024-01-02 11:13:49,A100155,A100162,transfer,7.55,travel,NG,branch,normal transaction,0,11,1,1,7,4,1,2,48.43333333333334,71.41908591779465,3,48.43333333333334,71.41908591779465,3,2,-0.5724426774090684,0.0572442677409068,0.006324016655442,3.0,2.0,0.0,0.3644470121009379,1.0,7.55,0,0,1,0,0.2,0.0
T0000017,2024-01-02 18:17:18,A100118,A100097,transfer,16.12,utilities,NG,atm,normal transaction,0,18,1,1,8,4,0,2,2664.03,3744.710233943342,2,2664.03,3744.710233943342,2,2,-0.7071067809977194,0.0707106780997719,0.0033332179470716,4.0,2.0,0.0,0.4266559488823608,1.0,16.12,0,0,1,0,0.2,0.0
T0000018,2024-01-02 19:36:27,A100196,A100198,transfer,45.79,grocery,NG,online,normal transaction,0,19,1,1,1,4,3,2,237.1,270.5531966175968,2,237.1,270.5531966175968,2,1,-0.7071067785729884,0.0707106778572988,0.0010645721158433,1.0,1.0,0.0,0.1421019452593727,1.0,45.79,0,0,1,0,0.2,0.0
T0000019,2024-01-02 19:55:02,A100080,0,payment,22.53,salary,CN,online,normal transaction,0,19,1,0,5,1,3,1,12.294,7.541288351468866,5,12.294,7.541288351468866,5,2,1.357327576617421,0.1357327576617421,0.0166800343015412,3.0,2.0,0.0,0.3904379505387976,1.0,22.53,0,0,0,0,0.0,0.0
T0000020,2024-01-03 01:50:06,A100054,0,withdrawal,92.85,remittance,NG,mobile,normal transaction,0,1,2,0,4,4,2,3,65.89555555555555,75.70479246902258,9,65.89555555555555,75.70479246902258,9,2,0.3560467337576696,0.0356046733757669,0.001236184758784,2.0,2.0,0.1666666666666666,0.4213929353996191,1.0,92.85,0,0,1,0,0.2,0.0
T0000021,2024-01-03 07:44:09,A100101,0,deposit,84.04,other,GB,atm,normal transaction,0,7,2,0,3,2,0,0,67.79363636363637,56.52898588737061,11,67.79363636363637,56.52898588737061,11,7,0.2873988113166293,0.0287398811316629,0.0014334542607509,2.0,7.0,0.0,0.631033246005633,1.0,84.04,0,0,0,0,0.0,0.0
T0000022,2024-01-03 09:30:41,A100035,0,deposit,46.12,health,CN,mobile,normal transaction,0,9,2,0,2,1,2,0,54.12571428571429,44.52025376430479,7,54.12571428571429,44.52025376430479,7,2,-0.1798218435203805,0.017982184352038,0.0241048978089697,3.0,2.0,0.0,0.4090724466284962,1.0,46.12,0,0,0,0,0.0,0.0
T0000023,2024-01-03 11:07:07,A100149,0,deposit,87.84,salary,AE,branch,normal transaction,0,11,2,0,5,0,1,0,46.22,24.69688948025642,5,46.22,24.69688948025642,5,1,1.6852323993286735,0.1685232399328673,0.0213075609213673,1.0,1.0,0.0,0.1929066361958386,1.0,87.84,0,0,1,0,0.2,0.0
T0000024,2024-01-03 12:36:30,A100035,A100130,transfer,74.63,other,US,online,normal transaction,0,12,2,1,3,7,3,2,54.12571428571429,44.52025376430479,7,54.12571428571429,44.52025376430479,7,2,0.4605608351263417,0.0460560835126341,0.0241048978089697,3.0,2.0,0.0,0.4090724466284962,2.0,120.75,0,0,0,0,0.0,0.0
T0000025,2024-01-03 21:20:14,A100028,A100039,transfer,128.54,travel,RU,online,normal transaction,0,21,2,1,7,5,3,2,809.96375,1481.7660718879397,8,809.96375,1481.7660718879397,8,6,-0.4598726900744295,0.0459872690074429,0.0017760509694807,1.0,6.0,0.0,0.4924629322614822,1.0,128.54,0,0,1,0,0.2,0.0
T0000026,2024-01-03 21:50:48,A100098,A100097,transfer,47.53,other,CN,online,normal transaction,0,21,2,1,3,1,3,2,74.00999999999999,29.275790908758264,4,74.00999999999999,29.275790908758264,4,3,-0.9045015787285372,0.0904501578728537,0.0020837219463538,1.0,3.0,0.0,0.2840898922751986,1.0,47.53,0,0,0,0,0.0,0.0
T0000027,2024-01-04 03:44:32,A100174,A100184,transfer,154.17,electronics,CN,atm,normal transaction,0,3,3,1,0,1,0,2,62.17428571428571,69.56584072113334,7,62.17428571428571,69.56584072113334,7,5,1.3224265244212088,0.1322426524421208,0.0029874908133129,1.0,5.0,0.0,0.4257882627739653,1.0,154.17,0,0,0,0,0.0,0.0
T0000028,2024-01-04 06:42:03,A100028,A100075,transfer,36.13,salary,GB,mobile,normal transaction,0,6,3,1,5,2,2,2,809.96375,1481.7660718879397,8,809.96375,1481.7660718879397,8,6,-0.522237459852087,0.0522237459852087,0.0017760509694807,1.0,6.0,0.0,0.4924629322614822,2.0,164.67,0,0,0,0,0.0,0.0
T0000029,2024-01-04 08:12:37,A100000,A100184,transfer,24.56,utilities,GB,online,normal transaction,0,8,3,1,8,2,3,2,31.478,16.984412559756077,5,31.478,16.984412559756077,5,1,-0.407314622648611,0.0407314622648611,0.0020187905130096,3.0,1.0,0.0,0.2839269310922032,1.0,24.56,0,0,0,0,0.0,0.0
T0000030,2024-01-04 17:44:07,A100160,0,withdrawal,145.17,utilities,NG,branch,normal transaction,0,17,3,0,8,4,1,3,83.14750000000001,84.9639415533773,8,83.14750000000001,84.9639415533773,8,1,0.7299861345421359,0.0729986134542135,0.0009600147847909,0.0,1.0,0.0,0.0721244616278777,1.0,145.17,0,0,1,0,0.2,0.0
T0000031,2024-01-04 18:46:28,A100095,0,deposit,19.72,travel,IN,atm,normal transaction,0,18,3,0,7,3,0,0,3601.35625,10107.173301680255,8,3601.35625,10107.173301680255,8,3,-0.3543657700071501,0.035436577000715,0.0230347649533767,7.0,3.0,0.0,0.7549620468642632,1.0,19.72,0,0,0,0,0.0,0.0
T0000032,2024-01-04 20:08:34,A100125,0,withdrawal,82.72,grocery,US,atm,normal transaction,0,20,3,0,1,7,0,3,76.41,44.82227794300508,5,76.41,44.82227794300508,5,1,0.140778205588869,0.0140778205588869,0.0016945966826111,1.0,1.0,0.0,0.143683144740562,1.0,82.72,0,0,0,0,0.0,0.0
T0000033,2024-01-05 02:39:16,A100078,0,withdrawal,46.01,health,IN,branch,normal transaction,0,2,4,0,2,3,1,3,34.593333333333334,9.924889587966874,3,34.593333333333334,9.924889587966874,3,0,1.1503065515410769,0.1150306551541076,0.0020748911668497,2.0,0.0,0.0,0.1446375860003088,1.0,46.01,0,0,0,0,0.0,0.0
T0000034,2024-01-05 11:34:39,A100145,A100020,transfer,16.41,electronics,UA,online,normal transaction,0,11,4,1,0,6,3,2,30.37333333333333,12.21081624353316,3,30.37333333333333,12.21081624353316,3,2,-1.1435216050529544,0.1143521605052954,0.001939569566556,2.0,2.0,0.0,0.2837281069097202,1.0,16.41,0,0,1,0,0.2,0.0
T0000035,2024-01-05 12:36:44,A100194,A100136,transfer,23.86,travel,GB,mobile,normal transaction,0,12,4,1,7,2,2,2,46.527142857142856,44.86537369891013,7,46.527142857142856,44.86537369891013,7,5,-0.5052257561485046,0.0505225756148504,0.0009600147847909,0.0,5.0,0.0,0.3509847482109984,1.0,23.86,0,0,0,0,0.0,0.0
T0000036,2024-01-05 19:25:39,A100140,0,payment,33.29,travel,CN,mobile,normal transaction,0,19,4,0,7,1,2,1,36.90333333333333,21.17252307433701,3,36.90333333333333,21.17252307433701,3,1,-0.1706614346332477,0.0170661434633247,0.001142562816164,2.0,1.0,0.0,0.2120127534865331,1.0,33.29,0,0,0,0,0.0,0.0
T0000037,2024-01-05 21:35:18,A100054,0,withdrawal,26.19,health,CN,mobile,normal transaction,0,21,4,0,2,1,2,3,65.89555555555555,75.70479246902258,9,65.89555555555555,75.70479246902258,9,2,-0.5244787514254635,0.0524478751425463,0.001236184758784,2.0,2.0,0.1666666666666666,0.4213929353996191,2.0,119.03999999999999,0,0,0,0,0.0,0.0
T0000038,2024-01-05 22:05:56,A100171,A100166,transfer,28.18,remittance,UA,mobile,normal transaction,0,22,4,1,4,6,2,2,827.78875,2093.1817233814686,8,827.78875,2093.1817233814686,8,6,-0.3820063689101256,0.0382006368910125,0.0011773422261445,2.0,6.0,0.0714285714285714,0.6204311747779263,1.0,28.18,0,0,1,0,0.2,0.0
T0000039,2024-01-06 01:01:28,A100030,A100063,transfer,49.6,health,US,atm,normal transaction,0,1,5,1,2,7,0,2,49.626666666666665,62.159992760617335,9,49.626666666666665,62.159992760617335,9,3,-0.0004290004720618,4.290004720618056e-05,0.0009600147847909,0.0,3.0,0.0,0.2115546049194381,1.0,49.6,0,0,0,0,0.0,0.0
T0000040,2024-01-06 02:49:56,A100005,0,payment,4.86,health,NG,online,normal transaction,0,2,5,0,2,4,3,1,61.49000000000001,81.55792358808554,3,61.49000000000001,81.55792358808554,3,1,-0.6943531273755935,0.0694353127375593,0.0015138393537881,1.0,1.0,0.0,0.1432294903759038,1.0,4.86,0,0,1,0,0.2,0.0
T0000041,2024-01-06 04:10:23,A100018,0,deposit,32.25,grocery,NG,online,normal transaction,0,4,5,0,1,4,3,0,40.385,21.76861425692197,4,40.385,21.76861425692197,4,1,-0.3737031457438816,0.0373703145743881,0.0029736303296915,3.0,1.0,0.0,0.2863233332364912,1.0,32.25,0,0,1,0,0.2,0.0
T0000042,2024-01-06 07:56:06,A100008,A100084,transfer,27.32,electronics,NG,atm,normal transaction,0,7,5,1,0,4,0,2,46.3925,41.44264741784723,4,46.3925,41.44264741784723,4,2,-0.460214313711342,0.0460214313711342,0.0043994142415665,4.0,2.0,0.0,0.4293318271204911,1.0,27.32,0,0,1,0,0.2,0.0
T0000043,2024-01-06 08:33:40,A100171,A100124,transfer,44.77,health,GB,mobile,normal transaction,0,8,5,1,2,2,2,2,827.78875,2093.1817233814686,8,827.78875,2093.1817233814686,8,6,-0.3740806356559322,0.0374080635655932,0.0011773422261445,2.0,6.0,0.0714285714285714,0.6204311747779263,2.0,72.95,0,0,0,0,0.0,0.0
T0000044,2024-01-07 01:32:14,A100062,0,withdrawal,103.84,other,RU,branch,normal transaction,0,1,6,0,3,5,1,3,56.871428571428574,59.561764421081264,7,56.871428571428574,59.561764421081264,7,1,0.7885691617184234,0.0788569161718423,0.0023029452580817,3.0,1.0,0.0,0.284640086355006,2.0,255.71,0,1,1,0,0.5,0.0
T0000045,2024-01-07 02:37:21,A100024,A100168,transfer,70.24,salary,AE,mobile,normal transaction,0,2,6,1,5,0,2,2,100.0575,126.59644028039123,4,100.0575,126.59644028039123,4,3,-0.2355318972510366,0.0235531897251036,0.0009600147847909,0.0,3.0,0.0,0.2115546049194381,1.0,70.24,0,0,1,0,0.2,0.0
T0000046,2024-01-07 04:27:23,A100105,A100119,transfer,59.55,grocery,US,online,normal transaction,0,4,6,1,1,7,3,2,976.9714285714286,2464.683787597837,7,976.9714285714286,2464.683787597837,7,4,-0.3722268279669869,0.0372226827966986,0.020036178653738,4.0,4.0,0.0,0.6080062238589495,1.0,59.55,0,0,0,0,0.0,0.0
T0000047,2024-01-07 04:50:05,A100103,0,payment,296.03,remittance,US,branch,normal transaction,0,4,6,0,4,7,1,1,111.124,104.71567351643208,5,111.124,104.71567351643208,5,2,1.765791041827118,0.1765791041827117,0.0012369488871621,2.0,2.0,0.0,0.2819647098735853,1.0,296.03,0,0,0,0,0.0,0.006666666666666667
T0000048,2024-01-07 06:22:55,A100049,0,withdrawal,36.59,health,UA,branch,normal transaction,0,6,6,0,2,6,1,3,36.59,0.0,1,36.59,0.0,1,0,0.0,0.0,0.0012614150117738,2.0,0.0,1.0,0.9791768300060744,1.0,36.59,0,0,1,0,0.2,0.0
T0000049,2024-01-07 10:54:33,A100108,0,deposit,20.02,travel,CN,mobile,normal transaction,0,10,6,0,7,1,2,0,53.5525,47.52469279227379,4,53.5525,47.52469279227379,4,3,-0.7055805587421052,0.0705580558742105,0.0017610175810761,2.0,3.0,0.1,0.4366531450098685,1.0,20.02,0,0,0,0,0.0,0.0
T0000050,2024-01-07 13:46:46,A100063,0,withdrawal,11.45,electronics,UA,online,normal transaction,0,13,6,0,0,6,3,3,46.53,52.87252310983465,7,46.53,52.87252310983465,7,4,-0.6634826044454889,0.0663482604445488,0.0038483293057302,4.0,4.0,0.0357142857142857,0.5972567769319926,1.0,11.45,0,0,1,0,0.2,0.0
T0000051,2024-01-07 18:28:34,A100012,A100166,transfer,53.18,grocery,US,branch,normal transaction,0,18,6,1,1,7,1,2,26.726,20.05466230082172,5,26.726,20.05466230082172,5,3,1.3190946964896724,0.1319094696489672,0.000961512058671,1.0,3.0,0.0,0.2812734343372279,1.0,53.18,0,0,0,0,0.0,0.0
T0000052,2024-01-08 05:31:02,A100042,0,deposit,15.13,salary,UA,mobile,normal transaction,0,5,0,0,5,6,2,0,713.518,1464.4911506287774,5,713.518,1464.4911506287774,5,2,-0.4768809966678644,0.0476880996667864,0.0040762822814713,2.0,2.0,0.0,0.289090705789964,1.0,15.13,0,0,1,0,0.2,0.0
T0000053,2024-01-08 15:51:43,A100054,0,payment,24.0,salary,IN,branch,normal transaction,0,15,0,0,5,3,1,1,65.89555555555555,75.70479246902258,9,65.89555555555555,75.70479246902258,9,2,-0.5534069064292299,0.0553406906429229,0.001236184758784,2.0,2.0,0.1666666666666666,0.4213929353996191,3.0,143.04,0,0,0,0,0.0,0.0
T0000054,2024-01-08 17:03:18,A100097,A100000,transfer,41.57,salary,CN,mobile,normal transaction,0,17,0,1,5,1,2,2,67.045,62.7100533407523,6,67.045,62.7100533407523,6,4,-0.4062346982124205,0.040623469821242,0.0024227286700615,4.0,4.0,0.0357142857142857,0.5936788863156516,2.0,77.0,0,0,0,0,0.0,0.0
T0000055,2024-01-08 20:04:19,A100073,0,withdrawal,122.38,salary,UA,branch,normal transaction,0,20,0,0,5,6,1,3,50.94,51.68395495702704,4,50.94,51.68395495702704,4,2,1.3822471340893343,0.1382247134089334,0.0009600147847909,0.0,2.0,0.0,0.1418395332736579,1.0,122.38,0,0,1,0,0.2,0.0
T0000056,2024-01-08 20:27:46,A100048,0,payment,42.94,utilities,NG,online,normal transaction,0,20,0,0,8,4,3,1,41.14,12.56066081064209,4,41.14,12.56066081064209,4,1,0.1433045509174474,0.0143304550917447,0.0069767241587968,3.0,1.0,0.0,0.2963700682681219,1.0,42.94,0,0,1,0,0.2,0.0
T0000057,2024-01-08 22:07:08,A100148,A100188,transfer,72.37,grocery,AE,online,normal transaction,0,22,0,1,1,0,3,2,72.37,0.0,1,72.37,0.0,1,1,0.0,0.0,0.0010503045646312,1.0,1.0,0.0,0.1420661373785941,1.0,72.37,0,0,1,0,0.2,0.0
T0000058,2024-01-09 03:17:48,A100012,0,payment,42.54,other,GB,online,normal transaction,0,3,1,0,3,2,3,1,26.726,20.05466230082172,5,26.726,20.05466230082172,5,3,0.7885447769822211,0.0788544776982221,0.000961512058671,1.0,3.0,0.0,0.2812734343372279,2.0,95.72,0,1,0,0,0.3,0.0
T0000059,2024-01-09 07:24:21,A100130,0,deposit,46.83,electronics,GB,online,normal transaction,0,7,1,0,0,2,3,0,47.456,21.581161460866745,5,47.456,21.581161460866745,5,1,-0.0290067785336,0.00290067785336,0.0284621825335371,4.0,1.0,0.0,0.4200081096316504,1.0,46.83,0,0,0,0,0.0,0.0
T0000060,2024-01-09 08:06:39,A100152,0,payment,44.39,electronics,NG,mobile,normal transaction,0,8,1,0,0,4,2,1,83.35799999999999,60.30495891715705,5,83.35799999999999,60.30495891715705,5,1,-0.6461823381282674,0.0646182338128267,0.0014292260405624,2.0,1.0,0.0,0.2127322043867102,1.0,44.39,0,0,1,0,0.2,0.0
T0000061,2024-01-09 08:07:52,A100030,0,withdrawal,16.21,health,IN,online,normal transaction,0,8,1,0,2,3,3,3,49.626666666666665,62.159992760617335,9,49.626666666666665,62.159992760617335,9,3,-0.5375912165525094,0.0537591216552509,0.0009600147847909,0.0,3.0,0.0,0.2115546049194381,2.0,65.81,0,0,0,0,0.0,0.0
T0000062,2024-01-09 11:18:50,A100107,A100168,transfer,10.06,remittance,CN,branch,normal transaction,0,11,1,1,4,1,1,2,4498.39,9857.792285897487,5,4498.39,9857.792285897487,5,4,-0.4553078285049358,0.0455307828504935,0.0146927069332536,6.0,4.0,0.0,0.7340256286526021,1.0,10.06,0,0,0,0,0.0,0.006666666666666667
T0000063,2024-01-09 16:17:44,A100171,0,withdrawal,63.85,remittance,NG,atm,normal transaction,0,16,1,0,4,4,0,3,827.78875,2093.1817233814686,8,827.78875,2093.1817233814686,8,6,-0.3649653258011999,0.0364965325801199,0.0011773422261445,2.0,6.0,0.0714285714285714,0.6204311747779263,3.0,136.8,0,0,1,0,0.2,0.0
T0000064,2024-01-09 17:52:12,A100101,A100033,transfer,86.78,utilities,UA,atm,normal transaction,0,17,1,1,8,6,0,2,67.79363636363637,56.52898588737061,11,67.79363636363637,56.52898588737061,11,7,0.3358695190167199,0.033586951901672,0.0014334542607509,2.0,7.0,0.0,0.631033246005633,2.0,170.82,0,0,1,0,0.2,0.0
T0000065,2024-01-09 22:09:26,A100192,A100018,transfer,50.04,grocery,UA,online,normal transaction,0,22,1,1,1,6,3,2,27.23,19.782727314503425,3,27.23,19.782727314503425,3,2,1.153025995068495,0.1153025995068494,0.0017575987557611,2.0,2.0,0.0,0.2832714070176879,1.0,50.04,0,0,1,0,0.2,0.0
T0000066,2024-01-09 22:33:02,A100018,A100137,transfer,13.61,health,CN,branch,normal transaction,0,22,1,1,2,1,1,2,40.385,21.76861425692197,4,40.385,21.76861425692197,4,1,-1.2299817734840113,0.1229981773484011,0.0029736303296915,3.0,1.0,0.0,0.2863233332364912,2.0,45.86,0,0,0,0,0.0,0.0
T0000067,2024-01-10 12:59:59,A100089,A100017,transfer,14.65,health,AE,atm,normal transaction,0,12,2,1,2,0,0,2,51.95285714285715,53.52989716481987,7,51.95285714285715,53.52989716481987,7,4,-0.6968602299223648,0.0696860229922364,0.0014930399719955,2.0,4.0,0.0666666666666666,0.477809633181542,1.0,14.65,0,0,1,0,0.2,0.0
T0000068,2024-01-10 21:54:14,A100040,A100112,transfer,33.55,utilities,IN,atm,normal transaction,0,21,2,1,8,3,0,2,27.068,17.052630882066264,5,27.068,17.052630882066264,5,2,0.3801172771938458,0.0380117277193845,0.0013586076634765,1.0,2.0,0.0,0.2125549704388605,1.0,33.55,0,0,0,0,0.0,0.0
T0000069,2024-01-11 01:20:40,A100169,A100026,transfer,141.67,travel,CN,online,normal transaction,0,1,3,1,7,1,3,2,3002.918333333333,2151.928646611235,12,3002.918333333333,2151.928646611235,12,3,-1.3296204483868388,0.1329620448386838,0.0030922546262522,3.0,3.0,0.0666666666666666,0.4818232502926876,1.0,141.67,0,0,0,0,0.0,0.013333333333333334
T0000070,2024-01-11 02:12:47,A100027,A100190,transfer,11.35,travel,CN,atm,normal transaction,0,2,3,1,7,1,0,2,86.375,155.1810511260039,8,86.375,155.1810511260039,8,5,-0.483467530166513,0.0483467530166513,0.0011652423832275,1.0,5.0,0.0,0.4212148882990121,1.0,11.35,0,0,0,0,0.0,0.0
T0000071,2024-01-11 13:29:50,A100154,0,payment,53.65,health,AE,branch,normal transaction,0,13,3,0,2,0,1,1,40.89833333333333,30.045973052418635,6,40.89833333333333,30.045973052418635,6,0,0.4244051680408139,0.0424405168040813,0.0042719909065296,1.0,0.0,0.0,0.0804366691220583,2.0,61.62,0,0,1,0,0.2,0.0
T0000072,2024-01-11 23:21:04,A100175,A100162,transfer,53.16,utilities,UA,atm,normal transaction,0,23,3,1,8,6,0,2,4568.722857142858,10138.80446468043,7,4568.722857142858,10138.80446468043,7,5,-0.4453742916561722,0.0445374291656172,0.0550128933801561,7.0,5.0,0.0303030303030303,0.9999999958170958,1.0,53.16,0,0,1,0,0.2,0.006666666666666667
T0000073,2024-01-12 12:36:21,A100013,0,payment,30.79,electronics,RU,atm,normal transaction,0,12,4,0,0,5,0,1,27.01333333333333,8.38886364970449,3,27.01333333333333,8.38886364970449,3,1,0.4501999763221482,0.0450199976322148,0.0056774622368347,4.0,1.0,0.0,0.3628243269467582,1.0,30.79,0,0,1,0,0.2,0.0
T0000074,2024-01-12 14:00:03,A100011,A100000,transfer,21.19,remittance,GB,atm,normal transaction,0,14,4,1,4,2,0,2,47.64142857142857,40.75138256491896,7,47.64142857142857,40.75138256491896,7,5,-0.6490927732377513,0.0649092773237751,0.0077230962293489,3.0,5.0,0.0714285714285714,0.636859332313052,2.0,96.57,0,0,0,0,0.0,0.0
T0000075,2024-01-12 14:44:37,A100041,A100189,transfer,77.98,other,RU,online,normal transaction,0,14,4,1,3,5,3,2,64.19500000000001,38.281538500953694,6,64.19500000000001,38.281538500953694,6,4,0.3600952359728526,0.0360095235972852,0.0053835347979329,1.0,4.0,0.0,0.362086644738137,1.0,77.98,0,0,1,0,0.2,0.0
T0000076,2024-01-13 01:44:55,A100028,A100019,transfer,13.68,travel,IN,atm,normal transaction,0,1,5,1,7,3,0,2,809.96375,1481.7660718879397,8,809.96375,1481.7660718879397,8,6,-0.5373882993879426,0.0537388299387942,0.0017760509694807,1.0,6.0,0.0,0.4924629322614822,3.0,178.35,0,0,0,0,0.0,0.0
T0000077,2024-01-13 05:34:00,A100149,0,payment,38.62,travel,RU,branch,normal transaction,0,5,5,0,7,5,1,1,46.22,24.69688948025642,5,46.22,24.69688948025642,5,1,-0.3077310484117712,0.0307731048411771,0.0213075609213673,1.0,1.0,0.0,0.1929066361958386,2.0,126.46000000000001,0,0,1,0,0.2,0.0
T0000078,2024-01-13 06:10:13,A100010,A100078,transfer,47.36,remittance,IN,atm,normal transaction,0,6,5,1,4,3,0,2,47.36,0.0,1,47.36,0.0,1,1,0.0,0.0,0.0009600147847909,0.0,1.0,0.0,0.0721244616278777,1.0,47.36,0,0,0,0,0.0,0.0
T0000079,2024-01-13 10:56:47,A100053,A100174,transfer,58.02,health,US,atm,normal transaction,0,10,5,1,2,7,0,2,54.82,4.5254833995939086,2,54.82,4.5254833995939086,2,1,0.7071066249365819,0.0707106624936581,0.0023862733048778,1.0,1.0,0.0,0.1454190750105354,1.0,58.02,0,0,0,0,0.0,0.0
T0000080,2024-01-13 12:43:42,A100199,0,withdrawal,55.43,salary,GB,branch,normal transaction,0,12,5,0,5,2,1,3,49.02111111111111,46.28122525507629,9,49.02111111111111,46.28122525507629,9,5,0.1384770760732801,0.013847707607328,0.001042986595808,1.0,5.0,0.0,0.4209080577437657,1.0,55.43,0,0,0,0,0.0,0.0
T0000081,2024-01-13 20:48:00,A100041,0,payment,55.36,travel,RU,online,normal transaction,0,20,5,0,7,5,3,1,64.19500000000001,38.281538500953694,6,64.19500000000001,38.281538500953694,6,4,-0.2307900913906533,0.0230790091390653,0.0053835347979329,1.0,4.0,0.0,0.362086644738137,2.0,133.34,0,0,1,0,0.2,0.0
T0000082,2024-01-13 23:39:51,A100045,A100188,transfer,58.61,remittance,RU,branch,normal transaction,0,23,5,1,4,5,1,2,640.21,1781.6826732614315,9,640.21,1781.6826732614315,9,8,-0.3264329885461187,0.0326432988546118,0.0009887221997201,1.0,8.0,0.0277777777777777,0.6531554402309674,1.0,58.61,0,0,1,0,0.2,0.0
T0000083,2024-01-14 04:30:22,A100068,0,payment,103.09,travel,US,mobile,normal transaction,0,4,6,0,7,7,2,1,59.54333333333333,68.89199537440228,6,59.54333333333333,68.89199537440228,6,1,0.6321005190502362,0.0632100519050236,0.0013370318109585,1.0,1.0,0.0,0.1427857489573321,1.0,103.09,0,0,0,0,0.0,0.0
T0000084,2024-01-14 13:20:07,A100009,A100120,transfer,15.29,health,NG,mobile,normal transaction,0,13,6,1,2,4,2,2,28.97125,14.478163298567951,8,28.97125,14.478163298567951,8,3,-0.9449575041328426,0.0944957504132842,0.0009600147847909,0.0,3.0,0.0,0.2115546049194381,1.0,15.29,0,0,1,0,0.2,0.0
T0000085,2024-01-14 16:47:20,A100089,0,deposit,26.13,utilities,NG,branch,normal transaction,0,16,6,0,8,4,1,0,51.95285714285715,53.52989716481987,7,51.95285714285715,53.52989716481987,7,4,-0.4824006401683773,0.0482400640168377,0.0014930399719955,2.0,4.0,0.0666666666666666,0.477809633181542,2.0,40.78,0,0,1,0,0.2,0.0
T0000086,2024-01-14 19:17:43,A100006,A100168,transfer,65.78,health,RU,atm,normal transaction,0,19,6,1,2,5,0,2,60.09333333333333,44.93071592277752,3,60.09333333333333,44.93071592277752,3,2,0.1265652332332099,0.0126565233233209,0.0009600147847909,0.0,2.0,0.0,0.1418395332736579,1.0,65.78,0,0,1,0,0.2,0.0
T0000087,2024-01-14 19:25:09,A100071,0,deposit,6.6,electronics,CN,atm,normal transaction,0,19,6,0,0,1,0,0,59.90888888888888,64.24285358007621,9,59.90888888888888,64.24285358007621,9,6,-0.8298026175415576,0.0829802617541557,0.0009600147847909,0.0,6.0,0.0,0.4206998198567787,1.0,6.6,0,0,0,0,0.0,0.0
T0000088,2024-01-15 02:20:11,A100164,A100130,transfer,35.31,salary,AE,online,normal transaction,0,2,0,1,5,0,3,2,65.32000000000001,59.02054388092336,6,65.32000000000001,59.02054388092336,6,3,-0.5084670102681456,0.0508467010268145,0.0054169496581199,3.0,3.0,0.0,0.4318855790813082,1.0,35.31,0,0,1,0,0.2,0.0
T0000089,2024-01-15 08:12:53,A100029,0,withdrawal,11.27,utilities,GB,atm,normal transaction,0,8,0,0,8,2,0,3,1144.47,2724.902909162086,6,1144.47,2724.902909162086,6,3,-0.4158680280952079,0.0415868028095207,0.0009600147847909,0.0,3.0,0.0,0.2115546049194381,1.0,11.27,0,0,0,0,0.0,0.0
T0000090,2024-01-15 12:06:56,A100009,0,deposit,34.66,electronics,RU,atm,normal transaction,0,12,0,0,0,5,0,0,28.97125,14.478163298567951,8,28.97125,14.478163298567951,8,3,0.3929192874653784,0.0392919287465378,0.0009600147847909,0.0,3.0,0.0,0.2115546049194381,2.0,49.949999999999996,0,0,1,0,0.2,0.0
T0000091,2024-01-15 15:13:37,A100186,A100080,transfer,17.26,salary,US,mobile,normal transaction,0,15,0,1,5,7,2,2,20.5625,6.715709816045756,4,20.5625,6.715709816045756,4,2,-0.4917573270292372,0.0491757327029237,0.0418110128275317,2.0,2.0,0.0,0.3837951657578651,1.0,17.26,0,0,0,0,0.0,0.0
T0000092,2024-01-15 20:24:24,A100147,0,payment,4.37,health,CN,online,normal transaction,0,20,0,0,2,1,3,1,48.83166666666667,42.54309693318843,6,48.83166666666667,42.54309693318843,6,1,-1.045097062195406,0.1045097062195405,0.0035094406292274,1.0,1.0,0.0,0.1482379358680758,1.0,4.37,0,0,0,0,0.0,0.0
T0000093,2024-01-16 02:44:57,A100181,0,withdrawal,39.9,salary,IN,branch,normal transaction,0,2,1,0,5,3,1,3,40.987142857142864,25.057577506139545,7,40.987142857142864,25.057577506139545,7,3,-0.0433857907250094,0.0043385790725009,0.0031873189483451,1.0,3.0,0.0,0.2868596366614269,1.0,39.9,0,0,0,0,0.0,0.0
T0000094,2024-01-16 05:03:39,A100093,0,deposit,54.87,salary,US,atm,normal transaction,0,5,1,0,5,7,0,0,1022.998,2219.563042215742,5,1022.998,2219.563042215742,5,1,-0.4361795457710267,0.0436179545771026,0.0216382473371199,1.0,1.0,0.0,0.1937365739738319,1.0,54.87,0,0,0,0,0.0,0.0
T0000095,2024-01-16 07:09:51,A100159,0,withdrawal,78.71,remittance,US,atm,normal transaction,0,7,1,0,4,7,0,3,78.71,0.0,1,78.71,0.0,1,0,0.0,0.0,0.0,0.0,0.0,0.0,0.0,1.0,78.71,0,0,0,0,0.0,0.0
T0000096,2024-01-16 07:50:40,A100129,0,withdrawal,193.53,utilities,RU,atm,normal transaction,0,7,1,0,8,5,0,3,50.277142857142856,63.86076174362619,7,50.277142857142856,63.86076174362619,7,2,2.2432061721210013,0.2243206172121001,0.0045056635234006,3.0,2.0,0.0,0.3598834138213446,2.0,214.36,0,1,1,0,0.5,0.0
T0000097,2024-01-16 12:09:43,A100103,0,withdrawal,49.65,utilities,GB,branch,normal transaction,0,12,1,0,8,2,1,3,111.124,104.71567351643208,5,111.124,104.71567351643208,5,2,-0.5870563340577388,0.0587056334057738,0.0012369488871621,2.0,2.0,0.0,0.2819647098735853,2.0,345.67999999999995,0,1,0,0,0.3,0.0
T0000098,2024-01-17 00:33:15,A100107,A100170,transfer,276.48,salary,GB,atm,normal transaction,0,0,2,1,5,2,0,2,4498.39,9857.792285897487,5,4498.39,9857.792285897487,5,4,-0.4282814931707948,0.0428281493170794,0.0146927069332536,6.0,4.0,0.0,0.7340256286526021,2.0,286.54,0,0,0,0,0.0,0.0
T0000099,2024-01-17 02:43:49,A100103,0,withdrawal,92.99,grocery,CN,atm,normal transaction,0,2,2,0,1,1,0,3,111.124,104.71567351643208,5,111.124,104.71567351643208,5,2,-0.1731736923220066,0.0173173692322006,0.0012369488871621,2.0,2.0,0.0,0.2819647098735853,3.0,438.66999999999996,0,1,0,0,0.3,0.0
T0000100,2024-01-17 04:29:25,A100053,0,payment,51.62,salary,AE,mobile,normal transaction,0,4,2,0,5,0,2,1,54.82,4.5254833995939086,2,54.82,4.5254833995939086,2,1,-0.7071066249365819,0.0707106624936581,0.0023862733048778,1.0,1.0,0.0,0.1454190750105354,2.0,109.64,0,0,1,0,0.2,0.0
T0000101,2024-01-17 07:03:41,A100113,0,deposit,71.85,other,NG,mobile,normal transaction,0,7,2,0,3,4,2,0,75.43,70.7530658935239,4,75.43,70.7530658935239,4,3,-0.0505985133533157,0.0050598513353315,0.0019233035652619,1.0,3.0,0.1666666666666666,0.4231174267252388,1.0,71.85,0,0,1,0,0.2,0.0
T0000102,2024-01-17 09:46:02,A100188,A100043,transfer,25.72,electronics,CN,atm,normal transaction,0,9,2,1,0,1,0,2,29.126666666666665,15.130420791681022,3,29.126666666666665,15.130420791681022,3,3,-0.2251534500207861,0.0225153450020786,0.0020629947019545,3.0,3.0,0.0,0.4234680155189398,1.0,25.72,0,0,0,0,0.0,0.0
T0000103,2024-01-17 11:48:02,A100023,A100192,transfer,9.51,health,CN,branch,normal transaction,0,11,2,1,2,1,1,2,27.156666666666663,15.310732619092178,3,27.156666666666663,15.310732619092178,3,2,-1.1525683292315678,0.1152568329231567,0.0026991317108919,3.0,2.0,0.0,0.3553494840107252,1.0,9.51,0,0,0,0,0.0,0.0
T0000104,2024-01-17 15:49:58,A100050,0,deposit,139.95,travel,IN,online,normal transaction,0,15,2,0,7,3,3,0,62.586,50.17527408993398,5,62.586,50.17527408993398,5,3,1.5418749545734038,0.1541874954573404,0.0031818627760854,2.0,3.0,0.0,0.356561014719367,1.0,139.95,0,0,0,0,0.0,0.0
T0000105,2024-01-17 18:37:49,A100062,0,payment,7.88,other,US,mobile,normal transaction,0,18,2,0,3,7,2,1,56.871428571428574,59.561764421081264,7,56.871428571428574,59.561764421081264,7,1,-0.8225315053218447,0.0822531505321844,0.0023029452580817,3.0,1.0,0.0,0.284640086355006,3.0,263.59000000000003,0,1,0,0,0.3,0.0
T0000106,2024-01-17 22:55:48,A100106,0,withdrawal,40.41,health,RU,mobile,normal transaction,0,22,2,0,2,5,2,3,30.572000000000003,21.46311650250261,5,30.572000000000003,21.46311650250261,5,3,0.4583677091108911,0.0458367709110891,0.0032972850829053,2.0,3.0,0.0,0.356850694997388,1.0,40.41,0,0,1,0,0.2,0.0
T0000107,2024-01-17 23:02:14,A100102,A100062,transfer,18.17,travel,IN,online,normal transaction,0,23,2,1,7,3,3,2,100.65999999999998,141.64025946036668,3,100.65999999999998,141.64025946036668,3,2,-0.5823909087139957,0.0582390908713995,0.0009600147847909,0.0,2.0,0.0,0.1418395332736579,1.0,18.17,0,0,0,0,0.0,0.0
T0000108,2024-01-18 10:18:22,A100199,A100108,transfer,161.74,health,GB,mobile,normal transaction,0,10,3,1,2,2,2,2,49.02111111111111,46.28122525507629,9,49.02111111111111,46.28122525507629,9,5,2.435520793412977,0.2435520793412976,0.001042986595808,1.0,5.0,0.0,0.4209080577437657,2.0,217.17000000000002,0,1,0,0,0.3,0.0
T0000109,2024-01-18 12:45:28,A100012,A100142,transfer,9.6,health,US,mobile,normal transaction,0,12,3,1,2,7,2,2,26.726,20.05466230082172,5,26.726,20.05466230082172,5,3,-0.8539659700643428,0.0853965970064342,0.000961512058671,1.0,3.0,0.0,0.2812734343372279,3.0,105.32,0,1,0,0,0.3,0.0
T0000110,2024-01-19 00:06:37,A100034,A100118,transfer,43.86,remittance,UA,mobile,normal transaction,0,0,4,1,4,6,2,2,106.2975,130.69395634458388,4,106.2975,130.69395634458388,4,3,-0.4777382311209622,0.0477738231120962,0.002536396466229,3.0,3.0,0.0,0.4246561320838306,1.0,43.86,0,0,1,0,0.2,0.0
T0000111,2024-01-19 00:24:20,A100140,A100114,transfer,17.77,travel,UA,mobile,normal transaction,0,0,4,1,7,6,2,2,36.90333333333333,21.17252307433701,3,36.90333333333333,21.17252307433701,3,1,-0.903686932467567,0.0903686932467567,0.001142562816164,2.0,1.0,0.0,0.2120127534865331,2.0,51.06,0,0,1,0,0.2,0.0
T0000112,2024-01-19 07:51:34,A100066,0,deposit,18.37,health,CN,mobile,normal transaction,0,7,4,0,2,1,2,0,41.415,32.80617878794582,4,41.415,32.80617878794582,4,2,-0.7024591143790405,0.070245911437904,0.0029909254732373,2.0,2.0,0.0,0.2863667395946622,1.0,18.37,0,0,0,0,0.0,0.0
T0000113,2024-01-19 08:21:44,A100160,A100061,transfer,77.45,utilities,UA,online,normal transaction,0,8,4,1,8,6,3,2,83.14750000000001,84.9639415533773,8,83.14750000000001,84.9639415533773,8,1,-0.0670578580604429,0.0067057858060442,0.0009600147847909,0.0,1.0,0.0,0.0721244616278777,2.0,222.62,0,0,1,0,0.2,0.0
T0000114,2024-01-19 12:19:40,A100182,0,payment,74.65,utilities,NG,atm,normal transaction,0,12,4,0,8,4,0,1,109.8275,60.11029882640744,4,109.8275,60.11029882640744,4,2,-0.585215846561889,0.0585215846561888,0.0037862332192774,4.0,2.0,0.0666666666666666,0.4835649579166896,1.0,74.65,0,0,1,0,0.2,0.0
T0000115,2024-01-19 13:39:11,A100085,0,withdrawal,62.15,remittance,US,branch,normal transaction,0,13,4,0,4,7,1,3,42.2425,17.48667945418264,4,42.2425,17.48667945418264,4,0,1.1384379129109277,0.1138437912910927,0.0011658192979341,2.0,0.0,0.0,0.1423560496232948,1.0,62.15,0,0,0,0,0.0,0.0
T0000116,2024-01-19 19:12:29,A100038,0,payment,32.43,health,RU,branch,normal transaction,0,19,4,0,2,5,1,1,73.49000000000001,48.26947068282394,9,73.49000000000001,48.26947068282394,9,5,-0.8506411727437795,0.0850641172743779,0.002434309874927,3.0,5.0,0.0,0.5638300643104301,1.0,32.43,0,0,1,0,0.2,0.0
T0000117,2024-01-19 21:04:08,A100180,0,payment,37.24,health,US,mobile,normal transaction,0,21,4,0,2,7,2,1,752.1566666666666,2108.24314388782,9,752.1566666666666,2108.24314388782,9,5,-0.339105415046758,0.0339105415046758,0.0012979278031234,2.0,5.0,0.0476190476190476,0.531100149990339,1.0,37.24,0,0,0,0,0.0,0.0
T0000118,2024-01-19 22:44:08,A100104,0,payment,26.64,remittance,UA,mobile,normal transaction,0,22,4,0,4,6,2,1,511.62777777777774,1407.0761544047446,9,511.62777777777774,1407.0761544047446,9,3,-0.3446777034170345,0.0344677703417034,0.0127125465648042,1.0,3.0,0.0,0.310765505987484,1.0,26.64,0,0,1,0,0.2,0.0
T0000119,2024-01-20 04:17:40,A100015,0,payment,99.36,health,RU,mobile,normal transaction,0,4,5,0,2,5,2,1,52.4875,43.71289388346037,4,52.4875,43.71289388346037,4,3,1.0722808481333306,0.107228084813333,0.0020335273250726,2.0,3.0,0.0,0.3536789883427002,1.0,99.36,0,0,1,0,0.2,0.0
T0000120,2024-01-20 04:43:47,A100197,0,payment,122.18,grocery,RU,mobile,normal transaction,0,4,5,0,1,5,2,1,75.69833333333334,62.819306400713046,6,75.69833333333334,62.819306400713046,6,2,0.7399264428397545,0.0739926442839754,0.0009828815154394,1.0,2.0,0.0,0.2116119945269949,1.0,122.18,0,0,1,0,0.2,0.0
T0000121,2024-01-20 06:16:21,A100001,0,payment,33.82,remittance,CN,mobile,normal transaction,0,6,5,0,4,1,2,1,63.51249999999999,60.7939478210345,4,63.51249999999999,60.7939478210345,4,1,-0.4884120965296876,0.0488412096529687,0.0010224849264258,1.0,1.0,1.0,0.9785771769974132,1.0,33.82,0,0,0,0,0.0,0.006666666666666667
T0000122,2024-01-20 08:14:40,A100107,0,deposit,45.79,health,UA,branch,normal transaction,0,8,5,0,2,6,1,0,4498.39,9857.792285897487,5,4498.39,9857.792285897487,5,4,-0.4516832846963297,0.0451683284696329,0.0146927069332536,6.0,4.0,0.0,0.7340256286526021,3.0,332.33000000000004,0,0,1,0,0.2,0.0
T0000123,2024-01-20 20:16:34,A100069,A100111,transfer,29.07,other,IN,mobile,normal transaction,0,20,5,1,3,3,2,2,1201.3100000000002,2757.513036320953,6,1201.3100000000002,2757.513036320953,6,3,-0.42510769092823,0.0425107690928229,0.0041915772830687,3.0,3.0,0.0,0.4288102098562079,1.0,29.07,0,0,0,0,0.0,0.0
T0000124,2024-01-21 00:16:22,A100086,A100171,transfer,12.11,salary,GB,mobile,normal transaction,0,0,6,1,5,2,2,2,1669.855,3306.618803153256,4,1669.855,3306.618803153256,4,4,-0.5013414300789075,0.0501341430078907,0.0011351597747263,1.0,4.0,0.1,0.4350824030247175,1.0,12.11,0,0,0,0,0.0,0.006666666666666667
T0000125,2024-01-21 04:44:17,A100032,0,payment,9.83,grocery,RU,online,normal transaction,0,4,6,0,1,5,3,1,74.13000000000001,88.26664111278582,4,74.13000000000001,88.26664111278582,4,2,-0.7284745228875753,0.0728474522887575,0.001231676315347,1.0,2.0,0.0,0.2122364054298185,1.0,9.83,0,0,1,0,0.2,0.0
T0000126,2024-01-21 11:00:39,A100021,0,payment,32.71,salary,GB,mobile,normal transaction,0,11,6,0,5,2,2,1,35.81333333333333,20.217495064094035,6,35.81333333333333,20.217495064094035,6,0,-0.1534974125131551,0.0153497412513155,0.0107483395129891,1.0,0.0,0.0,0.0966906369777438,1.0,32.71,0,0,0,0,0.0,0.0
T0000127,2024-01-21 11:14:52,A100046,A100012,transfer,13.5,utilities,RU,atm,normal transaction,0,11,6,1,8,5,0,2,1027.1866666666667,2337.282116561884,9,1027.1866666666667,2337.282116561884,9,3,-0.4337031713245149,0.0433703171324514,0.0011784145803266,1.0,3.0,0.0,0.2818178038313734,1.0,13.5,0,0,1,0,0.2,0.0
T0000128,2024-01-21 13:34:40,A100054,0,payment,14.51,other,AE,atm,normal transaction,0,13,6,0,3,0,0,1,65.89555555555555,75.70479246902258,9,65.89555555555555,75.70479246902258,9,2,-0.6787622447788838,0.0678762244778883,0.001236184758784,2.0,2.0,0.1666666666666666,0.4213929353996191,4.0,157.54999999999998,0,0,1,0,0.2,0.0
T0000129,2024-01-21 14:11:42,A100194,0,payment,24.01,salary,CN,mobile,normal transaction,0,14,6,0,5,1,2,1,46.527142857142856,44.86537369891013,7,46.527142857142856,44.86537369891013,7,5,-0.5018824206474273,0.0501882420647427,0.0009600147847909,0.0,5.0,0.0,0.3509847482109984,2.0,47.870000000000005,0,0,0,0,0.0,0.0
T0000130,2024-01-21 18:02:47,A100064,0,deposit,42.31,electronics,UA,online,normal transaction,0,18,6,0,0,6,3,0,46.998000000000005,14.91650327657256,5,46.998000000000005,14.91650327657256,5,3,-0.3142827510439455,0.0314282751043945,0.0104934322671043,1.0,3.0,0.0,0.3051961003463284,1.0,42.31,0,0,1,0,0.2,0.0
T0000131,2024-01-21 18:20:54,A100191,0,payment,19.95,grocery,AE,branch,normal transaction,0,18,6,0,1,0,1,1,35.85666666666666,34.035356126632,6,35.85666666666666,34.035356126632,6,2,-0.4673571253412824,0.0467357125341282,0.0272679321573697,3.0,2.0,0.0,0.4170108486123,1.0,19.95,0,0,1,0,0.2,0.0
T0000132,2024-01-21 23:14:53,A100166,0,deposit,7.78,electronics,IN,online,normal transaction,0,23,6,0,0,3,3,0,11.616666666666667,11.113326834631174,3,11.616666666666667,11.113326834631174,3,1,-0.3452311246241569,0.0345231124624157,0.0138236959534462,4.0,1.0,0.0,0.3832692765658446,1.0,7.78,0,0,0,0,0.0,0.0
T0000133,2024-01-22 05:57:01,A100063,0,payment,8.11,health,IN,branch,normal transaction,0,5,0,0,2,3,1,1,46.53,52.87252310983465,7,46.53,52.87252310983465,7,4,-0.7266534111401277,0.0726653411140127,0.0038483293057302,4.0,4.0,0.0357142857142857,0.5972567769319926,2.0,19.56,0,0,0,0,0.0,0.0
T0000134,2024-01-22 23:01:31,A100061,0,payment,16.14,travel,UA,online,normal transaction,0,23,0,0,7,6,3,1,61.5525,43.00580997570755,4,61.5525,43.00580997570755,4,1,-1.0559619495526291,0.1055961949552629,0.0017760509694807,1.0,1.0,0.0,0.1438875740325811,1.0,16.14,0,0,1,0,0.2,0.0
T0000135,2024-01-23 05:01:48,A100144,A100055,transfer,26.75,other,CN,atm,normal transaction,0,5,1,1,3,1,0,2,34.052,34.054596165569194,5,34.052,34.054596165569194,5,4,-0.2144203898374891,0.0214420389837489,0.0013647609208853,2.0,4.0,0.0,0.421715628468321,1.0,26.75,0,0,0,0,0.0,0.0
T0000136,2024-01-23 07:14:17,A100042,0,payment,32.49,electronics,GB,atm,normal transaction,0,7,1,0,0,2,0,1,713.518,1464.4911506287774,5,713.518,1464.4911506287774,5,2,-0.4650270500047572,0.0465027050004757,0.0040762822814713,2.0,2.0,0.0,0.289090705789964,2.0,47.620000000000005,0,0,0,0,0.0,0.0
T0000137,2024-01-23 07:17:01,A100027,A100148,transfer,12.15,grocery,CN,mobile,normal transaction,0,7,1,1,1,1,2,2,86.375,155.1810511260039,8,86.375,155.1810511260039,8,5,-0.4783122616009254,0.0478312261600925,0.0011652423832275,1.0,5.0,0.0,0.4212148882990121,2.0,23.5,0,0,0,0,0.0,0.0
T0000138,2024-01-23 07:30:55,A100101,0,deposit,45.73,health,US,branch,normal transaction,0,7,1,0,2,7,1,0,67.79363636363637,56.52898588737061,11,67.79363636363637,56.52898588737061,11,7,-0.3903065945193103,0.039030659451931,0.0014334542607509,2.0,7.0,0.0,0.631033246005633,3.0,216.55,0,1,0,0,0.3,0.0
T0000139,2024-01-23 12:59:51,A100026,A100178,transfer,14.48,utilities,US,online,normal transaction,0,12,1,1,8,7,3,2,2573.386923076923,2424.7499487314303,13,2573.386923076923,2424.7499487314303,13,5,-1.0553281683170472,0.1055328168317047,0.0009704037756721,1.0,5.0,0.0,0.4207258935495487,1.0,14.48,0,0,0,0,0.0,0.006666666666666667
T0000140,2024-01-24 02:05:46,A100088,A100136,transfer,66.03,salary,AE,online,normal transaction,0,2,2,1,5,0,3,2,46.15166666666667,27.523971673191834,6,46.15166666666667,27.523971673191834,6,5,0.7222189023859442,0.0722218902385944,0.0009990320634662,1.0,5.0,0.0,0.4207977431823965,1.0,66.03,0,0,1,0,0.2,0.0
T0000141,2024-01-24 03:06:30,A100129,0,payment,22.17,remittance,IN,mobile,normal transaction,0,3,2,0,4,3,2,1,50.277142857142856,63.86076174362619,7,50.277142857142856,63.86076174362619,7,2,-0.4401316496951513,0.0440131649695151,0.0045056635234006,3.0,2.0,0.0,0.3598834138213446,3.0,236.52999999999997,0,1,0,0,0.3,0.0
T0000142,2024-01-24 03:09:26,A100125,0,payment,41.43,electronics,RU,atm,normal transaction,0,3,2,0,0,5,0,1,76.41,44.82227794300508,5,76.41,44.82227794300508,5,1,-0.7804154725037458,0.0780415472503745,0.0016945966826111,1.0,1.0,0.0,0.143683144740562,2.0,124.15,0,0,1,0,0.2,0.0
T0000143,2024-01-24 03:27:49,A100162,A100117,transfer,33.54,travel,RU,branch,normal transaction,0,3,2,1,7,5,1,2,68.56333333333333,48.15342923060274,6,68.56333333333333,48.15342923060274,6,5,-0.7273279009534633,0.0727327900953463,0.0023996317027324,3.0,5.0,0.0,0.5637430310251029,2.0,102.84,0,0,1,0,0.2,0.0
T0000144,2024-01-24 17:23:52,A100187,A100133,transfer,141.34,utilities,UA,mobile,normal transaction,0,17,2,1,8,6,2,2,560.5400000000001,1125.7308155149703,5,560.5400000000001,1125.7308155149703,5,4,-0.3723803185007908,0.037238031850079,0.0071633167097348,2.0,4.0,0.0,0.4362685108297421,1.0,141.34,0,0,1,0,0.2,0.0
T0000145,2024-01-24 19:49:20,A100111,A100187,transfer,86.42,utilities,AE,branch,normal transaction,0,19,2,1,8,0,1,2,42.46,34.29482468245027,4,42.46,34.29482468245027,4,1,1.281826022591382,0.1281826022591382,0.0062086676445132,3.0,1.0,0.0,0.2944424441309556,1.0,86.42,0,0,1,0,0.2,0.0
T0000146,2024-01-24 23:20:00,A100022,0,payment,295.84,utilities,UA,branch,normal transaction,0,23,2,0,8,6,1,1,113.862,107.37644234188429,5,113.862,107.37644234188429,5,2,1.694766508707929,0.1694766508707929,0.0021618918331127,1.0,2.0,0.0,0.2145710069226324,1.0,295.84,0,0,1,0,0.2,0.0
T0000147,2024-01-25 00:37:58,A100192,0,withdrawal,14.76,other,RU,atm,normal transaction,0,0,3,0,3,5,0,3,27.23,19.782727314503425,3,27.23,19.782727314503425,3,2,-0.6303478368480548,0.0630347836848054,0.0017575987557611,2.0,2.0,0.0,0.2832714070176879,2.0,64.8,0,0,1,0,0.2,0.0
T0000148,2024-01-25 03:07:30,A100007,A100126,transfer,15.5,remittance,GB,mobile,normal transaction,0,3,3,1,4,2,2,2,32.872,23.04029340090964,5,32.872,23.04029340090964,5,2,-0.7539834212931823,0.0753983421293182,0.0016545939273634,2.0,2.0,0.0,0.28301289141399,2.0,86.84,0,0,0,0,0.0,0.0
T0000149,2024-01-25 17:47:05,A100054,0,payment,38.49,remittance,CN,atm,normal transaction,0,17,3,0,4,1,0,1,65.89555555555555,75.70479246902258,9,65.89555555555555,75.70479246902258,9,2,-0.3620055520892418,0.0362005552089241,0.001236184758784,2.0,2.0,0.1666666666666666,0.4213929353996191,5.0,196.04,1,0,0,0,0.3,0.0
T0000150,2024-01-25 22:34:34,A100071,A100152,transfer,85.66,utilities,IN,branch,normal transaction,0,22,3,1,8,3,1,2,59.90888888888888,64.24285358007621,9,59.90888888888888,64.24285358007621,9,6,0.4008400822073272,0.0400840082207327,0.0009600147847909,0.0,6.0,0.0,0.4206998198567787,2.0,92.25999999999999,0,0,0,0,0.0,0.0
T0000151,2024-01-26 03:11:36,A100021,0,withdrawal,18.6,health,RU,mobile,normal transaction,0,3,4,0,2,5,2,3,35.81333333333333,20.217495064094035,6,35.81333333333333,20.217495064094035,6,0,-0.8514077746701754,0.0851407774670175,0.0107483395129891,1.0,0.0,0.0,0.0966906369777438,2.0,51.31,0,0,1,0,0.2,0.0
T0000152,2024-01-26 12:51:59,A100142,0,payment,8.84,health,UA,mobile,normal transaction,0,12,4,0,2,6,2,1,78.33500000000001,98.28077151711824,2,78.33500000000001,98.28077151711824,2,0,-0.7071067739917855,0.0707106773991785,0.0022460924814985,5.0,0.0,0.0,0.3542124721666468,1.0,8.84,0,0,1,0,0.2,0.0
T0000153,2024-01-26 23:39:44,A100114,0,payment,206.74,grocery,US,atm,normal transaction,0,23,4,0,1,7,0,1,104.3075,71.74713902542271,4,104.3075,71.74713902542271,4,2,1.4276875700369982,0.1427687570036998,0.0032402492372152,5.0,2.0,0.0476190476190476,0.5359748767960654,1.0,206.74,0,0,0,0,0.0,0.013333333333333334
T0000154,2024-01-26 23:50:50,A100056,0,deposit,107.71,salary,NG,atm,normal transaction,0,23,4,0,5,4,0,0,48.78666666666666,51.05012863189801,3,48.78666666666666,51.05012863189801,3,2,1.154224950224531,0.1154224950224531,0.0014349671068512,1.0,2.0,0.0,0.2127466129852256,2.0,128.5,0,0,1,0,0.2,0.0
T0000155,2024-01-27 17:18:15,A100169,0,withdrawal,20.71,remittance,UA,atm,normal transaction,0,17,5,0,4,6,0,3,3002.918333333333,2151.928646611235,12,3002.918333333333,2151.928646611235,12,3,-1.3858304905433352,0.1385830490543335,0.0030922546262522,3.0,3.0,0.0666666666666666,0.4818232502926876,2.0,162.38,0,0,1,0,0.2,0.0
T0000156,2024-01-27 20:54:39,A100108,A100190,transfer,29.53,remittance,AE,mobile,normal transaction,0,20,5,1,4,0,2,2,53.5525,47.52469279227379,4,53.5525,47.52469279227379,4,3,-0.5054740616530895,0.0505474061653089,0.0017610175810761,2.0,3.0,0.1,0.4366531450098685,2.0,49.55,0,0,1,0,0.2,0.0
T0000157,2024-01-27 23:03:15,A100069,0,withdrawal,114.18,utilities,CN,branch,normal transaction,0,23,5,0,8,1,1,3,1201.3100000000002,2757.513036320953,6,1201.3100000000002,2757.513036320953,6,3,-0.3942429229840362,0.0394242922984036,0.0041915772830687,3.0,3.0,0.0,0.4288102098562079,2.0,143.25,0,0,0,0,0.0,0.0
T0000158,2024-01-27 23:17:10,A100030,0,payment,33.29,health,AE,online,normal transaction,0,23,5,0,2,0,3,1,49.626666666666665,62.159992760617335,9,49.626666666666665,62.159992760617335,9,3,-0.2628164141968926,0.0262816414196892,0.0009600147847909,0.0,3.0,0.0,0.2115546049194381,3.0,99.1,0,0,1,0,0.2,0.0
T0000159,2024-01-28 05:08:50,A100190,0,payment,34.71,travel,NG,branch,normal transaction,0,5,6,0,7,4,1,1,19.235,15.35222350888192,4,19.235,15.35222350888192,4,2,1.0079972443763476,0.1007997244376347,0.0020932368223755,4.0,2.0,0.0,0.423543915456247,1.0,34.71,0,0,1,0,0.2,0.0
T0000160,2024-01-28 12:43:34,A100189,0,withdrawal,11.39,other,CN,atm,normal transaction,0,12,6,0,3,1,0,3,33.025,30.596510421941908,2,33.025,30.596510421941908,2,1,-0.707106758075848,0.0707106758075848,0.0091866222139305,4.0,1.0,0.0,0.3716314151586689,1.0,11.39,0,0,0,0,0.0,0.0
T0000161,2024-01-29 01:02:49,A100025,A100049,transfer,28.72,utilities,NG,atm,normal transaction,0,1,0,1,8,4,0,2,2292.535714285714,2700.483736765335,14,2292.535714285714,2700.483736765335,14,6,-0.8383000729191705,0.083830007291917,0.001756238540369,2.0,6.0,0.0714285714285714,0.6218840555067054,1.0,28.72,0,0,1,0,0.2,0.0
T0000162,2024-01-29 02:05:07,A100045,A100077,transfer,7.14,grocery,GB,atm,normal transaction,0,2,0,1,1,2,0,2,640.21,1781.6826732614315,9,640.21,1781.6826732614315,9,8,-0.3553214100049714,0.0355321410004971,0.0009887221997201,1.0,8.0,0.0277777777777777,0.6531554402309674,2.0,65.75,0,0,0,0,0.0,0.0
T0000163,2024-01-29 02:34:02,A100011,A100013,transfer,118.83,utilities,GB,mobile,normal transaction,0,2,0,1,8,2,2,2,47.64142857142857,40.75138256491896,7,47.64142857142857,40.75138256491896,7,5,1.7468994964346312,0.1746899496434631,0.0077230962293489,3.0,5.0,0.0714285714285714,0.636859332313052,3.0,215.39999999999998,0,1,0,0,0.3,0.0
T0000164,2024-01-29 05:30:20,A100026,0,payment,107.69,grocery,CN,mobile,normal transaction,0,5,0,0,1,1,2,1,2573.386923076923,2424.7499487314303,13,2573.386923076923,2424.7499487314303,13,5,-1.0168870911204797,0.1016887091120479,0.0009704037756721,1.0,5.0,0.0,0.4207258935495487,2.0,122.17,0,0,0,0,0.0,0.0
T0000165,2024-01-29 08:42:59,A100122,A100112,transfer,35.43,remittance,GB,online,normal transaction,0,8,0,1,4,2,3,2,39.27333333333333,5.738818112933473,3,39.27333333333333,5.738818112933473,3,2,-0.6697080458019111,0.0669708045801911,0.0091336184454716,4.0,2.0,0.0,0.4412134609898872,1.0,35.43,0,0,0,0,0.0,0.0
T0000166,2024-01-29 17:05:14,A100064,A100122,transfer,63.14,electronics,US,mobile,normal transaction,0,17,0,1,0,7,2,2,46.998000000000005,14.91650327657256,5,46.998000000000005,14.91650327657256,5,3,1.0821570322848473,0.1082157032284847,0.0104934322671043,1.0,3.0,0.0,0.3051961003463284,2.0,105.45,0,0,0,0,0.0,0.0
T0000167,2024-01-29 21:57:28,A100125,0,withdrawal,130.14,electronics,IN,branch,normal transaction,0,21,0,0,0,3,1,3,76.41,44.82227794300508,5,76.41,44.82227794300508,5,1,1.1987342292060106,0.119873422920601,0.0016945966826111,1.0,1.0,0.0,0.143683144740562,3.0,254.29,0,1,0,0,0.3,0.0
T0000168,2024-01-29 22:32:39,A100038,0,deposit,95.43,utilities,US,branch,normal transaction,0,22,0,0,8,7,1,0,73.49000000000001,48.26947068282394,9,73.49000000000001,48.26947068282394,9,5,0.4545315959570997,0.0454531595957099,0.002434309874927,3.0,5.0,0.0,0.5638300643104301,2.0,127.86000000000001,0,0,0,0,0.0,0.0
T0000169,2024-01-30 00:32:09,A100030,A100142,transfer,5.7,salary,NG,mobile,normal transaction,0,0,1,1,5,4,2,2,49.626666666666665,62.159992760617335,9,49.626666666666665,62.159992760617335,9,3,-0.7066710276038871,0.0706671027603887,0.0009600147847909,0.0,3.0,0.0,0.2115546049194381,4.0,104.8,0,0,1,0,0.2,0.0
T0000170,2024-01-30 09:54:57,A100115,A100113,transfer,148.76,utilities,RU,atm,normal transaction,0,9,1,1,8,5,0,2,64.5525,43.71799915366668,8,64.5525,43.71799915366668,8,3,1.926151692758468,0.1926151692758467,0.0018291519985228,1.0,3.0,0.1666666666666666,0.4228811305292907,1.0,148.76,0,0,1,0,0.2,0.0
T0000171,2024-01-30 11:56:10,A100145,A100158,transfer,35.66,grocery,US,branch,normal transaction,0,11,1,1,1,7,1,2,30.37333333333333,12.21081624353316,3,30.37333333333333,12.21081624353316,3,2,0.4329494546703236,0.0432949454670323,0.001939569566556,2.0,2.0,0.0,0.2837281069097202,2.0,52.06999999999999,0,0,0,0,0.0,0.0
T0000172,2024-01-30 19:52:07,A100160,0,payment,6.03,health,CN,online,normal transaction,0,19,1,0,2,1,3,1,83.14750000000001,84.9639415533773,8,83.14750000000001,84.9639415533773,8,1,-0.9076497356693648,0.0907649735669365,0.0009600147847909,0.0,1.0,0.0,0.0721244616278777,3.0,228.64999999999998,0,0,0,0,0.0,0.0
T0000173,2024-01-30 22:19:37,A100040,0,payment,31.33,health,GB,online,normal transaction,0,22,1,0,2,2,3,1,27.068,17.052630882066264,5,27.068,17.052630882066264,5,2,0.2499320943227662,0.0249932094322766,0.0013586076634765,1.0,2.0,0.0,0.2125549704388605,2.0,64.88,0,0,0,0,0.0,0.0
T0000174,2024-01-31 01:02:27,A100040,A100000,transfer,8.98,salary,UA,mobile,normal transaction,0,1,2,1,5,6,2,2,27.068,17.052630882066264,5,27.068,17.052630882066264,5,2,-1.060716030527968,0.1060716030527968,0.0013586076634765,1.0,2.0,0.0,0.2125549704388605,3.0,73.86,0,0,1,0,0.2,0.0
T0000175,2024-01-31 01:21:23,A100074,0,deposit,64.69,grocery,NG,atm,normal transaction,0,1,2,0,1,4,0,0,127.475,52.76572909253379,4,127.475,52.76572909253379,4,2,-1.1898821430101638,0.1189882143010163,0.0033516415066566,2.0,2.0,0.0,0.2872720439827523,1.0,64.69,0,0,1,0,0.2,0.0
T0000176,2024-01-31 01:54:16,A100180,0,withdrawal,47.78,utilities,UA,online,normal transaction,0,1,2,0,8,6,3,3,752.1566666666666,2108.24314388782,9,752.1566666666666,2108.24314388782,9,5,-0.334105991699618,0.0334105991699618,0.0012979278031234,2.0,5.0,0.0476190476190476,0.531100149990339,2.0,85.02000000000001,0,0,1,0,0.2,0.0
T0000177,2024-01-31 02:42:26,A100175,A100059,transfer,12.94,utilities,NG,mobile,normal transaction,0,2,2,1,8,4,2,2,4568.722857142858,10138.80446468043,7,4568.722857142858,10138.80446468043,7,5,-0.4493412287971482,0.0449341228797148,0.0550128933801561,7.0,5.0,0.0303030303030303,0.9999999958170958,2.0,66.1,0,0,1,0,0.2,0.013333333333333334
T0000178,2024-01-31 11:47:28,A100029,A100139,transfer,12.36,health,GB,atm,normal transaction,0,11,2,1,2,2,0,2,1144.47,2724.902909162086,6,1144.47,2724.902909162086,6,3,-0.4154680138429807,0.041546801384298,0.0009600147847909,0.0,3.0,0.0,0.2115546049194381,2.0,23.63,0,0,0,0,0.0,0.0
T0000179,2024-01-31 12:38:43,A100036,0,deposit,54.82,electronics,IN,branch,normal transaction,0,12,2,0,0,3,1,0,47.31,10.62074385342195,2,47.31,10.62074385342195,2,1,0.7071067146086571,0.0707106714608657,0.0225980535501871,5.0,1.0,0.0,0.4750057270777142,1.0,54.82,0,0,0,0,0.0,0.0
T0000180,2024-01-31 13:23:07,A100078,0,withdrawal,29.75,utilities,UA,online,normal transaction,0,13,2,0,8,6,3,3,34.593333333333334,9.924889587966874,3,34.593333333333334,9.924889587966874,3,0,-0.4879986625953825,0.0487998662595382,0.0020748911668497,2.0,0.0,0.0,0.1446375860003088,2.0,75.75999999999999,0,0,1,0,0.2,0.0
T0000181,2024-01-31 14:18:34,A100119,A100176,transfer,11.76,utilities,RU,atm,normal transaction,0,14,2,1,8,5,0,2,18.49,11.417650809163854,5,18.49,11.417650809163854,5,4,-0.5894381885597945,0.0589438188559794,0.0011119802980157,1.0,4.0,0.0,0.3513661425301159,1.0,11.76,0,0,1,0,0.2,0.0
T0000182,2024-01-31 17:06:34,A100128,A100138,transfer,16.45,other,UA,online,normal transaction,0,17,2,1,3,6,3,2,55.67666666666667,46.5626329438818,6,55.67666666666667,46.5626329438818,6,4,-0.8424494781361258,0.0842449478136125,0.0017180321337484,1.0,4.0,0.0,0.352887176627486,1.0,16.45,0,0,1,0,0.2,0.0
T0000183,2024-02-01 01:22:55,A100153,0,payment,41.02,grocery,RU,atm,normal transaction,0,1,3,0,1,5,0,1,70.415,41.570807665957126,2,70.415,41.570807665957126,2,0,-0.7071067641768526,0.0707106764176852,0.0,0.0,0.0,0.0,0.0,1.0,41.02,0,0,1,0,0.2,0.0
T0000184,2024-02-01 01:38:02,A100154,0,withdrawal,61.2,utilities,IN,online,normal transaction,0,1,3,0,8,3,3,3,40.89833333333333,30.045973052418635,6,40.89833333333333,30.045973052418635,6,0,0.6756867536145805,0.067568675361458,0.0042719909065296,1.0,0.0,0.0,0.0804366691220583,3.0,122.82,0,1,0,0,0.3,0.0
T0000185,2024-02-01 02:26:59,A100058,0,withdrawal,70.63,grocery,CN,online,normal transaction,0,2,3,0,1,1,3,3,50.725,47.808839838116405,4,50.725,47.808839838116405,4,1,0.4163455890386365,0.0416345589038636,0.0009600147847909,0.0,1.0,0.0,0.0721244616278777,1.0,70.63,0,0,0,0,0.0,0.0
T0000186,2024-02-01 04:18:03,A100195,A100193,transfer,7.28,travel,UA,mobile,normal transaction,0,4,3,1,7,6,2,2,25.264,10.597437426095045,5,25.264,10.597437426095045,5,4,-1.6970138704195106,0.169701387041951,0.001950012052314,2.0,4.0,0.0,0.4231844581524207,1.0,7.28,0,0,1,0,0.2,0.0
T0000187,2024-02-01 06:47:03,A100071,A100046,transfer,129.91,salary,UA,online,normal transaction,0,6,3,1,5,6,3,2,59.90888888888888,64.24285358007621,9,59.90888888888888,64.24285358007621,9,6,1.089632638036927,0.1089632638036927,0.0009600147847909,0.0,6.0,0.0,0.4206998198567787,3.0,222.17,0,1,1,0,0.5,0.006666666666666667
T0000188,2024-02-01 06:56:01,A100120,0,withdrawal,58.94,remittance,RU,atm,normal transaction,0,6,3,0,4,5,0,3,61.4725,37.51498844906304,4,61.4725,37.51498844906304,4,2,-0.0675063497868916,0.0067506349786891,0.0062053708297354,5.0,2.0,0.0,0.5035793849118725,1.0,58.94,0,0,1,0,0.2,0.0
T0000189,2024-02-01 09:48:02,A100082,A100171,transfer,45.21,electronics,GB,atm,normal transaction,0,9,3,1,0,2,0,2,53.09333333333333,56.750026842871776,6,53.09333333333333,56.750026842871776,6,4,-0.1389132945478111,0.0138913294547811,0.0015745770367533,2.0,4.0,0.0,0.4222422129081273,1.0,45.21,0,0,0,0,0.0,0.0
T0000190,2024-02-01 10:15:14,A100105,A100177,transfer,6.64,other,CN,mobile,normal transaction,0,10,3,1,3,1,2,2,976.9714285714286,2464.683787597837,7,976.9714285714286,2464.683787597837,7,4,-0.3936940848397643,0.0393694084839764,0.020036178653738,4.0,4.0,0.0,0.6080062238589495,2.0,66.19,0,0,0,0,0.0,0.0
T0000191,2024-02-01 11:30:30,A100194,A100140,transfer,40.59,grocery,UA,online,normal transaction,0,11,3,1,1,6,3,2,46.527142857142856,44.86537369891013,7,46.527142857142856,44.86537369891013,7,5,-0.1323324032616867,0.0132332403261686,0.0009600147847909,0.0,5.0,0.0,0.3509847482109984,3.0,88.46000000000001,0,0,1,0,0.2,0.0
T0000192,2024-02-01 11:35:21,A100080,A100064,transfer,17.35,remittance,US,mobile,normal transaction,0,11,3,1,4,7,2,2,12.294,7.541288351468866,5,12.294,7.541288351468866,5,2,0.67044238251052,0.067044238251052,0.0166800343015412,3.0,2.0,0.0,0.3904379505387976,2.0,39.88,0,1,0,0,0.3,0.0
T0000193,2024-02-01 12:05:57,A100131,0,payment,11.23,grocery,UA,mobile,normal transaction,0,12,3,0,1,6,2,1,55.574,40.22363024392503,5,55.574,40.22363024392503,5,2,-1.102436518749094,0.1102436518749093,0.0011493321762165,1.0,2.0,0.0,0.2120297428376912,1.0,11.23,0,0,1,0,0.2,0.0
T0000194,2024-02-01 15:42:02,A100013,A100048,transfer,32.85,remittance,UA,mobile,normal transaction,0,15,3,1,4,6,2,2,27.01333333333333,8.38886364970449,3,27.01333333333333,8.38886364970449,3,1,0.695763599770593,0.0695763599770593,0.0056774622368347,4.0,1.0,0.0,0.3628243269467582,2.0,63.64,0,0,1,0,0.2,0.0
T0000195,2024-02-01 16:03:51,A100194,A100013,transfer,145.47,health,CN,branch,normal transaction,0,16,3,1,2,1,1,2,46.527142857142856,44.86537369891013,7,46.527142857142856,44.86537369891013,7,5,2.205327779091538,0.2205327779091538,0.0009600147847909,0.0,5.0,0.0,0.3509847482109984,4.0,233.93,0,1,0,0,0.3,0.0
T0000196,2024-02-01 19:35:59,A100073,A100112,transfer,11.74,other,US,online,normal transaction,0,19,3,1,3,7,3,2,50.94,51.68395495702704,4,50.94,51.68395495702704,4,2,-0.7584558742483468,0.0758455874248346,0.0009600147847909,0.0,2.0,0.0,0.1418395332736579,2.0,134.12,0,0,0,0,0.0,0.0
T0000197,2024-02-01 20:56:05,A100161,A100155,transfer,27.38,health,GB,atm,normal transaction,0,20,3,1,2,2,0,2,37.69,14.580541828066613,2,37.69,14.580541828066613,2,1,-0.7071067326899455,0.0707106732689945,0.0014576477376155,1.0,1.0,0.0,0.1430884638841986,1.0,27.38,0,0,0,0,0.0,0.0
T0000198,2024-02-02 01:05:15,A100141,A100003,transfer,8.18,salary,US,branch,normal transaction,0,1,4,1,5,7,1,2,25.9625,15.094826691855156,8,25.9625,15.094826691855156,8,6,-1.178052533159756,0.1178052533159756,0.003100487294169,2.0,6.0,0.0,0.5655019981448353,2.0,32.92,0,0,0,0,0.0,0.0
T0000199,2024-02-02 01:31:00,A100029,0,withdrawal,58.15,other,US,branch,normal transaction,0,1,4,0,3,7,1,3,1144.47,2724.902909162086,6,1144.47,2724.902909162086,6,3,-0.3986637453939165,0.0398663745393916,0.0009600147847909,0.0,3.0,0.0,0.2115546049194381,3.0,81.78,0,0,0,0,0.0,0.0
T0000200,2024-02-02 02:38:45,A100127,0,withdrawal,18.31,utilities,CN,mobile,normal transaction,0,2,4,0,8,1,2,3,1187.0942105263157,1118.0985360836485,19,1187.0942105263157,1118.0985360836485,19,2,-1.0453320273317517,0.1045332027331751,0.0026067503189037,1.0,2.0,0.0,0.215687487206162,1.0,18.31,0,0,0,0,0.0,0.006666666666666667
T0000201,2024-02-02 03:24:26,A100123,0,payment,13.96,other,NG,mobile,normal transaction,0,3,4,0,3,4,2,1,1932.0075,3723.909825504864,4,1932.0075,3723.909825504864,4,2,-0.5150628208954819,0.0515062820895481,0.0393045134160559,3.0,2.0,0.1,0.5308776550807406,1.0,13.96,0,0,1,0,0.2,0.006666666666666667
T0000202,2024-02-02 03:44:30,A100141,A100037,transfer,43.4,salary,NG,branch,normal transaction,0,3,4,1,5,4,1,2,25.9625,15.094826691855156,8,25.9625,15.094826691855156,8,6,1.1551970221832275,0.1155197022183227,0.003100487294169,2.0,6.0,0.0,0.5655019981448353,3.0,76.32,0,0,1,0,0.2,0.0
T0000203,2024-02-02 04:13:01,A100017,A100070,transfer,31.49,salary,AE,atm,normal transaction,0,4,4,1,5,0,0,2,32.586,17.894505581323003,5,32.586,17.894505581323003,5,3,-0.0612478469310758,0.0061247846931075,0.0025198183008551,4.0,3.0,0.0,0.494329596802086,1.0,31.49,0,0,1,0,0.2,0.0
T0000204,2024-02-02 18:10:23,A100000,0,payment,18.6,utilities,CN,mobile,normal transaction,0,18,4,0,8,1,2,1,31.478,16.984412559756077,5,31.478,16.984412559756077,5,1,-0.7582245895444943,0.0758224589544494,0.0020187905130096,3.0,1.0,0.0,0.2839269310922032,2.0,43.16,0,0,0,0,0.0,0.0
T0000205,2024-02-02 18:55:21,A100038,A100114,transfer,70.48,other,AE,atm,normal transaction,0,18,4,1,3,0,0,2,73.49000000000001,48.26947068282394,9,73.49000000000001,48.26947068282394,9,5,-0.0623582545045976,0.0062358254504597,0.002434309874927,3.0,5.0,0.0,0.5638300643104301,3.0,198.34000000000003,0,0,1,0,0.2,0.0
T0000206,2024-02-03 05:31:26,A100141,A100195,transfer,6.24,salary,UA,atm,normal transaction,0,5,5,1,5,6,0,2,25.9625,15.094826691855156,8,25.9625,15.094826691855156,8,6,-1.306573377491539,0.1306573377491538,0.003100487294169,2.0,6.0,0.0,0.5655019981448353,4.0,82.55999999999999,0,1,1,0,0.5,0.006666666666666667
T0000207,2024-02-03 11:23:37,A100048,0,withdrawal,57.02,health,RU,branch,normal transaction,0,11,5,0,2,5,1,3,41.14,12.56066081064209,4,41.14,12.56066081064209,4,1,1.2642645936494832,0.1264264593649483,0.0069767241587968,3.0,1.0,0.0,0.2963700682681219,2.0,99.96000000000001,0,0,1,0,0.2,0.0
T0000208,2024-02-03 12:57:28,A100198,A100105,transfer,6.5,grocery,AE,mobile,normal transaction,0,12,5,1,1,0,2,2,8.865,3.34461507501237,2,8.865,3.34461507501237,2,1,-0.7071065697701202,0.070710656977012,0.0026560363184896,3.0,1.0,0.0,0.2855262540236636,1.0,6.5,0,0,1,0,0.2,0.0
T0000209,2024-02-03 13:26:44,A100180,A100097,transfer,34.75,salary,GB,mobile,normal transaction,0,13,5,1,5,2,2,2,752.1566666666666,2108.24314388782,9,752.1566666666666,2108.24314388782,9,5,-0.3402864932378755,0.0340286493237875,0.0012979278031234,2.0,5.0,0.0476190476190476,0.531100149990339,3.0,119.77000000000001,0,0,0,0,0.0,0.0
T0000210,2024-02-03 14:48:28,A100009,A100032,transfer,31.0,remittance,US,mobile,normal transaction,0,14,5,1,4,7,2,2,28.97125,14.478163298567951,8,28.97125,14.478163298567951,8,3,0.1401248085159986,0.0140124808515998,0.0009600147847909,0.0,3.0,0.0,0.2115546049194381,3.0,80.94999999999999,0,0,0,0,0.0,0.0
T0000211,2024-02-03 17:50:59,A100025,0,deposit,9.86,other,IN,branch,normal transaction,0,17,5,0,3,3,1,0,2292.535714285714,2700.483736765335,14,2292.535714285714,2700.483736765335,14,6,-0.8452840068478401,0.084528400684784,0.001756238540369,2.0,6.0,0.0714285714285714,0.6218840555067054,2.0,38.58,0,0,0,0,0.0,0.0
T0000212,2024-02-03 19:29:28,A100104,0,deposit,90.59,travel,US,mobile,normal transaction,0,19,5,0,7,7,2,0,511.62777777777774,1407.0761544047446,9,511.62777777777774,1407.0761544047446,9,3,-0.299228848531419,0.0299228848531419,0.0127125465648042,1.0,3.0,0.0,0.310765505987484,2.0,117.23,0,0,0,0,0.0,0.0
T0000213,2024-02-03 20:39:59,A100067,A100086,transfer,18.6,salary,US,atm,normal transaction,0,20,5,1,5,7,0,2,54.98,40.51356809761391,3,54.98,40.51356809761391,3,3,-0.8979707493147681,0.0897970749314768,0.0018271216545639,3.0,3.0,0.0,0.4228760348886065,1.0,18.6,0,0,0,0,0.0,0.0
T0000214,2024-02-04 02:22:43,A100172,A100136,transfer,2.8,salary,AE,mobile,normal transaction,0,2,6,1,5,0,2,2,50.626666666666665,55.44548794386549,3,50.626666666666665,55.44548794386549,3,1,-0.8625889603947343,0.0862588960394734,0.0016656982628437,2.0,1.0,0.0,0.2133256887917791,1.0,2.8,0,0,1,0,0.2,0.0
T0000215,2024-02-04 04:05:41,A100138,0,payment,14.93,grocery,US,branch,normal transaction,0,4,6,0,1,7,1,1,14.93,0.0,1,14.93,0.0,1,0,0.0,0.0,0.0016231107842795,2.0,0.0,0.0,0.1435037335377035,1.0,14.93,0,0,0,0,0.0,0.0
T0000216,2024-02-04 11:11:49,A100161,0,payment,48.0,utilities,NG,online,normal transaction,0,11,6,0,8,4,3,1,37.69,14.580541828066613,2,37.69,14.580541828066613,2,1,0.7071067326899457,0.0707106732689945,0.0014576477376155,1.0,1.0,0.0,0.1430884638841986,2.0,75.38,0,0,1,0,0.2,0.0
T0000217,2024-02-04 22:20:29,A100111,0,withdrawal,18.1,electronics,US,mobile,normal transaction,0,22,6,0,0,7,2,3,42.46,34.29482468245027,4,42.46,34.29482468245027,4,1,-0.7103112354487275,0.0710311235448727,0.0062086676445132,3.0,1.0,0.0,0.2944424441309556,2.0,104.52000000000001,0,0,0,0,0.0,0.0
T0000218,2024-02-04 22:36:59,A100042,A100177,transfer,106.46,utilities,IN,online,normal transaction,0,22,6,1,8,3,3,2,713.518,1464.4911506287774,5,713.518,1464.4911506287774,5,2,-0.4145180387910451,0.0414518038791045,0.0040762822814713,2.0,2.0,0.0,0.289090705789964,3.0,154.07999999999998,0,0,0,0,0.0,0.0
T0000219,2024-02-04 23:13:07,A100083,0,payment,42.71,grocery,CN,atm,normal transaction,0,23,6,0,1,1,0,1,26.2,18.75348767562983,3,26.2,18.75348767562983,3,1,0.8803695294014684,0.0880369529401468,0.0029991567824307,3.0,1.0,0.0,0.2863873980618279,1.0,42.71,0,0,0,0,0.0,0.0
T0000220,2024-02-05 00:07:09,A100095,0,withdrawal,49.13,salary,GB,branch,normal transaction,0,0,0,0,5,2,1,3,3601.35625,10107.173301680255,8,3601.35625,10107.173301680255,8,3,-0.3514559554507695,0.0351455955450769,0.0230347649533767,7.0,3.0,0.0,0.7549620468642632,2.0,68.85,0,0,0,0,0.0,0.0
T0000221,2024-02-05 04:29:45,A100135,A100105,transfer,21.74,travel,GB,branch,normal transaction,0,4,0,1,7,2,1,2,34.715,20.515267241739743,6,34.715,20.515267241739743,6,1,-0.6324557810851071,0.0632455781085107,0.0143244164834472,2.0,1.0,0.0,0.2450958129087314,1.0,21.74,0,0,0,0,0.0,0.0
T0000222,2024-02-05 06:16:25,A100020,0,payment,110.08,salary,NG,mobile,normal transaction,0,6,0,0,5,4,2,1,51.522000000000006,41.00858593026587,5,51.522000000000006,41.00858593026587,5,2,1.4279448374940713,0.1427944837494071,0.0040734006329754,6.0,2.0,0.0714285714285714,0.6276995358735391,1.0,110.08,0,0,1,0,0.2,0.0
T0000223,2024-02-05 08:35:12,A100149,A100036,transfer,22.02,health,UA,atm,normal transaction,0,8,0,1,2,6,0,2,46.22,24.69688948025642,5,46.22,24.69688948025642,5,1,-0.9798804436269556,0.0979880443626955,0.0213075609213673,1.0,1.0,0.0,0.1929066361958386,3.0,148.48,0,1,1,0,0.5,0.0
T0000224,2024-02-05 11:04:16,A100117,A100065,transfer,33.73,grocery,UA,atm,normal transaction,0,11,0,1,1,6,0,2,60.655,38.07770016689558,2,60.655,38.07770016689558,2,2,-0.7071067626164461,0.0707106762616446,0.0066760063920484,5.0,2.0,0.0,0.5047605590219179,1.0,33.73,0,0,1,0,0.2,0.0
T0000225,2024-02-05 12:07:41,A100173,0,payment,177.05,travel,US,mobile,normal transaction,0,12,0,0,7,7,2,1,3959.346363636364,2466.120818156616,11,3959.346363636364,2466.120818156616,11,1,-1.5337027830330976,0.1533702783033097,0.0009600147847909,0.0,1.0,0.0,0.0721244616278777,2.0,337.70000000000005,0,0,0,0,0.0,0.0
T0000226,2024-02-05 14:03:55,A100088,A100150,transfer,41.91,utilities,RU,atm,normal transaction,0,14,0,1,8,5,0,2,46.15166666666667,27.523971673191834,6,46.15166666666667,27.523971673191834,6,5,-0.1541080830529246,0.0154108083052924,0.0009990320634662,1.0,5.0,0.0,0.4207977431823965,2.0,107.94,0,0,1,0,0.2,0.0
T0000227,2024-02-05 14:33:45,A100116,0,payment,71.58,utilities,NG,mobile,normal transaction,0,14,0,0,8,4,2,1,35.215,29.58192522470436,4,35.215,29.58192522470436,4,1,1.2292979072346877,0.1229297907234687,0.0019668669470164,2.0,1.0,0.0,0.2140815446619836,1.0,71.58,0,0,1,0,0.2,0.0
T0000228,2024-02-05 18:30:53,A100123,A100027,transfer,46.46,health,RU,atm,normal transaction,0,18,0,1,2,5,0,2,1932.0075,3723.909825504864,4,1932.0075,3723.909825504864,4,2,-0.5063354344886786,0.0506335434488678,0.0393045134160559,3.0,2.0,0.1,0.5308776550807406,2.0,60.42,0,0,1,0,0.2,0.0
T0000229,2024-02-05 22:23:08,A100147,A100075,transfer,21.86,utilities,IN,mobile,normal transaction,0,22,0,1,8,3,2,2,48.83166666666667,42.54309693318843,6,48.83166666666667,42.54309693318843,6,1,-0.6339845468946379,0.0633984546894637,0.0035094406292274,1.0,1.0,0.0,0.1482379358680758,2.0,26.23,0,0,0,0,0.0,0.0
T0000230,2024-02-06 07:21:31,A100070,0,payment,20.92,grocery,IN,mobile,normal transaction,0,7,1,0,1,3,2,1,47.252,34.02397639900428,5,47.252,34.02397639900428,5,3,-0.7739248028295073,0.0773924802829507,0.0036264244510558,4.0,3.0,0.0,0.4971068933757026,1.0,20.92,0,0,0,0,0.0,0.0
T0000231,2024-02-06 08:30:04,A100073,A100198,transfer,14.16,health,AE,branch,normal transaction,0,8,1,1,2,0,1,2,50.94,51.68395495702704,4,50.94,51.68395495702704,4,2,-0.7116328330319949,0.0711632833031994,0.0009600147847909,0.0,2.0,0.0,0.1418395332736579,3.0,148.28,0,0,1,0,0.2,0.0
T0000232,2024-02-06 08:38:15,A100162,A100048,transfer,53.46,utilities,GB,online,normal transaction,0,8,1,1,8,2,3,2,68.56333333333333,48.15342923060274,6,68.56333333333333,48.15342923060274,6,5,-0.3136502064547579,0.0313650206454757,0.0023996317027324,3.0,5.0,0.0,0.5637430310251029,3.0,156.3,0,0,0,0,0.0,0.0
T0000233,2024-02-06 10:18:43,A100160,0,payment,46.23,grocery,CN,mobile,normal transaction,0,10,1,0,1,1,2,1,83.14750000000001,84.9639415533773,8,83.14750000000001,84.9639415533773,8,1,-0.4345078499247743,0.0434507849924774,0.0009600147847909,0.0,1.0,0.0,0.0721244616278777,4.0,274.88,0,1,0,0,0.3,0.0
T0000234,2024-02-06 10:46:51,A100008,0,payment,25.28,remittance,GB,online,normal transaction,0,10,1,0,4,2,3,1,46.3925,41.44264741784723,4,46.3925,41.44264741784723,4,2,-0.50943896700646,0.0509438967006459,0.0043994142415665,4.0,2.0,0.0,0.4293318271204911,2.0,52.6,0,0,0,0,0.0,0.0
T0000235,2024-02-06 17:09:53,A100075,0,deposit,12.44,remittance,RU,branch,normal transaction,0,17,1,0,4,5,1,0,4944.955,2602.4819475742765,10,4944.955,2602.4819475742765,10,1,-1.895311897437825,0.1895311897437825,0.0052037587824693,4.0,1.0,0.0,0.3616354532174005,1.0,12.44,0,0,1,0,0.2,0.0
T0000236,2024-02-06 18:12:22,A100051,A100033,transfer,79.01,remittance,CN,branch,normal transaction,0,18,1,1,4,1,1,2,88.514,94.09615682906502,5,88.514,94.09615682906502,5,2,-0.1010030613286564,0.0101003061328656,0.0051417139081717,1.0,2.0,0.0,0.2220495932629914,1.0,79.01,0,0,0,0,0.0,0.0
T0000237,2024-02-06 22:56:31,A100065,A100123,transfer,128.46,utilities,AE,online,normal transaction,0,22,1,1,8,0,3,2,6100.39875,3698.5214383605376,8,6100.39875,3698.5214383605376,8,2,-1.6146827449599777,0.1614682744959977,0.0029385364734011,2.0,2.0,0.0,0.2862352566910892,1.0,128.46,0,0,1,0,0.2,0.03333333333333333
T0000238,2024-02-07 00:06:08,A100119,A100019,transfer,5.59,travel,NG,mobile,normal transaction,0,0,2,1,7,4,2,2,18.49,11.417650809163854,5,18.49,11.417650809163854,5,4,-1.1298295144756831,0.1129829514475683,0.0011119802980157,1.0,4.0,0.0,0.3513661425301159,2.0,17.35,0,0,1,0,0.2,0.0
T0000239,2024-02-07 02:34:54,A100142,0,payment,147.83,remittance,US,mobile,normal transaction,0,2,2,0,4,7,2,1,78.33500000000001,98.28077151711824,2,78.33500000000001,98.28077151711824,2,0,0.7071067739917855,0.0707106773991785,0.0022460924814985,5.0,0.0,0.0,0.3542124721666468,2.0,156.67000000000002,0,0,0,0,0.0,0.0
T0000240,2024-02-07 03:14:51,A100003,A100067,transfer,382.13,electronics,UA,atm,normal transaction,0,3,2,1,0,6,0,2,159.408,129.09829518626495,5,159.408,129.09829518626495,5,2,1.7252125440807784,0.1725212544080778,0.0011196116441272,1.0,2.0,0.0,0.2119551519528288,1.0,382.13,0,0,1,0,0.2,0.0
T0000241,2024-02-07 03:19:14,A100172,0,payment,37.68,utilities,RU,atm,normal transaction,0,3,2,0,8,5,0,1,50.626666666666665,55.44548794386549,3,50.626666666666665,55.44548794386549,3,1,-0.233502615150066,0.0233502615150066,0.0016656982628437,2.0,1.0,0.0,0.2133256887917791,2.0,40.48,0,0,1,0,0.2,0.0
T0000242,2024-02-07 14:04:49,A100027,A100172,transfer,53.57,health,UA,online,normal transaction,0,14,2,1,2,6,3,2,86.375,155.1810511260039,8,86.375,155.1810511260039,8,5,-0.2113982316176269,0.0211398231617626,0.0011652423832275,1.0,5.0,0.0,0.4212148882990121,3.0,77.07,0,0,1,0,0.2,0.0
T0000243,2024-02-07 18:59:37,A100158,0,withdrawal,41.42,remittance,NG,online,normal transaction,0,18,2,0,4,4,3,3,1869.3775,3692.639370408607,4,1869.3775,3692.639370408607,4,2,-0.4950273547299316,0.0495027354729931,0.0212981394389539,2.0,2.0,0.0,0.3323131339918264,1.0,41.42,0,0,1,0,0.2,0.006666666666666667
T0000244,2024-02-07 22:25:42,A100162,A100118,transfer,162.91,utilities,RU,online,normal transaction,0,22,2,1,8,5,3,2,68.56333333333333,48.15342923060274,6,68.56333333333333,48.15342923060274,6,5,1.9592927485092628,0.1959292748509263,0.0023996317027324,3.0,5.0,0.0,0.5637430310251029,4.0,319.21,0,1,1,0,0.5,0.006666666666666667
T0000245,2024-02-08 09:19:22,A100035,0,payment,19.86,grocery,IN,atm,normal transaction,0,9,3,0,1,3,0,1,54.12571428571429,44.52025376430479,7,54.12571428571429,44.52025376430479,7,2,-0.7696657278158181,0.0769665727815818,0.0241048978089697,3.0,2.0,0.0,0.4090724466284962,3.0,140.61,0,0,0,0,0.0,0.0
T0000246,2024-02-08 11:43:12,A100126,0,deposit,35.01,electronics,US,branch,normal transaction,0,11,3,0,0,7,1,0,3737.764545454545,2930.546239714922,11,3737.764545454545,2930.546239714922,11,2,-1.26350319746234,0.1263503197462339,0.0013805348552887,1.0,2.0,0.0,0.2126100020457949,1.0,35.01,0,0,0,0,0.0,0.0
T0000247,2024-02-08 15:17:55,A100137,A100034,transfer,98.91,salary,UA,atm,normal transaction,0,15,3,1,5,6,0,2,135.2375,133.4397043299582,4,135.2375,133.4397043299582,4,3,-0.2722390604068894,0.0272239060406889,0.0047133027291921,3.0,3.0,0.0,0.430119606423021,2.0,117.07,0,0,1,0,0.2,0.0
T0000248,2024-02-08 15:31:25,A100171,A100190,transfer,12.04,salary,GB,mobile,normal transaction,0,15,3,1,5,2,2,2,827.78875,2093.1817233814686,8,827.78875,2093.1817233814686,8,6,-0.38971711844133,0.038971711844133,0.0011773422261445,2.0,6.0,0.0714285714285714,0.6204311747779263,4.0,148.84,0,0,0,0,0.0,0.0
T0000249,2024-02-08 18:36:25,A100167,0,payment,6.33,electronics,UA,mobile,normal transaction,0,18,3,0,0,6,2,1,419.275,1034.1869614892105,8,419.275,1034.1869614892105,8,5,-0.3992943393968846,0.0399294339396884,0.002260387364347,2.0,5.0,0.0,0.4936784919343575,1.0,6.33,0,0,1,0,0.2,0.0
T0000250,2024-02-08 20:18:27,A100071,A100008,transfer,23.67,remittance,NG,mobile,normal transaction,0,20,3,1,4,4,2,2,59.90888888888888,64.24285358007621,9,59.90888888888888,64.24285358007621,9,6,-0.5640921332927153,0.0564092133292715,0.0009600147847909,0.0,6.0,0.0,0.4206998198567787,4.0,245.83999999999997,0,1,1,0,0.5,0.0
T0000251,2024-02-08 21:19:30,A100113,A100060,transfer,175.74,remittance,US,atm,normal transaction,0,21,3,1,4,7,0,2,75.43,70.7530658935239,4,75.43,70.7530658935239,4,3,1.4177477302991863,0.1417747730299186,0.0019233035652619,1.0,3.0,0.1666666666666666,0.4231174267252388,2.0,247.59,0,1,0,0,0.3,0.006666666666666667
T0000252,2024-02-08 21:55:56,A100139,0,withdrawal,2.23,remittance,IN,mobile,normal transaction,0,21,3,0,4,3,2,3,26.735,34.655303345952696,2,26.735,34.655303345952696,2,1,-0.707106760782549,0.0707106760782549,0.0010258581615735,2.0,1.0,0.0,0.211719854845711,1.0,2.23,0,0,0,0,0.0,0.0
T0000253,2024-02-09 07:47:07,A100070,A100048,transfer,31.37,electronics,UA,online,normal transaction,0,7,4,1,0,6,3,2,47.252,34.02397639900428,5,47.252,34.02397639900428,5,3,-0.466788459613331,0.0466788459613331,0.0036264244510558,4.0,3.0,0.0,0.4971068933757026,2.0,52.290000000000006,0,0,1,0,0.2,0.0
T0000254,2024-02-09 11:15:39,A100169,A100054,transfer,25.31,grocery,IN,atm,normal transaction,0,11,4,1,1,3,0,2,3002.918333333333,2151.928646611235,12,3002.918333333333,2151.928646611235,12,3,-1.383692873199421,0.138369287319942,0.0030922546262522,3.0,3.0,0.0666666666666666,0.4818232502926876,3.0,187.69,0,0,0,0,0.0,0.0
T0000255,2024-02-09 11:37:03,A100062,0,payment,10.95,travel,NG,online,normal transaction,0,11,4,0,7,4,3,1,56.871428571428574,59.561764421081264,7,56.871428571428574,59.561764421081264,7,1,-0.7709883722683474,0.0770988372268347,0.0023029452580817,3.0,1.0,0.0,0.284640086355006,4.0,274.54,0,1,1,0,0.5,0.0
T0000256,2024-02-09 14:24:27,A100195,A100141,transfer,33.58,health,NG,branch,normal transaction,0,14,4,1,2,4,1,2,25.264,10.597437426095045,5,25.264,10.597437426095045,5,4,0.7847179351873137,0.0784717935187313,0.001950012052314,2.0,4.0,0.0,0.4231844581524207,2.0,40.86,0,0,1,0,0.2,0.0
T0000257,2024-02-09 15:20:59,A100084,0,payment,32.33,travel,IN,atm,normal transaction,0,15,4,0,7,3,0,1,3508.465,2087.9891353274456,12,3508.465,2087.9891353274456,12,2,-1.6648242749548774,0.1664824274954877,0.0041142750431366,3.0,2.0,0.0,0.3589011294873989,1.0,32.33,0,0,0,0,0.0,0.0
T0000258,2024-02-09 16:16:05,A100037,0,withdrawal,32.05,travel,CN,branch,normal transaction,0,16,4,0,7,1,1,3,31.345,0.9970205614730296,2,31.345,0.9970205614730296,2,1,0.7071060719674006,0.07071060719674,0.0031787250046376,3.0,1.0,0.0,0.2868380680749805,1.0,32.05,0,0,0,0,0.0,0.0
T0000259,2024-02-09 19:35:46,A100028,0,deposit,19.23,grocery,GB,online,normal transaction,0,19,4,0,1,2,3,0,809.96375,1481.7660718879397,8,809.96375,1481.7660718879397,8,6,-0.5336427689013502,0.053364276890135,0.0017760509694807,1.0,6.0,0.0,0.4924629322614822,4.0,197.57999999999998,0,0,0,0,0.0,0.006666666666666667
T0000260,2024-02-10 01:34:19,A100091,A100060,transfer,2.34,remittance,IN,branch,normal transaction,0,1,5,1,4,3,1,2,32.276,37.3156901316323,5,32.276,37.3156901316323,5,3,-0.8022362467949422,0.0802236246794942,0.0024095657007375,1.0,3.0,0.0,0.2849076762197576,1.0,2.34,0,0,0,0,0.0,0.0
T0000261,2024-02-10 03:37:13,A100067,A100013,transfer,98.64,travel,RU,online,normal transaction,0,3,5,1,7,5,3,2,54.98,40.51356809761391,3,54.98,40.51356809761391,3,3,1.077663631530588,0.1077663631530587,0.0018271216545639,3.0,3.0,0.0,0.4228760348886065,2.0,117.24000000000001,0,0,1,0,0.2,0.0
T0000262,2024-02-10 04:17:42,A100190,0,withdrawal,8.11,electronics,UA,mobile,normal transaction,0,4,5,0,0,6,2,3,19.235,15.35222350888192,4,19.235,15.35222350888192,4,2,-0.7246506845678105,0.072465068456781,0.0020932368223755,4.0,2.0,0.0,0.423543915456247,2.0,42.82,0,0,1,0,0.2,0.0
T0000263,2024-02-10 08:25:34,A100199,A100092,transfer,15.21,electronics,UA,branch,normal transaction,0,8,5,1,0,6,1,2,49.02111111111111,46.28122525507629,9,49.02111111111111,46.28122525507629,9,5,-0.7305578059829948,0.0730557805982994,0.001042986595808,1.0,5.0,0.0,0.4209080577437657,3.0,232.38000000000002,0,1,1,0,0.5,0.0
T0000264,2024-02-10 08:31:44,A100157,0,withdrawal,84.41,grocery,CN,mobile,normal transaction,0,8,5,0,1,1,2,3,54.12,30.12394272003583,9,54.12,30.12394272003583,9,5,1.0055124349423652,0.1005512434942365,0.0009611095630294,1.0,5.0,0.0666666666666666,0.4764746247849631,1.0,84.41,0,0,0,0,0.0,0.0
T0000265,2024-02-10 08:38:19,A100164,0,withdrawal,118.1,grocery,IN,mobile,normal transaction,0,8,5,0,1,3,2,3,65.32000000000001,59.02054388092336,6,65.32000000000001,59.02054388092336,6,3,0.8942648717744989,0.0894264871774498,0.0054169496581199,3.0,3.0,0.0,0.4318855790813082,2.0,153.41,0,0,0,0,0.0,0.0
T0000266,2024-02-10 09:41:22,A100102,A100109,transfer,19.6,electronics,UA,mobile,normal transaction,0,9,5,1,0,6,2,2,100.65999999999998,141.64025946036668,3,100.65999999999998,141.64025946036668,3,2,-0.5722949092054368,0.0572294909205436,0.0009600147847909,0.0,2.0,0.0,0.1418395332736579,2.0,37.77,0,0,1,0,0.2,0.0
T0000267,2024-02-10 13:55:12,A100018,0,withdrawal,54.02,electronics,AE,branch,normal transaction,0,13,5,0,0,0,1,3,40.385,21.76861425692197,4,40.385,21.76861425692197,4,1,0.6263604661607657,0.0626360466160765,0.0029736303296915,3.0,1.0,0.0,0.2863233332364912,3.0,99.88,0,0,1,0,0.2,0.0
T0000268,2024-02-10 14:20:20,A100016,0,withdrawal,67.42,travel,CN,atm,normal transaction,0,14,5,0,7,1,0,3,39.235,34.260815810485305,4,39.235,34.260815810485305,4,1,0.8226598961696139,0.0822659896169613,0.0011374023408904,1.0,1.0,0.0,0.1422847303762295,1.0,67.42,0,0,0,0,0.0,0.0
T0000269,2024-02-10 21:25:54,A100097,A100152,transfer,51.64,utilities,UA,mobile,normal transaction,0,21,5,1,8,6,2,2,67.045,62.7100533407523,6,67.045,62.7100533407523,6,4,-0.245654387672712,0.0245654387672712,0.0024227286700615,4.0,4.0,0.0357142857142857,0.5936788863156516,3.0,128.64,0,0,1,0,0.2,0.0
T0000270,2024-02-11 01:50:35,A100025,0,withdrawal,59.93,electronics,NG,mobile,normal transaction,0,1,6,0,0,4,2,3,2292.535714285714,2700.483736765335,14,2292.535714285714,2700.483736765335,14,6,-0.8267428842705078,0.0826742884270507,0.001756238540369,2.0,6.0,0.0714285714285714,0.6218840555067054,3.0,98.50999999999999,0,0,1,0,0.2,0.0
T0000271,2024-02-11 01:53:43,A100115,0,deposit,24.3,health,RU,atm,normal transaction,0,1,6,0,2,5,0,0,64.5525,43.71799915366668,8,64.5525,43.71799915366668,8,3,-0.9207305882820438,0.0920730588282043,0.0018291519985228,1.0,3.0,0.1666666666666666,0.4228811305292907,2.0,173.06,0,0,1,0,0.2,0.0
T0000272,2024-02-11 02:49:38,A100116,0,deposit,45.88,salary,RU,online,normal transaction,0,2,6,0,5,5,3,0,35.215,29.58192522470436,4,35.215,29.58192522470436,4,1,0.3605241903109568,0.0360524190310956,0.0019668669470164,2.0,1.0,0.0,0.2140815446619836,2.0,117.46000000000001,0,1,1,0,0.5,0.0
T0000273,2024-02-11 05:00:57,A100080,0,payment,9.48,salary,AE,atm,normal transaction,0,5,6,0,5,0,0,1,12.294,7.541288351468866,5,12.294,7.541288351468866,5,2,-0.3731457405823977,0.0373145740582397,0.0166800343015412,3.0,2.0,0.0,0.3904379505387976,3.0,49.36,0,1,1,0,0.5,0.0
T0000274,2024-02-11 11:49:07,A100095,A100039,transfer,16.37,other,US,online,normal transaction,0,11,6,1,3,7,3,2,3601.35625,10107.173301680255,8,3601.35625,10107.173301680255,8,3,-0.3546972177719877,0.0354697217771987,0.0230347649533767,7.0,3.0,0.0,0.7549620468642632,3.0,85.22,0,0,0,0,0.0,0.013333333333333334
T0000275,2024-02-11 15:23:16,A100021,0,withdrawal,8.1,electronics,RU,online,normal transaction,0,15,6,0,0,5,3,3,35.81333333333333,20.217495064094035,6,35.81333333333333,20.217495064094035,6,0,-1.3707599222710762,0.1370759922271076,0.0107483395129891,1.0,0.0,0.0,0.0966906369777438,3.0,59.410000000000004,0,0,1,0,0.2,0.0
T0000276,2024-02-11 19:18:07,A100190,A100189,transfer,4.13,remittance,GB,online,normal transaction,0,19,6,1,4,2,3,2,19.235,15.35222350888192,4,19.235,15.35222350888192,4,2,-0.9838965025075754,0.0983896502507575,0.0020932368223755,4.0,2.0,0.0,0.423543915456247,3.0,46.95,0,0,0,0,0.0,0.0
T0000277,2024-02-11 20:41:49,A100150,0,payment,180.63,remittance,US,mobile,normal transaction,0,20,6,0,4,7,2,1,98.085,116.73625850608713,2,98.085,116.73625850608713,2,1,0.7071067751292456,0.0707106775129245,0.0021545055161207,4.0,1.0,0.0,0.353982612459934,1.0,180.63,0,0,0,0,0.0,0.0
T0000278,2024-02-12 02:27:57,A100090,0,deposit,31.89,salary,IN,atm,normal transaction,0,2,0,0,5,3,0,0,32.73666666666667,6.193555790766183,3,32.73666666666667,6.193555790766183,3,0,-0.1367012034068929,0.0136701203406892,0.0023566225224982,1.0,0.0,0.0,0.0756295875337089,2.0,71.2,0,0,0,0,0.0,0.0
T0000279,2024-02-12 11:27:50,A100153,0,payment,99.81,utilities,AE,online,normal transaction,0,11,0,0,8,0,3,1,70.415,41.570807665957126,2,70.415,41.570807665957126,2,0,0.7071067641768524,0.0707106764176852,0.0,0.0,0.0,0.0,0.0,2.0,140.83,0,0,1,0,0.2,0.0
T0000280,2024-02-12 13:40:44,A100147,0,deposit,45.05,health,GB,mobile,normal transaction,0,13,0,0,2,2,2,0,48.83166666666667,42.54309693318843,6,48.83166666666667,42.54309693318843,6,1,-0.0888902513071702,0.008889025130717,0.0035094406292274,1.0,1.0,0.0,0.1482379358680758,3.0,71.28,0,0,0,0,0.0,0.0
T0000281,2024-02-12 17:41:37,A100057,0,withdrawal,5.99,electronics,AE,atm,normal transaction,0,17,0,0,0,0,0,3,36.855,43.64970160264558,2,36.855,43.64970160264558,2,1,-0.707106764986969,0.0707106764986969,0.000963850833288,1.0,1.0,0.0,0.1418491607679072,1.0,5.99,0,0,1,0,0.2,0.0
T0000282,2024-02-12 18:17:38,A100029,0,payment,33.73,utilities,NG,mobile,normal transaction,0,18,0,0,8,4,2,1,1144.47,2724.902909162086,6,1144.47,2724.902909162086,6,3,-0.4076255325860141,0.0407625532586014,0.0009600147847909,0.0,3.0,0.0,0.2115546049194381,4.0,115.50999999999999,0,0,1,0,0.2,0.0
T0000283,2024-02-12 19:02:50,A100143,0,withdrawal,46.88,grocery,CN,online,normal transaction,0,19,0,0,1,1,3,3,41.924,25.57568826053368,5,41.924,25.57568826053368,5,1,0.1937777687832522,0.0193777768783252,0.0020223782314819,1.0,1.0,0.0,0.144505792050455,1.0,46.88,0,0,0,0,0.0,0.0
T0000284,2024-02-12 19:07:17,A100046,0,payment,40.28,utilities,CN,atm,normal transaction,0,19,0,0,8,1,0,1,1027.1866666666667,2337.282116561884,9,1027.1866666666667,2337.282116561884,9,3,-0.4222454188355106,0.042224541883551,0.0011784145803266,1.0,3.0,0.0,0.2818178038313734,2.0,53.78,0,0,0,0,0.0,0.0
T0000285,2024-02-12 20:24:09,A100089,A100001,transfer,12.45,travel,GB,mobile,normal transaction,0,20,0,1,7,2,2,2,51.95285714285715,53.52989716481987,7,51.95285714285715,53.52989716481987,7,4,-0.7379587575755681,0.0737958757575568,0.0014930399719955,2.0,4.0,0.0666666666666666,0.477809633181542,3.0,53.23,0,0,0,0,0.0,0.0
T0000286,2024-02-13 00:37:04,A100017,0,payment,42.78,travel,IN,online,normal transaction,0,0,1,0,7,3,3,1,32.586,17.894505581323003,5,32.586,17.894505581323003,5,3,0.569672036145426,0.0569672036145426,0.0025198183008551,4.0,3.0,0.0,0.494329596802086,2.0,74.27,0,0,0,0,0.0,0.0
T0000287,2024-02-13 04:17:17,A100191,A100135,transfer,88.47,health,RU,mobile,normal transaction,0,4,1,1,2,5,2,2,35.85666666666666,34.035356126632,6,35.85666666666666,34.035356126632,6,2,1.5458434338614426,0.1545843433861442,0.0272679321573697,3.0,2.0,0.0,0.4170108486123,2.0,108.42,0,1,1,0,0.5,0.0
T0000288,2024-02-13 05:03:33,A100116,0,payment,5.25,remittance,GB,atm,normal transaction,0,5,1,0,4,2,0,1,35.215,29.58192522470436,4,35.215,29.58192522470436,4,1,-1.0129495886233308,0.101294958862333,0.0019668669470164,2.0,1.0,0.0,0.2140815446619836,3.0,122.71000000000001,0,1,0,0,0.3,0.0
T0000289,2024-02-13 07:59:09,A100079,0,deposit,9.21,remittance,US,online,normal transaction,0,7,1,0,4,7,3,0,50.64666666666667,42.194028803453534,6,50.64666666666667,42.194028803453534,6,1,-0.9820504668476848,0.0982050466847684,0.003027057728813,2.0,1.0,0.0,0.2167423506091847,1.0,9.21,0,0,0,0,0.0,0.0
T0000290,2024-02-13 08:42:47,A100039,A100040,transfer,39.92,grocery,US,atm,normal transaction,0,8,1,1,1,7,0,2,37.26666666666667,9.676783212066567,3,37.26666666666667,9.676783212066567,3,2,0.2741957736357009,0.02741957736357,0.001001504108415,2.0,2.0,0.0,0.281373804087302,2.0,85.26,0,0,0,0,0.0,0.0
T0000291,2024-02-13 09:50:20,A100113,A100169,transfer,15.56,salary,UA,mobile,normal transaction,0,9,1,1,5,6,2,2,75.43,70.7530658935239,4,75.43,70.7530658935239,4,3,-0.8461824006879901,0.084618240068799,0.0019233035652619,1.0,3.0,0.1666666666666666,0.4231174267252388,3.0,263.15,0,1,1,0,0.5,0.0
T0000292,2024-02-13 11:12:05,A100106,A100069,transfer,12.48,health,US,atm,normal transaction,0,11,1,1,2,7,0,2,30.572000000000003,21.46311650250261,5,30.572000000000003,21.46311650250261,5,3,-0.8429343965474942,0.0842934396547494,0.0032972850829053,2.0,3.0,0.0,0.356850694997388,2.0,52.89,0,0,0,0,0.0,0.0
T0000293,2024-02-13 14:32:38,A100110,A100028,transfer,94.98,utilities,UA,atm,normal transaction,0,14,1,1,8,6,0,2,94.98,0.0,1,94.98,0.0,1,1,0.0,0.0,0.0009600147847909,0.0,1.0,0.0,0.0721244616278777,1.0,94.98,0,0,1,0,0.2,0.0
T0000294,2024-02-13 18:54:09,A100011,0,payment,14.04,health,RU,online,normal transaction,0,18,1,0,2,5,3,1,47.64142857142857,40.75138256491896,7,47.64142857142857,40.75138256491896,7,5,-0.8245469388272386,0.0824546938827238,0.0077230962293489,3.0,5.0,0.0714285714285714,0.636859332313052,4.0,229.44,0,1,1,0,0.5,0.0
T0000295,2024-02-13 19:01:45,A100001,0,withdrawal,66.71,health,CN,branch,normal transaction,0,19,1,0,2,1,1,3,63.51249999999999,60.7939478210345,4,63.51249999999999,60.7939478210345,4,1,0.0525956951638858,0.0052595695163885,0.0010224849264258,1.0,1.0,1.0,0.9785771769974132,2.0,100.53,0,0,0,0,0.0,0.013333333333333334
T0000296,2024-02-13 22:38:43,A100196,0,deposit,428.41,travel,CN,atm,normal transaction,0,22,1,0,7,1,0,0,237.1,270.5531966175968,2,237.1,270.5531966175968,2,1,0.7071067785729884,0.0707106778572988,0.0010645721158433,1.0,1.0,0.0,0.1421019452593727,2.0,474.20000000000005,0,0,0,0,0.0,0.0
T0000297,2024-02-14 00:16:21,A100083,0,payment,30.08,electronics,IN,mobile,normal transaction,0,0,2,0,0,3,2,1,26.2,18.75348767562983,3,26.2,18.75348767562983,3,1,0.2068948379211203,0.020689483792112,0.0029991567824307,3.0,1.0,0.0,0.2863873980618279,2.0,72.78999999999999,0,0,0,0,0.0,0.0
T0000298,2024-02-14 00:43:24,A100191,0,deposit,31.98,salary,GB,branch,normal transaction,0,0,2,0,5,2,1,0,35.85666666666666,34.035356126632,6,35.85666666666666,34.035356126632,6,2,-0.1139011602623451,0.0113901160262345,0.0272679321573697,3.0,2.0,0.0,0.4170108486123,3.0,140.4,0,1,0,0,0.3,0.0
T0000299,2024-02-14 05:23:15,A100097,A100136,transfer,194.57,health,AE,online,normal transaction,0,5,2,1,2,0,3,2,67.045,62.7100533407523,6,67.045,62.7100533407523,6,4,2.033565451993677,0.2033565451993677,0.0024227286700615,4.0,4.0,0.0357142857142857,0.5936788863156516,4.0,323.21,0,1,1,0,0.5,0.0
T0000300,2024-02-14 06:31:08,A100101,0,payment,62.33,grocery,RU,online,normal transaction,0,6,2,0,1,5,3,1,67.79363636363637,56.52898588737061,11,67.79363636363637,56.52898588737061,11,7,-0.0966519420297097,0.0096651942029709,0.0014334542607509,2.0,7.0,0.0,0.631033246005633,4.0,278.88,0,1,1,0,0.5,0.0
T0000301,2024-02-14 07:47:22,A100117,A100019,transfer,87.58,remittance,RU,mobile,normal transaction,0,7,2,1,4,5,2,2,60.655,38.07770016689558,2,60.655,38.07770016689558,2,2,0.7071067626164459,0.0707106762616446,0.0066760063920484,5.0,2.0,0.0,0.5047605590219179,2.0,121.31,0,0,1,0,0.2,0.0
T0000302,2024-02-14 09:34:50,A100181,0,deposit,30.74,salary,CN,online,normal transaction,0,9,2,0,5,1,3,0,40.987142857142864,25.057577506139545,7,40.987142857142864,25.057577506139545,7,3,-0.4089438592253491,0.0408943859225349,0.0031873189483451,1.0,3.0,0.0,0.2868596366614269,2.0,70.64,0,0,0,0,0.0,0.0
T0000303,2024-02-14 10:23:58,A100103,A100005,transfer,61.6,remittance,GB,mobile,normal transaction,0,10,2,1,4,2,2,2,111.124,104.71567351643208,5,111.124,104.71567351643208,5,2,-0.4729377930161605,0.047293779301616,0.0012369488871621,2.0,2.0,0.0,0.2819647098735853,4.0,500.27,0,1,0,0,0.3,0.0
T0000304,2024-02-14 18:39:07,A100176,A100092,transfer,57.96,electronics,RU,online,normal transaction,0,18,2,1,0,5,3,2,31.49,23.07923958885994,3,31.49,23.07923958885994,3,1,1.14691815348451,0.114691815348451,0.0011509404096206,2.0,1.0,0.0,0.2120337790895429,1.0,57.96,0,0,1,0,0.2,0.0
T0000305,2024-02-14 23:21:58,A100062,0,payment,97.59,salary,RU,online,normal transaction,0,23,2,0,5,5,3,1,56.871428571428574,59.561764421081264,7,56.871428571428574,59.561764421081264,7,1,0.6836360732544626,0.0683636073254462,0.0023029452580817,3.0,1.0,0.0,0.284640086355006,5.0,372.13,1,1,1,0,0.8,0.0
T0000306,2024-02-15 00:30:54,A100101,A100079,transfer,50.89,remittance,NG,atm,normal transaction,0,0,3,1,4,4,0,2,67.79363636363637,56.52898588737061,11,67.79363636363637,56.52898588737061,11,7,-0.2990259916972416,0.0299025991697241,0.0014334542607509,2.0,7.0,0.0,0.631033246005633,5.0,329.77,1,1,1,0,0.8,0.0
T0000307,2024-02-15 01:18:41,A100199,A100043,transfer,40.76,electronics,US,branch,normal transaction,0,1,3,1,0,7,1,2,49.02111111111111,46.28122525507629,9,49.02111111111111,46.28122525507629,9,5,-0.178498103433571,0.0178498103433571,0.001042986595808,1.0,5.0,0.0,0.4209080577437657,4.0,273.14,0,1,0,0,0.3,0.0
T0000308,2024-02-15 11:11:41,A100198,0,deposit,11.23,remittance,AE,branch,normal transaction,0,11,3,0,4,0,1,0,8.865,3.34461507501237,2,8.865,3.34461507501237,2,1,0.7071065697701202,0.070710656977012,0.0026560363184896,3.0,1.0,0.0,0.2855262540236636,2.0,17.73,0,0,1,0,0.2,0.0
T0000309,2024-02-15 21:31:25,A100060,0,payment,94.93,electronics,GB,atm,normal transaction,0,21,3,0,0,2,0,1,40.076,32.51319316831246,5,40.076,32.51319316831246,5,2,1.6871304528258568,0.1687130452825856,0.0057399168279025,4.0,2.0,0.0666666666666666,0.4884682008556349,1.0,94.93,0,0,0,0,0.0,0.0
T0000310,2024-02-16 09:04:20,A100050,A100044,transfer,34.07,travel,US,branch,normal transaction,0,9,4,1,7,7,1,2,62.586,50.17527408993398,5,62.586,50.17527408993398,5,3,-0.5683277261337984,0.0568327726133798,0.0031818627760854,2.0,3.0,0.0,0.356561014719367,2.0,174.01999999999998,0,0,0,0,0.0,0.0
T0000311,2024-02-16 10:36:34,A100197,0,payment,34.12,other,UA,mobile,normal transaction,0,10,4,0,3,6,2,1,75.69833333333334,62.819306400713046,6,75.69833333333334,62.819306400713046,6,2,-0.6618718838797862,0.0661871883879786,0.0009828815154394,1.0,2.0,0.0,0.2116119945269949,2.0,156.3,0,0,1,0,0.2,0.0
T0000312,2024-02-16 10:45:37,A100174,A100144,transfer,21.45,remittance,AE,branch,normal transaction,0,10,4,1,4,0,1,2,62.17428571428571,69.56584072113334,7,62.17428571428571,69.56584072113334,7,5,-0.585406353272286,0.0585406353272286,0.0029874908133129,1.0,5.0,0.0,0.4257882627739653,2.0,175.61999999999998,0,0,1,0,0.2,0.0
T0000313,2024-02-16 11:04:50,A100112,A100017,transfer,24.31,other,UA,atm,normal transaction,0,11,4,1,3,6,0,2,1499.936,3280.3214547861007,5,1499.936,3280.3214547861007,5,3,-0.4498418889396249,0.0449841888939624,0.00763065486843,5.0,3.0,0.0,0.5768715525970871,1.0,24.31,0,0,1,0,0.2,0.0
T0000314,2024-02-16 12:44:30,A100070,A100151,transfer,27.47,grocery,AE,online,normal transaction,0,12,4,1,1,0,3,2,47.252,34.02397639900428,5,47.252,34.02397639900428,5,3,-0.5814135063638658,0.0581413506363865,0.0036264244510558,4.0,3.0,0.0,0.4971068933757026,3.0,79.76,0,0,1,0,0.2,0.0
T0000315,2024-02-16 15:50:36,A100079,0,payment,21.33,other,UA,online,normal transaction,0,15,4,0,3,6,3,1,50.64666666666667,42.194028803453534,6,50.64666666666667,42.194028803453534,6,1,-0.694806037802702,0.0694806037802702,0.003027057728813,2.0,1.0,0.0,0.2167423506091847,2.0,30.54,0,0,1,0,0.2,0.0
T0000316,2024-02-16 17:22:43,A100014,A100094,transfer,43.25,utilities,US,online,normal transaction,0,17,4,1,8,7,3,2,36.31666666666667,10.810801697068232,3,36.31666666666667,10.810801697068232,3,3,0.6413338146679499,0.064133381466795,0.0010169883468254,1.0,3.0,0.0,0.2814126655397478,1.0,43.25,0,0,0,0,0.0,0.0
T0000317,2024-02-16 18:26:22,A100157,0,deposit,80.61,salary,UA,online,normal transaction,0,18,4,0,5,6,3,0,54.12,30.12394272003583,9,54.12,30.12394272003583,9,5,0.8793669330347724,0.0879366933034772,0.0009611095630294,1.0,5.0,0.0666666666666666,0.4764746247849631,2.0,165.01999999999998,0,1,1,0,0.5,0.0
T0000318,2024-02-17 02:36:12,A100115,0,deposit,35.96,health,AE,mobile,normal transaction,0,2,5,0,2,0,2,0,64.5525,43.71799915366668,8,64.5525,43.71799915366668,8,3,-0.6540212246557191,0.0654021224655719,0.0018291519985228,1.0,3.0,0.1666666666666666,0.4228811305292907,3.0,209.01999999999998,0,1,1,0,0.5,0.0
T0000319,2024-02-17 13:47:43,A100128,0,payment,96.11,travel,IN,mobile,normal transaction,0,13,5,0,7,3,2,1,55.67666666666667,46.5626329438818,6,55.67666666666667,46.5626329438818,6,4,0.8683643924023796,0.0868364392402379,0.0017180321337484,1.0,4.0,0.0,0.352887176627486,2.0,112.56,0,0,0,0,0.0,0.0
T0000320,2024-02-18 14:31:26,A100026,A100087,transfer,19.74,electronics,GB,online,normal transaction,0,14,6,1,0,2,3,2,2573.386923076923,2424.7499487314303,13,2573.386923076923,2424.7499487314303,13,5,-1.0531588724683836,0.1053158872468383,0.0009704037756721,1.0,5.0,0.0,0.4207258935495487,3.0,141.91,0,0,0,0,0.0,0.013333333333333334
T0000321,2024-02-18 17:08:19,A100063,A100181,transfer,135.55,other,UA,branch,normal transaction,0,17,6,1,3,6,1,2,46.53,52.87252310983465,7,46.53,52.87252310983465,7,4,1.6836722191487294,0.1683672219148729,0.0038483293057302,4.0,4.0,0.0357142857142857,0.5972567769319926,3.0,155.11,0,1,1,0,0.5,0.0
T0000322,2024-02-19 01:24:51,A100093,0,payment,21.21,remittance,CN,mobile,normal transaction,0,1,0,0,4,1,2,1,1022.998,2219.563042215742,5,1022.998,2219.563042215742,5,1,-0.4513446928493601,0.045134469284936,0.0216382473371199,1.0,1.0,0.0,0.1937365739738319,2.0,76.08,0,0,0,0,0.0,0.006666666666666667
T0000323,2024-02-19 03:36:08,A100104,A100198,transfer,141.65,remittance,IN,atm,normal transaction,0,3,0,1,4,3,0,2,511.62777777777774,1407.0761544047446,9,511.62777777777774,1407.0761544047446,9,3,-0.2629408339816219,0.0262940833981621,0.0127125465648042,1.0,3.0,0.0,0.310765505987484,3.0,258.88,0,0,0,0,0.0,0.0
T0000324,2024-02-19 04:41:36,A100016,0,deposit,8.63,remittance,US,mobile,normal transaction,0,4,0,0,4,7,2,0,39.235,34.260815810485305,4,39.235,34.260815810485305,4,1,-0.8932945226989899,0.089329452269899,0.0011374023408904,1.0,1.0,0.0,0.1422847303762295,2.0,76.05,0,0,0,0,0.0,0.0
T0000325,2024-02-19 06:05:56,A100072,0,withdrawal,13.21,utilities,GB,atm,normal transaction,0,6,0,0,8,2,0,3,13.21,0.0,1,13.21,0.0,1,0,0.0,0.0,0.0014281004735657,3.0,0.0,0.0,0.2127293795032928,1.0,13.21,0,0,0,0,0.0,0.0
T0000326,2024-02-19 06:16:15,A100020,0,deposit,31.99,travel,AE,atm,normal transaction,0,6,0,0,7,0,0,0,51.522000000000006,41.00858593026587,5,51.522000000000006,41.00858593026587,5,2,-0.4762904908967897,0.0476290490896789,0.0040734006329754,6.0,2.0,0.0714285714285714,0.6276995358735391,2.0,142.07,0,0,1,0,0.2,0.0
T0000327,2024-02-19 08:12:39,A100167,A100178,transfer,41.86,salary,GB,online,normal transaction,0,8,0,1,5,2,3,2,419.275,1034.1869614892105,8,419.275,1034.1869614892105,8,5,-0.36493884924984,0.0364938849249839,0.002260387364347,2.0,5.0,0.0,0.4936784919343575,2.0,48.19,0,0,0,0,0.0,0.0
T0000328,2024-02-19 09:11:44,A100079,0,payment,88.62,salary,AE,branch,normal transaction,0,9,0,0,5,0,1,1,50.64666666666667,42.194028803453534,6,50.64666666666667,42.194028803453534,6,1,0.8999693442465471,0.0899969344246547,0.003027057728813,2.0,1.0,0.0,0.2167423506091847,3.0,119.16,0,0,1,0,0.2,0.0
T0000329,2024-02-19 20:46:40,A100171,A100179,transfer,26.74,electronics,RU,atm,normal transaction,0,20,0,1,0,5,0,2,827.78875,2093.1817233814686,8,827.78875,2093.1817233814686,8,6,-0.3826943168236902,0.038269431682369,0.0011773422261445,2.0,6.0,0.0714285714285714,0.6204311747779263,5.0,175.58,1,0,1,0,0.5,0.0
T0000330,2024-02-20 00:34:45,A100004,0,withdrawal,39.11,remittance,CN,branch,normal transaction,0,0,1,0,4,1,1,3,111.05666666666669,135.7268526612672,3,111.05666666666669,135.7268526612672,3,1,-0.5300842443914864,0.0530084244391486,0.0009600147847909,0.0,1.0,0.0,0.0721244616278777,1.0,39.11,0,0,0,0,0.0,0.0
T0000331,2024-02-20 04:19:20,A100054,A100087,transfer,54.19,other,NG,branch,normal transaction,0,4,1,1,3,4,1,2,65.89555555555555,75.70479246902258,9,65.89555555555555,75.70479246902258,9,2,-0.154621061879593,0.0154621061879593,0.001236184758784,2.0,2.0,0.1666666666666666,0.4213929353996191,5.0,157.38,1,0,1,0,0.5,0.0
T0000332,2024-02-20 05:22:16,A100035,0,withdrawal,17.76,travel,US,atm,normal transaction,0,5,1,0,7,7,0,3,54.12571428571429,44.52025376430479,7,54.12571428571429,44.52025376430479,7,2,-0.8168352692103504,0.081683526921035,0.0241048978089697,3.0,2.0,0.0,0.4090724466284962,4.0,158.37,0,0,0,0,0.0,0.0
T0000333,2024-02-20 11:25:12,A100025,A100129,transfer,19.0,grocery,AE,branch,normal transaction,0,11,1,1,1,0,1,2,2292.535714285714,2700.483736765335,14,2292.535714285714,2700.483736765335,14,6,-0.8418994280510194,0.0841899428051019,0.001756238540369,2.0,6.0,0.0714285714285714,0.6218840555067054,4.0,117.50999999999999,0,0,1,0,0.2,0.0
T0000334,2024-02-20 11:39:29,A100152,0,payment,137.07,salary,GB,branch,normal transaction,0,11,1,0,5,2,1,1,83.35799999999999,60.30495891715705,5,83.35799999999999,60.30495891715705,5,1,0.890673007225044,0.0890673007225043,0.0014292260405624,2.0,1.0,0.0,0.2127322043867102,2.0,181.45999999999998,0,0,0,0,0.0,0.0
T0000335,2024-02-20 16:25:16,A100046,0,withdrawal,18.71,travel,UA,online,normal transaction,0,16,1,0,7,6,3,3,1027.1866666666667,2337.282116561884,9,1027.1866666666667,2337.282116561884,9,3,-0.4314740865423001,0.04314740865423,0.0011784145803266,1.0,3.0,0.0,0.2818178038313734,3.0,72.49000000000001,0,0,1,0,0.2,0.0
T0000336,2024-02-20 23:11:19,A100105,0,withdrawal,40.57,remittance,NG,mobile,normal transaction,0,23,1,0,4,4,2,3,976.9714285714286,2464.683787597837,7,976.9714285714286,2464.683787597837,7,4,-0.3799276129876884,0.0379927612987688,0.020036178653738,4.0,4.0,0.0,0.6080062238589495,3.0,106.75999999999999,0,0,1,0,0.2,0.0
T0000337,2024-02-21 02:47:01,A100156,A100072,transfer,7.27,other,NG,branch,normal transaction,0,2,2,1,3,4,1,2,32.262,25.286964428337377,5,32.262,25.286964428337377,5,2,-0.9883352777472132,0.0988335277747213,0.0015683567840875,1.0,2.0,0.0,0.2130813867378177,1.0,7.27,0,0,1,0,0.2,0.0
T0000338,2024-02-21 03:10:02,A100079,0,payment,17.94,other,NG,atm,normal transaction,0,3,2,0,3,4,0,1,50.64666666666667,42.194028803453534,6,50.64666666666667,42.194028803453534,6,1,-0.775149157807858,0.0775149157807858,0.003027057728813,2.0,1.0,0.0,0.2167423506091847,4.0,137.1,0,0,1,0,0.2,0.0
T0000339,2024-02-21 11:57:03,A100173,0,payment,22.47,other,UA,atm,normal transaction,0,11,2,0,3,6,0,1,3959.346363636364,2466.120818156616,11,3959.346363636364,2466.120818156616,11,1,-1.5963842213467587,0.1596384221346758,0.0009600147847909,0.0,1.0,0.0,0.0721244616278777,3.0,360.17,0,0,1,0,0.2,0.0
T0000340,2024-02-21 19:52:35,A100199,0,payment,63.98,salary,RU,branch,normal transaction,0,19,2,0,5,5,1,1,49.02111111111111,46.28122525507629,9,49.02111111111111,46.28122525507629,9,5,0.3232172113686841,0.0323217211368684,0.001042986595808,1.0,5.0,0.0,0.4209080577437657,5.0,337.12,1,1,1,0,0.8,0.0
T0000341,2024-02-21 20:14:25,A100051,A100154,transfer,247.2,travel,CN,online,normal transaction,0,20,2,1,7,1,3,2,88.514,94.09615682906502,5,88.514,94.09615682906502,5,2,1.6864237994527769,0.1686423799452776,0.0051417139081717,1.0,2.0,0.0,0.2220495932629914,2.0,326.21,0,1,0,0,0.3,0.0
T0000342,2024-02-21 22:06:19,A100164,0,withdrawal,32.04,other,AE,online,normal transaction,0,22,2,0,3,0,3,3,65.32000000000001,59.02054388092336,6,65.32000000000001,59.02054388092336,6,3,-0.5638714462420489,0.0563871446242048,0.0054169496581199,3.0,3.0,0.0,0.4318855790813082,3.0,185.45,0,0,1,0,0.2,0.0
T0000343,2024-02-21 22:26:36,A100182,0,withdrawal,199.25,electronics,CN,online,normal transaction,0,22,2,0,0,1,3,3,109.8275,60.11029882640744,4,109.8275,60.11029882640744,4,2,1.4876402256891628,0.1487640225689162,0.0037862332192774,4.0,2.0,0.0666666666666666,0.4835649579166896,2.0,273.9,0,0,0,0,0.0,0.006666666666666667
T0000344,2024-02-22 03:02:31,A100195,0,deposit,32.58,travel,CN,mobile,normal transaction,0,3,3,0,7,1,2,0,25.264,10.597437426095045,5,25.264,10.597437426095045,5,4,0.6903555091186132,0.0690355509118613,0.001950012052314,2.0,4.0,0.0,0.4231844581524207,3.0,73.44,0,0,0,0,0.0,0.0
T0000345,2024-02-22 05:39:43,A100131,A100037,transfer,108.68,salary,US,branch,normal transaction,0,5,3,1,5,7,1,2,55.574,40.22363024392503,5,55.574,40.22363024392503,5,2,1.320268666892689,0.1320268666892689,0.0011493321762165,1.0,2.0,0.0,0.2120297428376912,2.0,119.91000000000001,0,0,0,0,0.0,0.0
T0000346,2024-02-22 12:37:35,A100115,A100089,transfer,65.49,grocery,RU,online,normal transaction,0,12,3,1,1,5,3,2,64.5525,43.71799915366668,8,64.5525,43.71799915366668,8,3,0.0214442562949982,0.0021444256294998,0.0018291519985228,1.0,3.0,0.1666666666666666,0.4228811305292907,4.0,274.51,0,1,1,0,0.5,0.0
T0000347,2024-02-22 13:52:08,A100101,0,payment,209.92,remittance,NG,mobile,normal transaction,0,13,3,0,4,4,2,1,67.79363636363637,56.52898588737061,11,67.79363636363637,56.52898588737061,11,7,2.5142209592317446,0.2514220959231744,0.0014334542607509,2.0,7.0,0.0,0.631033246005633,5.0,455.65,1,1,1,0,0.8,0.0
T0000348,2024-02-22 20:15:19,A100020,A100095,transfer,75.22,health,IN,atm,normal transaction,0,20,3,1,2,3,0,2,51.522000000000006,41.00858593026587,5,51.522000000000006,41.00858593026587,5,2,0.5778789705750622,0.0577878970575062,0.0040734006329754,6.0,2.0,0.0714285714285714,0.6276995358735391,3.0,217.29,0,1,0,0,0.3,0.0
T0000349,2024-02-23 01:02:15,A100025,A100182,transfer,55.0,remittance,GB,branch,normal transaction,0,1,4,1,4,2,1,2,2292.535714285714,2700.483736765335,14,2292.535714285714,2700.483736765335,14,6,-0.8285684831182458,0.0828568483118245,0.001756238540369,2.0,6.0,0.0714285714285714,0.6218840555067054,5.0,172.51,1,0,0,0,0.3,0.013333333333333334
T0000350,2024-02-23 04:53:35,A100009,0,payment,28.02,utilities,UA,branch,normal transaction,0,4,4,0,8,6,1,1,28.97125,14.478163298567951,8,28.97125,14.478163298567951,8,3,-0.06570239019142,0.006570239019142,0.0009600147847909,0.0,3.0,0.0,0.2115546049194381,4.0,108.97,0,1,1,0,0.5,0.0
T0000351,2024-02-23 06:31:32,A100194,A100180,transfer,38.35,other,UA,online,normal transaction,0,6,4,1,3,6,3,2,46.527142857142856,44.86537369891013,7,46.527142857142856,44.86537369891013,7,5,-0.1822595467444406,0.018225954674444,0.0009600147847909,0.0,5.0,0.0,0.3509847482109984,5.0,272.28000000000003,1,1,1,0,0.8,0.0
T0000352,2024-02-23 07:13:35,A100020,0,payment,34.08,grocery,CN,branch,normal transaction,0,7,4,0,1,1,1,1,51.522000000000006,41.00858593026587,5,51.522000000000006,41.00858593026587,5,2,-0.4253255551004407,0.042532555510044,0.0040734006329754,6.0,2.0,0.0714285714285714,0.6276995358735391,4.0,251.37,0,1,0,0,0.3,0.0
T0000353,2024-02-23 07:15:07,A100038,0,withdrawal,118.92,salary,US,atm,normal transaction,0,7,4,0,5,7,0,3,73.49000000000001,48.26947068282394,9,73.49000000000001,48.26947068282394,9,5,0.941174585429856,0.0941174585429855,0.002434309874927,3.0,5.0,0.0,0.5638300643104301,4.0,317.26,0,1,0,0,0.3,0.0
T0000354,2024-02-23 11:05:24,A100060,0,payment,8.5,utilities,US,online,normal transaction,0,11,4,0,8,7,3,1,40.076,32.51319316831246,5,40.076,32.51319316831246,5,2,-0.9711749585887856,0.0971174958588785,0.0057399168279025,4.0,2.0,0.0666666666666666,0.4884682008556349,2.0,103.43,0,0,0,0,0.0,0.0
T0000355,2024-02-23 15:06:37,A100061,A100107,transfer,69.84,other,US,online,normal transaction,0,15,4,1,3,7,3,2,61.5525,43.00580997570755,4,61.5525,43.00580997570755,4,1,0.1927065159794641,0.0192706515979464,0.0017760509694807,1.0,1.0,0.0,0.1438875740325811,2.0,85.98,0,0,0,0,0.0,0.0
T0000356,2024-02-23 21:09:50,A100127,0,deposit,42.49,grocery,NG,branch,normal transaction,0,21,4,0,1,4,1,0,1187.0942105263157,1118.0985360836485,19,1187.0942105263157,1118.0985360836485,19,2,-1.023706026404258,0.1023706026404257,0.0026067503189037,1.0,2.0,0.0,0.215687487206162,2.0,60.8,0,0,1,0,0.2,0.0
T0000357,2024-02-24 10:21:01,A100074,A100109,transfer,160.37,grocery,AE,branch,normal transaction,0,10,5,1,1,0,1,2,127.475,52.76572909253379,4,127.475,52.76572909253379,4,2,0.6234159925829316,0.0623415992582931,0.0033516415066566,2.0,2.0,0.0,0.2872720439827523,2.0,225.06,0,0,1,0,0.2,0.0
T0000358,2024-02-24 14:21:20,A100146,0,payment,21.19,salary,GB,online,normal transaction,0,14,5,0,5,2,3,1,923.3125,1702.373368220086,4,923.3125,1702.373368220086,4,2,-0.5299204723892575,0.0529920472389257,0.0080708580844685,3.0,2.0,0.1,0.4524892203894964,1.0,21.19,0,0,0,0,0.0,0.0
T0000359,2024-02-24 15:47:15,A100134,A100092,transfer,40.21,electronics,IN,mobile,normal transaction,0,15,5,1,0,3,2,2,68.78,34.445680425853105,3,68.78,34.445680425853105,3,2,-0.8294218264051201,0.082942182640512,0.0024933954584507,1.0,2.0,0.0,0.2154029956863183,1.0,40.21,0,0,0,0,0.0,0.0
T0000360,2024-02-24 16:03:59,A100120,A100011,transfer,109.4,salary,AE,atm,normal transaction,0,16,5,1,5,0,0,2,61.4725,37.51498844906304,4,61.4725,37.51498844906304,4,2,1.2775560037161902,0.127755600371619,0.0062053708297354,5.0,2.0,0.0,0.5035793849118725,2.0,168.34,0,0,1,0,0.2,0.0
T0000361,2024-02-24 16:15:13,A100191,0,payment,7.22,grocery,AE,online,normal transaction,0,16,5,0,1,0,3,1,35.85666666666666,34.035356126632,6,35.85666666666666,34.035356126632,6,2,-0.8413799379310474,0.0841379937931047,0.0272679321573697,3.0,2.0,0.0,0.4170108486123,4.0,147.62,0,1,1,0,0.5,0.0
T0000362,2024-02-25 06:46:27,A100088,0,payment,18.94,health,US,atm,normal transaction,0,6,6,0,2,7,0,1,46.15166666666667,27.523971673191834,6,46.15166666666667,27.523971673191834,6,5,-0.988653309235794,0.0988653309235794,0.0009990320634662,1.0,5.0,0.0,0.4207977431823965,3.0,126.88,0,0,0,0,0.0,0.0
T0000363,2024-02-25 12:27:13,A100034,0,deposit,48.29,grocery,AE,atm,normal transaction,0,12,6,0,1,0,0,0,106.2975,130.69395634458388,4,106.2975,130.69395634458388,4,3,-0.4438422493173047,0.0443842249317304,0.002536396466229,3.0,3.0,0.0,0.4246561320838306,2.0,92.15,0,0,1,0,0.2,0.0
T0000364,2024-02-25 12:32:35,A100164,A100044,transfer,158.46,other,UA,branch,normal transaction,0,12,6,1,3,6,1,2,65.32000000000001,59.02054388092336,6,65.32000000000001,59.02054388092336,6,3,1.5780945463637144,0.1578094546363714,0.0054169496581199,3.0,3.0,0.0,0.4318855790813082,4.0,343.90999999999997,0,1,1,0,0.5,0.0
T0000365,2024-02-25 17:08:31,A100034,A100016,transfer,31.01,other,IN,atm,normal transaction,0,17,6,1,3,3,0,2,106.2975,130.69395634458388,4,106.2975,130.69395634458388,4,3,-0.576059532741052,0.0576059532741052,0.002536396466229,3.0,3.0,0.0,0.4246561320838306,3.0,123.16,0,0,0,0,0.0,0.0
T0000366,2024-02-25 18:25:14,A100051,0,payment,7.78,grocery,NG,online,normal transaction,0,18,6,0,1,4,3,1,88.514,94.09615682906502,5,88.514,94.09615682906502,5,2,-0.8579946499692506,0.085799464996925,0.0051417139081717,1.0,2.0,0.0,0.2220495932629914,3.0,333.98999999999995,0,1,1,0,0.5,0.0
T0000367,2024-02-25 19:08:06,A100080,0,payment,3.67,utilities,RU,mobile,normal transaction,0,19,6,0,8,5,2,1,12.294,7.541288351468866,5,12.294,7.541288351468866,5,2,-1.143571025864463,0.1143571025864462,0.0166800343015412,3.0,2.0,0.0,0.3904379505387976,4.0,53.03,0,1,1,0,0.5,0.0
T0000368,2024-02-25 23:52:03,A100064,0,withdrawal,42.26,grocery,NG,atm,normal transaction,0,23,6,0,1,4,0,3,46.998000000000005,14.91650327657256,5,46.998000000000005,14.91650327657256,5,3,-0.3176347428426226,0.0317634742842622,0.0104934322671043,1.0,3.0,0.0,0.3051961003463284,3.0,147.71,0,1,1,0,0.5,0.0
T0000369,2024-02-26 04:07:07,A100091,0,withdrawal,18.84,grocery,AE,atm,normal transaction,0,4,0,0,1,0,0,3,32.276,37.3156901316323,5,32.276,37.3156901316323,5,3,-0.3600630081486118,0.0360063008148611,0.0024095657007375,1.0,3.0,0.0,0.2849076762197576,2.0,21.18,0,0,1,0,0.2,0.0
T0000370,2024-02-26 16:10:16,A100031,0,withdrawal,63.45,remittance,RU,mobile,normal transaction,0,16,0,0,4,5,2,3,38.825,34.82500897343747,2,38.825,34.82500897343747,2,1,0.7071067608819795,0.0707106760881979,0.0009600147847909,0.0,1.0,0.0,0.0721244616278777,1.0,63.45,0,0,1,0,0.2,0.0
T0000371,2024-02-26 18:20:53,A100190,A100112,transfer,29.99,salary,AE,branch,normal transaction,0,18,0,1,5,0,1,2,19.235,15.35222350888192,4,19.235,15.35222350888192,4,2,0.7005499426990383,0.0700549942699038,0.0020932368223755,4.0,2.0,0.0,0.423543915456247,4.0,76.94,0,1,1,0,0.5,0.0
T0000372,2024-02-26 20:22:31,A100127,0,withdrawal,31.64,other,AE,atm,normal transaction,0,20,0,0,3,0,0,3,1187.0942105263157,1118.0985360836485,19,1187.0942105263157,1118.0985360836485,19,2,-1.0334100011794152,0.1033410001179415,0.0026067503189037,1.0,2.0,0.0,0.215687487206162,3.0,92.44,0,0,1,0,0.2,0.0
T0000373,2024-02-27 05:21:22,A100021,0,withdrawal,42.24,salary,US,mobile,normal transaction,0,5,1,0,5,7,2,3,35.81333333333333,20.217495064094035,6,35.81333333333333,20.217495064094035,6,0,0.3178764890712817,0.0317876489071281,0.0107483395129891,1.0,0.0,0.0,0.0966906369777438,4.0,101.65,0,0,0,0,0.0,0.0
T0000374,2024-02-27 06:18:53,A100154,0,deposit,9.47,travel,CN,atm,normal transaction,0,6,1,0,7,1,0,0,40.89833333333333,30.045973052418635,6,40.89833333333333,30.045973052418635,6,0,-1.0460081366809082,0.1046008136680908,0.0042719909065296,1.0,0.0,0.0,0.0804366691220583,4.0,132.29,0,1,0,0,0.3,0.0
T0000375,2024-02-27 14:18:20,A100026,A100020,transfer,140.3,remittance,CN,atm,normal transaction,0,14,1,1,4,1,0,2,2573.386923076923,2424.7499487314303,13,2573.386923076923,2424.7499487314303,13,5,-1.0034382816860832,0.1003438281686083,0.0009704037756721,1.0,5.0,0.0,0.4207258935495487,4.0,282.21000000000004,0,0,0,0,0.0,0.0
T0000376,2024-02-28 04:05:52,A100114,0,withdrawal,46.65,salary,GB,mobile,normal transaction,0,4,2,0,5,2,2,3,104.3075,71.74713902542271,4,104.3075,71.74713902542271,4,2,-0.8036208827218727,0.0803620882721872,0.0032402492372152,5.0,2.0,0.0476190476190476,0.5359748767960654,2.0,253.39000000000001,0,0,0,0,0.0,0.0
T0000377,2024-02-28 09:59:33,A100089,0,payment,52.29,other,IN,atm,normal transaction,0,9,2,0,3,3,0,1,51.95285714285715,53.52989716481987,7,51.95285714285715,53.52989716481987,7,4,0.0062982159260751,0.0006298215926075,0.0014930399719955,2.0,4.0,0.0666666666666666,0.477809633181542,4.0,105.52,0,0,0,0,0.0,0.0
T0000378,2024-02-28 15:43:05,A100157,A100111,transfer,40.31,utilities,IN,online,normal transaction,0,15,2,1,8,3,3,2,54.12,30.12394272003583,9,54.12,30.12394272003583,9,5,-0.4584393108799623,0.0458439310879962,0.0009611095630294,1.0,5.0,0.0666666666666666,0.4764746247849631,3.0,205.32999999999998,0,1,0,0,0.3,0.0
T0000379,2024-02-28 22:05:13,A100171,A100163,transfer,67.29,salary,AE,branch,normal transaction,0,22,2,1,5,0,1,2,827.78875,2093.1817233814686,8,827.78875,2093.1817233814686,8,6,-0.3633218946743509,0.036332189467435,0.0011773422261445,2.0,6.0,0.0714285714285714,0.6204311747779263,5.0,214.69,1,0,1,0,0.5,0.0
T0000380,2024-02-28 22:35:09,A100007,0,deposit,16.84,travel,UA,online,normal transaction,0,22,2,0,7,6,3,0,32.872,23.04029340090964,5,32.872,23.04029340090964,5,2,-0.6958244422157667,0.0695824442215766,0.0016545939273634,2.0,2.0,0.0,0.28301289141399,3.0,103.68,0,1,1,0,0.5,0.0
T0000381,2024-02-28 23:28:51,A100032,A100017,transfer,200.53,health,AE,atm,normal transaction,0,23,2,1,2,0,0,2,74.13000000000001,88.26664111278582,4,74.13000000000001,88.26664111278582,4,2,1.4320245675426049,0.1432024567542605,0.001231676315347,1.0,2.0,0.0,0.2122364054298185,2.0,210.36,0,0,1,0,0.2,0.006666666666666667
T0000382,2024-02-28 23:44:46,A100098,A100145,transfer,76.76,grocery,GB,mobile,normal transaction,0,23,2,1,1,2,2,2,74.00999999999999,29.275790908758264,4,74.00999999999999,29.275790908758264,4,3,0.0939342651625185,0.0093934265162518,0.0020837219463538,1.0,3.0,0.0,0.2840898922751986,2.0,124.29,0,0,0,0,0.0,0.0
T0000383,2024-02-29 01:13:56,A100094,A100095,transfer,17.24,other,US,branch,normal transaction,0,1,3,1,3,7,1,2,86.57666666666667,119.47163359280452,3,86.57666666666667,119.47163359280452,3,2,-0.5803609107968349,0.0580360910796834,0.0013031823111597,1.0,2.0,0.0,0.2124158670721811,1.0,17.24,0,0,0,0,0.0,0.0
T0000384,2024-02-29 01:16:44,A100135,0,deposit,21.07,remittance,RU,atm,normal transaction,0,1,3,0,4,5,0,0,34.715,20.515267241739743,6,34.715,20.515267241739743,6,1,-0.6651143840390201,0.066511438403902,0.0143244164834472,2.0,1.0,0.0,0.2450958129087314,2.0,42.81,0,0,1,0,0.2,0.0
T0000385,2024-02-29 04:56:39,A100166,0,withdrawal,2.93,utilities,NG,online,normal transaction,0,4,3,0,8,4,3,3,11.616666666666667,11.113326834631174,3,11.616666666666667,11.113326834631174,3,1,-0.7816440580109062,0.0781644058010906,0.0138236959534462,4.0,1.0,0.0,0.3832692765658446,2.0,10.71,0,0,1,0,0.2,0.0
T0000386,2024-02-29 09:41:37,A100006,0,payment,12.59,travel,UA,mobile,normal transaction,0,9,3,0,7,6,2,1,60.09333333333333,44.93071592277752,3,60.09333333333333,44.93071592277752,3,2,-1.057257408444592,0.1057257408444592,0.0009600147847909,0.0,2.0,0.0,0.1418395332736579,2.0,78.37,0,0,1,0,0.2,0.0
T0000387,2024-02-29 10:48:07,A100143,0,payment,31.57,electronics,CN,atm,normal transaction,0,10,3,0,0,1,0,1,41.924,25.57568826053368,5,41.924,25.57568826053368,5,1,-0.4048375742497564,0.0404837574249756,0.0020223782314819,1.0,1.0,0.0,0.144505792050455,2.0,78.45,0,0,0,0,0.0,0.0
T0000388,2024-02-29 11:25:00,A100180,A100114,transfer,148.92,health,CN,mobile,normal transaction,0,11,3,1,2,1,2,2,752.1566666666666,2108.24314388782,9,752.1566666666666,2108.24314388782,9,5,-0.2861323980250698,0.0286132398025069,0.0012979278031234,2.0,5.0,0.0476190476190476,0.531100149990339,4.0,268.69,0,0,0,0,0.0,0.0
T0000389,2024-02-29 14:41:50,A100051,0,deposit,79.63,electronics,GB,online,normal transaction,0,14,3,0,0,2,3,0,88.514,94.09615682906502,5,88.514,94.09615682906502,5,2,-0.0944140569069638,0.0094414056906963,0.0051417139081717,1.0,2.0,0.0,0.2220495932629914,4.0,413.62,0,1,0,0,0.3,0.0
T0000390,2024-02-29 16:16:41,A100115,A100044,transfer,25.86,other,US,atm,normal transaction,0,16,3,1,3,7,0,2,64.5525,43.71799915366668,8,64.5525,43.71799915366668,8,3,-0.8850473458071667,0.0885047345807166,0.0018291519985228,1.0,3.0,0.1666666666666666,0.4228811305292907,5.0,300.37,1,1,0,0,0.6,0.0
T0000391,2024-02-29 16:24:47,A100170,0,deposit,16.74,remittance,US,atm,normal transaction,0,16,3,0,4,7,0,0,39.575,32.293566696789625,2,39.575,32.293566696789625,2,0,-0.7071067592903362,0.0707106759290336,0.0013251986275427,2.0,0.0,0.0,0.1427560507130656,1.0,16.74,0,0,0,0,0.0,0.0
T0000392,2024-02-29 18:26:09,A100076,0,deposit,199.87,travel,GB,atm,normal transaction,0,18,3,0,7,2,0,0,68.21333333333332,68.25519281832457,6,68.21333333333332,68.25519281832457,6,2,1.928888620800028,0.1928888620800028,0.0026448830076643,3.0,2.0,0.1,0.4388714197053023,1.0,199.87,0,0,0,0,0.0,0.0
T0000393,2024-03-01 00:53:07,A100130,0,withdrawal,62.86,health,US,branch,normal transaction,0,0,4,0,2,7,1,3,47.456,21.581161460866745,5,47.456,21.581161460866745,5,1,0.7137706334370154,0.0713770633437015,0.0284621825335371,4.0,1.0,0.0,0.4200081096316504,2.0,109.69,0,0,0,0,0.0,0.0
T0000394,2024-03-01 01:37:06,A100035,0,deposit,134.2,health,UA,online,normal transaction,0,1,4,0,2,6,3,0,54.12571428571429,44.52025376430479,7,54.12571428571429,44.52025376430479,7,2,1.7986034926845755,0.1798603492684575,0.0241048978089697,3.0,2.0,0.0,0.4090724466284962,5.0,292.57,1,1,1,0,0.8,0.0
T0000395,2024-03-01 01:44:48,A100092,0,payment,83.48,remittance,UA,branch,normal transaction,0,1,4,0,4,6,1,1,64.89666666666666,16.669860027406752,3,64.89666666666666,16.669860027406752,3,0,1.1147863382172574,0.1114786338217257,0.0029052926590231,4.0,0.0,0.0,0.2861518232746481,1.0,83.48,0,0,1,0,0.2,0.0
T0000396,2024-03-01 01:57:36,A100156,A100022,transfer,66.57,electronics,CN,mobile,normal transaction,0,1,4,1,0,1,2,2,32.262,25.286964428337377,5,32.262,25.286964428337377,5,2,1.356746427214764,0.1356746427214764,0.0015683567840875,1.0,2.0,0.0,0.2130813867378177,2.0,73.83999999999999,0,0,0,0,0.0,0.0
T0000397,2024-03-01 06:58:05,A100183,0,payment,49.08,other,RU,mobile,normal transaction,0,6,4,0,3,5,2,1,31.973333333333333,18.705478698320803,3,31.973333333333333,18.705478698320803,3,1,0.9145270232338568,0.0914527023233856,0.0239382061636712,1.0,1.0,0.0,0.199508878571345,1.0,49.08,0,0,1,0,0.2,0.0
T0000398,2024-03-01 08:37:36,A100147,0,payment,123.64,electronics,GB,atm,normal transaction,0,8,4,0,0,2,0,1,48.83166666666667,42.54309693318843,6,48.83166666666667,42.54309693318843,6,1,1.7584129263650632,0.1758412926365063,0.0035094406292274,1.0,1.0,0.0,0.1482379358680758,4.0,194.92000000000002,0,1,0,0,0.3,0.0
T0000399,2024-03-01 11:02:05,A100164,A100018,transfer,40.35,other,UA,atm,normal transaction,0,11,4,1,3,6,0,2,65.32000000000001,59.02054388092336,6,65.32000000000001,59.02054388092336,6,3,-0.4230730172074507,0.042307301720745,0.0054169496581199,3.0,3.0,0.0,0.4318855790813082,5.0,384.26,1,1,1,0,0.8,0.0
T0000400,2024-03-01 14:01:27,A100032,A100199,transfer,17.26,travel,GB,mobile,normal transaction,0,14,4,1,7,2,2,2,74.13000000000001,88.26664111278582,4,74.13000000000001,88.26664111278582,4,2,-0.6442977623112971,0.0644297762311297,0.001231676315347,1.0,2.0,0.0,0.2122364054298185,3.0,227.62,0,1,0,0,0.3,0.0
T0000401,2024-03-01 22:14:25,A100128,0,withdrawal,20.41,grocery,US,branch,normal transaction,0,22,4,0,1,7,1,3,55.67666666666667,46.5626329438818,6,55.67666666666667,46.5626329438818,6,4,-0.7574027429198003,0.07574027429198,0.0017180321337484,1.0,4.0,0.0,0.352887176627486,3.0,132.97,0,0,0,0,0.0,0.0
T0000402,2024-03-02 13:08:12,A100077,A100042,transfer,55.86,travel,AE,branch,normal transaction,0,13,5,1,7,0,1,2,37.25666666666667,26.527695590332254,3,37.25666666666667,26.527695590332254,3,3,0.7012796331556779,0.0701279633155677,0.0050597602600149,4.0,3.0,0.0476190476190476,0.540541381083397,1.0,55.86,0,0,1,0,0.2,0.0
T0000403,2024-03-02 17:26:12,A100088,A100132,transfer,18.66,utilities,US,atm,normal transaction,0,17,5,1,8,7,0,2,46.15166666666667,27.523971673191834,6,46.15166666666667,27.523971673191834,6,5,-0.9988262593155156,0.0998826259315515,0.0009990320634662,1.0,5.0,0.0,0.4207977431823965,4.0,145.54,0,1,0,0,0.3,0.0
T0000404,2024-03-02 20:40:43,A100050,A100162,transfer,34.4,utilities,GB,atm,normal transaction,0,20,5,1,8,2,0,2,62.586,50.17527408993398,5,62.586,50.17527408993398,5,3,-0.5617507816246053,0.0561750781624605,0.0031818627760854,2.0,3.0,0.0,0.356561014719367,3.0,208.42,0,1,0,0,0.3,0.0
T0000405,2024-03-02 21:34:08,A100157,A100136,transfer,37.34,electronics,GB,branch,normal transaction,0,21,5,1,0,2,1,2,54.12,30.12394272003583,9,54.12,30.12394272003583,9,5,-0.5570319794761598,0.0557031979476159,0.0009611095630294,1.0,5.0,0.0666666666666666,0.4764746247849631,4.0,242.67000000000002,0,1,0,0,0.3,0.0
T0000406,2024-03-02 21:52:07,A100043,0,deposit,25.6,remittance,IN,online,normal transaction,0,21,5,0,4,3,3,0,62.82000000000001,52.6370287915266,2,62.82000000000001,52.6370287915266,2,1,-0.7071067677529101,0.070710676775291,0.0018039230819597,3.0,1.0,0.0,0.2833876691516034,1.0,25.6,0,0,0,0,0.0,0.0
T0000407,2024-03-03 05:58:36,A100020,A100011,transfer,6.24,utilities,NG,mobile,normal transaction,0,5,6,1,8,4,2,2,51.522000000000006,41.00858593026587,5,51.522000000000006,41.00858593026587,5,2,-1.104207762071904,0.1104207762071904,0.0040734006329754,6.0,2.0,0.0714285714285714,0.6276995358735391,5.0,257.61,1,1,1,0,0.8,0.0
T0000408,2024-03-03 11:24:24,A100158,A100163,transfer,9.72,grocery,UA,atm,normal transaction,0,11,6,1,1,6,0,2,1869.3775,3692.639370408607,4,1869.3775,3692.639370408607,4,2,-0.5036120002399825,0.0503612000239982,0.0212981394389539,2.0,2.0,0.0,0.3323131339918264,2.0,51.14,0,0,1,0,0.2,0.0
T0000409,2024-03-04 04:58:58,A100164,0,deposit,7.66,utilities,UA,branch,normal transaction,0,4,0,0,8,6,1,0,65.32000000000001,59.02054388092336,6,65.32000000000001,59.02054388092336,6,3,-0.976947944420569,0.0976947944420568,0.0054169496581199,3.0,3.0,0.0,0.4318855790813082,5.0,356.61,1,1,1,0,0.8,0.0
T0000410,2024-03-04 13:03:12,A100175,A100103,transfer,178.38,utilities,UA,online,normal transaction,0,13,0,1,8,6,3,2,4568.722857142858,10138.80446468043,7,4568.722857142858,10138.80446468043,7,5,-0.4330237230636063,0.0433023723063606,0.0550128933801561,7.0,5.0,0.0303030303030303,0.9999999958170958,3.0,244.48,0,0,1,0,0.2,0.013333333333333334
T0000411,2024-03-04 15:43:14,A100176,0,payment,20.93,grocery,GB,mobile,normal transaction,0,15,0,0,1,2,2,1,31.49,23.07923958885994,3,31.49,23.07923958885994,3,1,-0.4575540498978626,0.0457554049897862,0.0011509404096206,2.0,1.0,0.0,0.2120337790895429,2.0,78.89,0,0,0,0,0.0,0.0
T0000412,2024-03-05 00:57:32,A100106,A100123,transfer,63.58,other,NG,atm,normal transaction,0,0,1,1,3,4,0,2,30.572000000000003,21.46311650250261,5,30.572000000000003,21.46311650250261,5,3,1.5378940173137123,0.1537894017313712,0.0032972850829053,2.0,3.0,0.0,0.356850694997388,3.0,116.47,0,1,1,0,0.5,0.0
T0000413,2024-03-05 10:41:49,A100155,0,withdrawal,6.85,travel,AE,atm,normal transaction,0,10,1,0,7,0,0,3,48.43333333333334,71.41908591779465,3,48.43333333333334,71.41908591779465,3,2,-0.5822439788567573,0.0582243978856757,0.006324016655442,3.0,2.0,0.0,0.3644470121009379,2.0,14.399999999999999,0,0,1,0,0.2,0.0
T0000414,2024-03-05 14:35:55,A100187,A100088,transfer,17.72,salary,GB,atm,normal transaction,0,14,1,1,5,2,0,2,560.5400000000001,1125.7308155149703,5,560.5400000000001,1125.7308155149703,5,4,-0.4821934267380708,0.048219342673807,0.0071633167097348,2.0,4.0,0.0,0.4362685108297421,2.0,159.06,0,0,0,0,0.0,0.0
T0000415,2024-03-05 19:37:52,A100131,0,payment,49.2,electronics,AE,branch,normal transaction,0,19,1,0,0,0,1,1,55.574,40.22363024392503,5,55.574,40.22363024392503,5,2,-0.1584640621167851,0.0158464062116785,0.0011493321762165,1.0,2.0,0.0,0.2120297428376912,3.0,169.11,0,1,1,0,0.5,0.0
T0000416,2024-03-05 20:25:24,A100119,0,withdrawal,32.28,electronics,CN,mobile,normal transaction,0,20,1,0,0,1,2,3,18.49,11.417650809163854,5,18.49,11.417650809163854,5,4,1.2077789926061755,0.1207778992606175,0.0011119802980157,1.0,4.0,0.0,0.3513661425301159,3.0,49.63,0,0,0,0,0.0,0.0
T0000417,2024-03-05 21:33:33,A100063,0,payment,106.99,travel,US,online,normal transaction,0,21,1,0,7,7,3,1,46.53,52.87252310983465,7,46.53,52.87252310983465,7,4,1.1435050816640326,0.1143505081664032,0.0038483293057302,4.0,4.0,0.0357142857142857,0.5972567769319926,4.0,262.1,0,1,0,0,0.3,0.0
T0000418,2024-03-05 23:54:59,A100074,A100098,transfer,104.46,salary,NG,branch,normal transaction,0,23,1,1,5,4,1,2,127.475,52.76572909253379,4,127.475,52.76572909253379,4,2,-0.4361732503206008,0.04361732503206,0.0033516415066566,2.0,2.0,0.0,0.2872720439827523,3.0,329.52,0,0,1,0,0.2,0.0
T0000419,2024-03-06 00:37:50,A100083,A100147,transfer,5.81,remittance,NG,branch,normal transaction,0,0,2,1,4,4,1,2,26.2,18.75348767562983,3,26.2,18.75348767562983,3,1,-1.0872643673225886,0.1087264367322588,0.0029991567824307,3.0,1.0,0.0,0.2863873980618279,3.0,78.6,0,0,1,0,0.2,0.0
T0000420,2024-03-06 14:34:45,A100127,0,withdrawal,9.07,other,UA,atm,normal transaction,0,14,2,0,3,6,0,3,1187.0942105263157,1118.0985360836485,19,1187.0942105263157,1118.0985360836485,19,2,-1.0535960574628531,0.1053596057462853,0.0026067503189037,1.0,2.0,0.0,0.215687487206162,4.0,101.51,0,0,1,0,0.2,0.0
T0000421,2024-03-06 20:31:07,A100127,0,deposit,105.72,grocery,US,mobile,normal transaction,0,20,2,0,1,7,2,0,1187.0942105263157,1118.0985360836485,19,1187.0942105263157,1118.0985360836485,19,2,-0.9671546600417512,0.0967154660041751,0.0026067503189037,1.0,2.0,0.0,0.215687487206162,5.0,207.23000000000002,1,0,0,0,0.3,0.0
T0000422,2024-03-07 10:31:15,A100129,A100117,transfer,35.76,health,NG,atm,normal transaction,0,10,3,1,2,4,0,2,50.277142857142856,63.86076174362619,7,50.277142857142856,63.86076174362619,7,2,-0.2273249211792695,0.0227324921179269,0.0045056635234006,3.0,2.0,0.0,0.3598834138213446,4.0,272.28999999999996,0,1,1,0,0.5,0.0
T0000423,2024-03-07 12:09:53,A100012,0,payment,9.18,grocery,CN,mobile,normal transaction,0,12,3,0,1,1,2,1,26.726,20.05466230082172,5,26.726,20.05466230082172,5,3,-0.8749087300449002,0.08749087300449,0.000961512058671,1.0,3.0,0.0,0.2812734343372279,4.0,114.5,0,1,0,0,0.3,0.0
T0000424,2024-03-07 14:25:09,A100152,0,withdrawal,148.53,other,CN,online,normal transaction,0,14,3,0,3,1,3,3,83.35799999999999,60.30495891715705,5,83.35799999999999,60.30495891715705,5,1,1.080707127399288,0.1080707127399288,0.0014292260405624,2.0,1.0,0.0,0.2127322043867102,3.0,329.99,0,1,0,0,0.3,0.0
T0000425,2024-03-07 15:09:00,A100027,0,withdrawal,77.5,salary,GB,atm,normal transaction,0,15,3,0,5,2,0,3,86.375,155.1810511260039,8,86.375,155.1810511260039,8,5,-0.0571912606494875,0.0057191260649487,0.0011652423832275,1.0,5.0,0.0,0.4212148882990121,4.0,154.57,0,0,0,0,0.0,0.0
T0000426,2024-03-07 15:17:57,A100186,A100093,transfer,24.01,salary,AE,online,normal transaction,0,15,3,1,5,0,3,2,20.5625,6.715709816045756,4,20.5625,6.715709816045756,4,2,0.5133484890032693,0.0513348489003269,0.0418110128275317,2.0,2.0,0.0,0.3837951657578651,2.0,41.27,0,0,1,0,0.2,0.0
T0000427,2024-03-07 22:44:06,A100102,0,payment,264.21,grocery,NG,atm,normal transaction,0,22,3,0,1,4,0,1,100.65999999999998,141.64025946036668,3,100.65999999999998,141.64025946036668,3,2,1.154685817919433,0.1154685817919433,0.0009600147847909,0.0,2.0,0.0,0.1418395332736579,3.0,301.97999999999996,0,0,1,0,0.2,0.0
T0000428,2024-03-08 02:15:22,A100141,0,payment,25.56,utilities,US,mobile,normal transaction,0,2,4,0,8,7,2,1,25.9625,15.094826691855156,8,25.9625,15.094826691855156,8,6,-0.0266647628059497,0.0026664762805949,0.003100487294169,2.0,6.0,0.0,0.5655019981448353,5.0,108.11999999999999,1,1,0,0,0.6,0.0
T0000429,2024-03-08 03:30:48,A100129,0,deposit,27.21,other,CN,online,normal transaction,0,3,4,0,3,1,3,0,50.277142857142856,63.86076174362619,7,50.277142857142856,63.86076174362619,7,2,-0.3612099490534998,0.0361209949053499,0.0045056635234006,3.0,2.0,0.0,0.3598834138213446,5.0,299.5,1,1,0,0,0.6,0.0
T0000430,2024-03-08 06:32:36,A100032,0,payment,68.9,electronics,RU,atm,normal transaction,0,6,4,0,0,5,0,1,74.13000000000001,88.26664111278582,4,74.13000000000001,88.26664111278582,4,2,-0.0592522823437328,0.0059252282343732,0.001231676315347,1.0,2.0,0.0,0.2122364054298185,4.0,296.52000000000004,0,1,1,0,0.5,0.0
T0000431,2024-03-08 08:03:48,A100086,A100142,transfer,30.55,remittance,GB,branch,normal transaction,0,8,4,1,4,2,1,2,1669.855,3306.618803153256,4,1669.855,3306.618803153256,4,4,-0.4957647364555486,0.0495764736455548,0.0011351597747263,1.0,4.0,0.1,0.4350824030247175,2.0,42.66,0,0,0,0,0.0,0.0
T0000432,2024-03-08 08:13:59,A100154,0,deposit,82.79,salary,IN,online,normal transaction,0,8,4,0,5,3,3,0,40.89833333333333,30.045973052418635,6,40.89833333333333,30.045973052418635,6,0,1.3942522413679077,0.1394252241367907,0.0042719909065296,1.0,0.0,0.0,0.0804366691220583,5.0,215.08,1,1,0,0,0.6,0.0
T0000433,2024-03-08 10:39:32,A100009,A100035,transfer,46.83,remittance,UA,mobile,normal transaction,0,10,4,1,4,6,2,2,28.97125,14.478163298567951,8,28.97125,14.478163298567951,8,3,1.2334954647369507,0.123349546473695,0.0009600147847909,0.0,3.0,0.0,0.2115546049194381,5.0,155.8,1,1,1,0,0.8,0.006666666666666667
T0000434,2024-03-08 13:20:35,A100038,A100155,transfer,100.3,travel,AE,atm,normal transaction,0,13,4,1,7,0,0,2,73.49000000000001,48.26947068282394,9,73.49000000000001,48.26947068282394,9,5,0.5554235226804849,0.0555423522680484,0.002434309874927,3.0,5.0,0.0,0.5638300643104301,5.0,417.56,1,1,1,0,0.8,0.0
T0000435,2024-03-08 14:14:41,A100041,A100100,transfer,11.71,utilities,AE,mobile,normal transaction,0,14,4,1,8,0,2,2,64.19500000000001,38.281538500953694,6,64.19500000000001,38.281538500953694,6,4,-1.3710263663427766,0.1371026366342776,0.0053835347979329,1.0,4.0,0.0,0.362086644738137,3.0,145.05,0,0,1,0,0.2,0.0
T0000436,2024-03-09 04:15:33,A100181,0,deposit,17.75,utilities,UA,online,normal transaction,0,4,5,0,8,6,3,0,40.987142857142864,25.057577506139545,7,40.987142857142864,25.057577506139545,7,3,-0.9273498974152412,0.0927349897415241,0.0031873189483451,1.0,3.0,0.0,0.2868596366614269,3.0,88.39,0,0,1,0,0.2,0.0
T0000437,2024-03-09 12:21:47,A100094,0,withdrawal,224.53,remittance,US,mobile,normal transaction,0,12,5,0,4,7,2,3,86.57666666666667,119.47163359280452,3,86.57666666666667,119.47163359280452,3,2,1.1546952864880442,0.1154695286488044,0.0013031823111597,1.0,2.0,0.0,0.2124158670721811,2.0,241.77,0,0,0,0,0.0,0.0
T0000438,2024-03-09 17:04:54,A100149,0,payment,38.49,utilities,IN,mobile,normal transaction,0,17,5,0,8,3,2,1,46.22,24.69688948025642,5,46.22,24.69688948025642,5,1,-0.3129948689767092,0.0312994868976709,0.0213075609213673,1.0,1.0,0.0,0.1929066361958386,4.0,186.97,0,1,0,0,0.3,0.0
T0000439,2024-03-09 19:49:54,A100067,A100167,transfer,47.7,health,IN,mobile,normal transaction,0,19,5,1,2,3,2,2,54.98,40.51356809761391,3,54.98,40.51356809761391,3,3,-0.1796928822158193,0.0179692882215819,0.0018271216545639,3.0,3.0,0.0,0.4228760348886065,3.0,164.94,0,0,0,0,0.0,0.0
T0000440,2024-03-10 03:57:32,A100043,A100134,transfer,100.04,salary,GB,branch,normal transaction,0,3,6,1,5,2,1,2,62.82000000000001,52.6370287915266,2,62.82000000000001,52.6370287915266,2,1,0.70710676775291,0.070710676775291,0.0018039230819597,3.0,1.0,0.0,0.2833876691516034,2.0,125.64000000000001,0,0,0,0,0.0,0.0
T0000441,2024-03-10 04:55:50,A100008,A100146,transfer,108.53,electronics,NG,online,normal transaction,0,4,6,1,0,4,3,2,46.3925,41.44264741784723,4,46.3925,41.44264741784723,4,2,1.499361222610487,0.1499361222610487,0.0043994142415665,4.0,2.0,0.0,0.4293318271204911,3.0,161.13,0,1,1,0,0.5,0.0
T0000442,2024-03-10 06:55:59,A100112,A100080,transfer,44.82,salary,GB,mobile,normal transaction,0,6,6,1,5,2,2,2,1499.936,3280.3214547861007,5,1499.936,3280.3214547861007,5,3,-0.4435894529279582,0.0443589452927958,0.00763065486843,5.0,3.0,0.0,0.5768715525970871,2.0,69.13,0,0,0,0,0.0,0.0
T0000443,2024-03-11 12:41:59,A100176,0,deposit,15.58,health,RU,mobile,normal transaction,0,12,0,0,2,5,2,0,31.49,23.07923958885994,3,31.49,23.07923958885994,3,1,-0.6893641035866472,0.0689364103586647,0.0011509404096206,2.0,1.0,0.0,0.2120337790895429,3.0,94.47,0,0,1,0,0.2,0.0
T0000444,2024-03-12 03:49:09,A100188,A100186,transfer,45.67,grocery,GB,branch,normal transaction,0,3,1,1,1,2,1,2,29.126666666666665,15.130420791681022,3,29.126666666666665,15.130420791681022,3,3,1.0933821648269686,0.1093382164826968,0.0020629947019545,3.0,3.0,0.0,0.4234680155189398,2.0,71.39,0,0,0,0,0.0,0.0
T0000445,2024-03-12 07:10:02,A100143,A100083,transfer,50.5,other,RU,atm,normal transaction,0,7,1,1,3,5,0,2,41.924,25.57568826053368,5,41.924,25.57568826053368,5,1,0.3353184312116971,0.0335318431211697,0.0020223782314819,1.0,1.0,0.0,0.144505792050455,3.0,128.95,0,1,1,0,0.5,0.0
T0000446,2024-03-12 15:35:56,A100044,A100117,transfer,108.8,remittance,AE,atm,normal transaction,0,15,1,1,4,0,0,2,65.94,51.54232096054658,5,65.94,51.54232096054658,5,5,0.8315496541426185,0.0831549654142618,0.0067860529561936,4.0,5.0,0.0277777777777777,0.6677052480764735,1.0,108.8,0,0,1,0,0.2,0.0
T0000447,2024-03-12 22:11:48,A100156,0,payment,9.7,other,NG,branch,normal transaction,0,22,1,0,3,4,1,1,32.262,25.286964428337377,5,32.262,25.286964428337377,5,2,-0.8922383377293784,0.0892238337729378,0.0015683567840875,1.0,2.0,0.0,0.2130813867378177,3.0,83.53999999999999,0,0,1,0,0.2,0.0
T0000448,2024-03-13 04:35:27,A100071,A100142,transfer,28.5,utilities,NG,atm,normal transaction,0,4,2,1,8,4,0,2,59.90888888888888,64.24285358007621,9,59.90888888888888,64.24285358007621,9,6,-0.4889086746563997,0.0488908674656399,0.0009600147847909,0.0,6.0,0.0,0.4206998198567787,5.0,274.34,1,1,1,0,0.8,0.0
T0000449,2024-03-13 07:44:10,A100197,0,deposit,37.55,utilities,NG,mobile,normal transaction,0,7,2,0,8,4,2,0,75.69833333333334,62.819306400713046,6,75.69833333333334,62.819306400713046,6,2,-0.6072708361776737,0.0607270836177673,0.0009828815154394,1.0,2.0,0.0,0.2116119945269949,3.0,193.85,0,0,1,0,0.2,0.0
T0000450,2024-03-13 09:18:20,A100081,A100122,transfer,163.12,remittance,CN,atm,normal transaction,0,9,2,1,4,1,0,2,107.2825,98.7534338221546,4,107.2825,98.7534338221546,4,3,0.5654233708483958,0.0565423370848395,0.0010985040090594,1.0,3.0,0.0,0.2816172488681319,1.0,163.12,0,0,0,0,0.0,0.0
T0000451,2024-03-13 11:16:23,A100031,A100146,transfer,14.2,salary,RU,atm,normal transaction,0,11,2,1,5,5,0,2,38.825,34.82500897343747,2,38.825,34.82500897343747,2,1,-0.7071067608819797,0.0707106760881979,0.0009600147847909,0.0,1.0,0.0,0.0721244616278777,2.0,77.65,0,0,1,0,0.2,0.0
T0000452,2024-03-13 12:21:28,A100197,A100037,transfer,171.06,utilities,IN,atm,normal transaction,0,12,2,1,8,3,0,2,75.69833333333334,62.819306400713046,6,75.69833333333334,62.819306400713046,6,2,1.5180311692768558,0.1518031169276855,0.0009828815154394,1.0,2.0,0.0,0.2116119945269949,4.0,364.90999999999997,0,1,0,0,0.3,0.0
T0000453,2024-03-13 16:13:21,A100182,A100020,transfer,90.91,remittance,UA,atm,normal transaction,0,16,2,1,4,6,0,2,109.8275,60.11029882640744,4,109.8275,60.11029882640744,4,2,-0.3147131199583409,0.0314713119958341,0.0037862332192774,4.0,2.0,0.0666666666666666,0.4835649579166896,3.0,364.81,0,1,1,0,0.5,0.0
T0000454,2024-03-13 18:07:59,A100191,0,payment,2.72,other,NG,branch,normal transaction,0,18,2,0,3,4,1,1,35.85666666666666,34.035356126632,6,35.85666666666666,34.035356126632,6,2,-0.9735953862149392,0.0973595386214939,0.0272679321573697,3.0,2.0,0.0,0.4170108486123,5.0,150.34,1,1,1,0,0.8,0.0
T0000455,2024-03-13 18:14:13,A100137,A100069,transfer,327.32,utilities,GB,online,normal transaction,0,18,2,1,8,2,3,2,135.2375,133.4397043299582,4,135.2375,133.4397043299582,4,3,1.4394703549819368,0.1439470354981936,0.0047133027291921,3.0,3.0,0.0,0.430119606423021,3.0,444.39,0,1,0,0,0.3,0.006666666666666667
T0000456,2024-03-13 20:09:01,A100157,A100189,transfer,92.07,health,NG,online,normal transaction,0,20,2,1,2,4,3,2,54.12,30.12394272003583,9,54.12,30.12394272003583,9,5,1.2597952098403022,0.1259795209840302,0.0009611095630294,1.0,5.0,0.0666666666666666,0.4764746247849631,5.0,334.74,1,1,1,0,0.8,0.0
T0000457,2024-03-13 23:53:43,A100171,0,payment,379.84,health,NG,online,normal transaction,0,23,2,0,2,4,3,1,827.78875,2093.1817233814686,8,827.78875,2093.1817233814686,8,6,-0.2140037555183452,0.0214003755518345,0.0011773422261445,2.0,6.0,0.0714285714285714,0.6204311747779263,5.0,549.76,1,0,1,0,0.5,0.0
T0000458,2024-03-14 06:36:05,A100025,A100105,transfer,70.73,remittance,UA,online,normal transaction,0,6,3,1,4,6,3,2,2292.535714285714,2700.483736765335,14,2292.535714285714,2700.483736765335,14,6,-0.8227436007906757,0.0822743600790675,0.001756238540369,2.0,6.0,0.0714285714285714,0.6218840555067054,5.0,214.52,1,0,1,0,0.5,0.14
T0000459,2024-03-14 07:43:03,A100174,0,payment,43.87,travel,IN,branch,normal transaction,0,7,3,0,7,3,1,1,62.17428571428571,69.56584072113334,7,62.17428571428571,69.56584072113334,7,5,-0.2631217456932613,0.0263121745693261,0.0029874908133129,1.0,5.0,0.0,0.4257882627739653,3.0,219.48999999999998,0,1,0,0,0.3,0.0
T0000460,2024-03-14 07:57:58,A100104,0,payment,15.58,other,UA,branch,normal transaction,0,7,3,0,3,6,1,1,511.62777777777774,1407.0761544047446,9,511.62777777777774,1407.0761544047446,9,3,-0.3525379744887297,0.0352537974488729,0.0127125465648042,1.0,3.0,0.0,0.310765505987484,4.0,274.46000000000004,0,0,1,0,0.2,0.006666666666666667
T0000461,2024-03-14 10:37:38,A100193,0,withdrawal,25.01,utilities,AE,atm,normal transaction,0,10,3,0,8,0,0,3,28.910000000000004,5.51543289325507,2,28.910000000000004,5.51543289325507,2,0,-0.707106652981443,0.0707106652981443,0.0027915234543878,3.0,0.0,0.0,0.2161512202117875,1.0,25.01,0,0,1,0,0.2,0.0
T0000462,2024-03-14 11:58:06,A100165,A100015,transfer,39.64,electronics,NG,online,normal transaction,0,11,3,1,0,4,3,2,24.22,15.510783345788823,3,24.22,15.510783345788823,3,2,0.994147017728767,0.0994147017728767,0.001529327358947,2.0,2.0,0.0,0.2826985045734793,1.0,39.64,0,0,1,0,0.2,0.0
T0000463,2024-03-14 13:27:36,A100044,A100106,transfer,133.22,travel,IN,mobile,normal transaction,0,13,3,1,7,3,2,2,65.94,51.54232096054658,5,65.94,51.54232096054658,5,5,1.3053350613792667,0.1305335061379266,0.0067860529561936,4.0,5.0,0.0277777777777777,0.6677052480764735,2.0,242.01999999999998,0,1,0,0,0.3,0.0
T0000464,2024-03-14 18:29:50,A100126,0,withdrawal,12.4,travel,CN,online,normal transaction,0,18,3,0,7,1,3,3,3737.764545454545,2930.546239714922,11,3737.764545454545,2930.546239714922,11,2,-1.271218482649065,0.1271218482649065,0.0013805348552887,1.0,2.0,0.0,0.2126100020457949,2.0,47.41,0,0,0,0,0.0,0.013333333333333334
T0000465,2024-03-14 19:17:47,A100002,A100076,transfer,26.45,electronics,AE,atm,normal transaction,0,19,3,1,0,0,0,2,8251.873333333333,14235.819388620852,3,8251.873333333333,14235.819388620852,3,2,-0.5777976741774611,0.0577797674177461,0.0257786627159416,8.0,2.0,0.0444444444444444,0.7990298954564918,1.0,26.45,0,0,1,0,0.2,0.02666666666666667
T0000466,2024-03-14 20:05:49,A100116,A100164,transfer,18.15,other,GB,mobile,normal transaction,0,20,3,1,3,2,2,2,35.215,29.58192522470436,4,35.215,29.58192522470436,4,1,-0.5768725089223141,0.0576872508922314,0.0019668669470164,2.0,1.0,0.0,0.2140815446619836,4.0,140.86,0,1,0,0,0.3,0.0
T0000467,2024-03-14 23:26:52,A100069,0,withdrawal,45.59,health,US,atm,normal transaction,0,23,3,0,2,7,0,3,1201.3100000000002,2757.513036320953,6,1201.3100000000002,2757.513036320953,6,3,-0.4191167854360659,0.0419116785436066,0.0041915772830687,3.0,3.0,0.0,0.4288102098562079,3.0,188.84,0,0,0,0,0.0,0.0
T0000468,2024-03-15 12:37:38,A100041,A100187,transfer,41.43,other,CN,branch,normal transaction,0,12,4,1,3,1,1,2,64.19500000000001,38.281538500953694,6,64.19500000000001,38.281538500953694,6,4,-0.5946730538209644,0.0594673053820964,0.0053835347979329,1.0,4.0,0.0,0.362086644738137,4.0,186.48000000000002,0,0,0,0,0.0,0.0
T0000469,2024-03-15 12:48:17,A100003,A100188,transfer,129.56,remittance,CN,branch,normal transaction,0,12,4,1,4,1,1,2,159.408,129.09829518626495,5,159.408,129.09829518626495,5,2,-0.2312036710146418,0.0231203671014641,0.0011196116441272,1.0,2.0,0.0,0.2119551519528288,2.0,511.69,0,1,0,0,0.3,0.0
T0000470,2024-03-16 00:54:05,A100044,A100156,transfer,34.77,salary,RU,atm,normal transaction,0,0,5,1,5,5,0,2,65.94,51.54232096054658,5,65.94,51.54232096054658,5,5,-0.604745747074788,0.0604745747074788,0.0067860529561936,4.0,5.0,0.0277777777777777,0.6677052480764735,3.0,276.79,0,1,1,0,0.5,0.0
T0000471,2024-03-16 01:56:12,A100022,0,withdrawal,34.49,salary,US,branch,normal transaction,0,1,5,0,5,7,1,3,113.862,107.37644234188429,5,113.862,107.37644234188429,5,2,-0.7391937889699071,0.0739193788969907,0.0021618918331127,1.0,2.0,0.0,0.2145710069226324,2.0,330.33,0,0,0,0,0.0,0.0
T0000472,2024-03-16 05:42:47,A100035,A100122,transfer,9.55,remittance,NG,online,normal transaction,0,5,5,1,4,4,3,2,54.12571428571429,44.52025376430479,7,54.12571428571429,44.52025376430479,7,2,-1.0012457143765934,0.1001245714376593,0.0241048978089697,3.0,2.0,0.0,0.4090724466284962,5.0,256.0,1,1,1,0,0.8,0.0
T0000473,2024-03-16 11:46:44,A100066,0,withdrawal,16.56,salary,NG,mobile,normal transaction,0,11,5,0,5,4,2,3,41.415,32.80617878794582,4,41.415,32.80617878794582,4,2,-0.7576316462525952,0.0757631646252595,0.0029909254732373,2.0,2.0,0.0,0.2863667395946622,2.0,34.93,0,0,1,0,0.2,0.0
T0000474,2024-03-16 18:41:47,A100192,A100068,transfer,16.89,remittance,CN,online,normal transaction,0,18,5,1,4,1,3,2,27.23,19.782727314503425,3,27.23,19.782727314503425,3,2,-0.52267815822044,0.052267815822044,0.0017575987557611,2.0,2.0,0.0,0.2832714070176879,3.0,81.69,0,0,0,0,0.0,0.0
T0000475,2024-03-16 22:36:27,A100066,A100167,transfer,43.77,remittance,NG,online,normal transaction,0,22,5,1,4,4,3,2,41.415,32.80617878794582,4,41.415,32.80617878794582,4,2,0.0717852555592381,0.0071785255559238,0.0029909254732373,2.0,2.0,0.0,0.2863667395946622,3.0,78.7,0,0,1,0,0.2,0.0
T0000476,2024-03-17 02:08:27,A100170,0,withdrawal,62.41,electronics,UA,atm,normal transaction,0,2,6,0,0,6,0,3,39.575,32.293566696789625,2,39.575,32.293566696789625,2,0,0.7071067592903363,0.0707106759290336,0.0013251986275427,2.0,0.0,0.0,0.1427560507130656,2.0,79.14999999999999,0,0,1,0,0.2,0.0
T0000477,2024-03-17 03:07:04,A100040,0,deposit,50.09,salary,CN,online,normal transaction,0,3,6,0,5,1,3,0,27.068,17.052630882066264,5,27.068,17.052630882066264,5,2,1.350055531557656,0.1350055531557656,0.0013586076634765,1.0,2.0,0.0,0.2125549704388605,4.0,123.95,0,1,0,0,0.3,0.0
T0000478,2024-03-17 03:12:48,A100163,A100075,transfer,86.82,remittance,NG,branch,normal transaction,0,3,6,1,4,4,1,2,42.3625,38.96269957707414,4,42.3625,38.96269957707414,4,2,1.1410271706412216,0.1141027170641221,0.0009946109666518,2.0,2.0,0.1666666666666666,0.4207866473674743,2.0,150.10999999999999,0,1,1,0,0.5,0.0
T0000479,2024-03-17 04:16:08,A100034,A100122,transfer,302.03,travel,UA,atm,normal transaction,0,4,6,1,7,6,0,2,106.2975,130.69395634458388,4,106.2975,130.69395634458388,4,3,1.4976400131793193,0.1497640013179319,0.002536396466229,3.0,3.0,0.0,0.4246561320838306,4.0,425.18999999999994,0,1,1,0,0.5,0.0
T0000480,2024-03-17 07:52:45,A100106,A100179,transfer,14.83,other,NG,branch,normal transaction,0,7,6,1,3,4,1,2,30.572000000000003,21.46311650250261,5,30.572000000000003,21.46311650250261,5,3,-0.7334442444423311,0.0733444244442331,0.0032972850829053,2.0,3.0,0.0,0.356850694997388,4.0,131.3,0,1,1,0,0.5,0.0
T0000481,2024-03-17 10:06:54,A100174,A100193,transfer,170.57,electronics,UA,atm,normal transaction,0,10,6,1,0,6,0,2,62.17428571428571,69.56584072113334,7,62.17428571428571,69.56584072113334,7,5,1.5581744086449378,0.1558174408644937,0.0029874908133129,1.0,5.0,0.0,0.4257882627739653,4.0,390.05999999999995,0,1,1,0,0.5,0.0
T0000482,2024-03-17 14:49:52,A100019,0,payment,58.5,electronics,IN,branch,normal transaction,0,14,6,0,0,3,1,1,90.68,27.029954988247145,4,90.68,27.029954988247145,4,3,-1.190530980294313,0.1190530980294312,0.0095993329821065,5.0,3.0,0.0357142857142857,0.6116903157320063,1.0,58.5,0,0,0,0,0.0,0.0
T0000483,2024-03-17 16:06:46,A100146,0,deposit,168.75,travel,GB,atm,normal transaction,0,16,6,0,7,2,0,0,923.3125,1702.373368220086,4,923.3125,1702.373368220086,4,2,-0.4432414848839477,0.0443241484883947,0.0080708580844685,3.0,2.0,0.1,0.4524892203894964,2.0,189.94,0,0,0,0,0.0,0.0
T0000484,2024-03-17 16:28:15,A100133,0,payment,18.51,other,US,branch,normal transaction,0,16,6,0,3,7,1,1,47.205000000000005,40.58085817229597,2,47.205000000000005,40.58085817229597,2,0,-0.7071067637619095,0.0707106763761909,0.0038874440856352,2.0,0.0,0.0,0.1491866272377254,1.0,18.51,0,0,0,0,0.0,0.0
T0000485,2024-03-17 17:29:56,A100183,A100149,transfer,12.0,other,US,mobile,normal transaction,0,17,6,1,3,7,2,2,31.973333333333333,18.705478698320803,3,31.973333333333333,18.705478698320803,3,1,-1.0677797979768646,0.1067779797976864,0.0239382061636712,1.0,1.0,0.0,0.199508878571345,2.0,61.08,0,0,0,0,0.0,0.0
T0000486,2024-03-17 17:47:12,A100014,A100116,transfer,41.84,travel,RU,mobile,normal transaction,0,17,6,1,7,5,2,2,36.31666666666667,10.810801697068232,3,36.31666666666667,10.810801697068232,3,3,0.5109087167811507,0.051090871678115,0.0010169883468254,1.0,3.0,0.0,0.2814126655397478,2.0,85.09,0,0,1,0,0.2,0.0
T0000487,2024-03-18 02:16:13,A100144,A100014,transfer,6.99,other,CN,online,normal transaction,0,2,0,1,3,1,3,2,34.052,34.054596165569194,5,34.052,34.054596165569194,5,4,-0.7946651040512369,0.0794665104051236,0.0013647609208853,2.0,4.0,0.0,0.421715628468321,2.0,33.74,0,0,0,0,0.0,0.0
T0000488,2024-03-18 05:18:56,A100101,A100065,transfer,113.03,grocery,NG,online,normal transaction,0,5,0,1,1,4,3,2,67.79363636363637,56.52898588737061,11,67.79363636363637,56.52898588737061,11,7,0.800233050815034,0.0800233050815034,0.0014334542607509,2.0,7.0,0.0,0.631033246005633,5.0,481.9,1,1,1,0,0.8,0.0
T0000489,2024-03-19 01:52:24,A100011,A100108,transfer,9.88,remittance,US,online,normal transaction,0,1,1,1,4,7,3,2,47.64142857142857,40.75138256491896,7,47.64142857142857,40.75138256491896,7,5,-0.92662936244294,0.092662936244294,0.0077230962293489,3.0,5.0,0.0714285714285714,0.636859332313052,5.0,239.32,1,1,0,0,0.6,0.0
T0000490,2024-03-19 05:08:13,A100017,A100120,transfer,16.36,grocery,CN,mobile,normal transaction,0,5,1,1,1,1,2,2,32.586,17.894505581323003,5,32.586,17.894505581323003,5,3,-0.9067587265544124,0.0906758726554412,0.0025198183008551,4.0,3.0,0.0,0.494329596802086,3.0,90.63,0,0,0,0,0.0,0.0
T0000491,2024-03-19 08:26:30,A100046,0,payment,31.32,travel,RU,atm,normal transaction,0,8,1,0,7,5,0,1,1027.1866666666667,2337.282116561884,9,1027.1866666666667,2337.282116561884,9,3,-0.4260789312440796,0.0426078931244079,0.0011784145803266,1.0,3.0,0.0,0.2818178038313734,4.0,103.81,0,0,1,0,0.2,0.0
T0000492,2024-03-19 09:12:45,A100097,A100114,transfer,39.23,salary,RU,online,normal transaction,0,9,1,1,5,5,3,2,67.045,62.7100533407523,6,67.045,62.7100533407523,6,4,-0.4435492887449844,0.0443549288744984,0.0024227286700615,4.0,4.0,0.0357142857142857,0.5936788863156516,5.0,362.44,1,1,1,0,0.8,0.0
T0000493,2024-03-19 09:37:09,A100174,A100169,transfer,8.05,travel,AE,online,normal transaction,0,9,1,1,7,0,3,2,62.17428571428571,69.56584072113334,7,62.17428571428571,69.56584072113334,7,5,-0.7780296245282595,0.0778029624528259,0.0029874908133129,1.0,5.0,0.0,0.4257882627739653,5.0,398.10999999999996,1,1,1,0,0.8,0.0
T0000494,2024-03-19 15:15:51,A100045,A100137,transfer,98.62,salary,GB,branch,normal transaction,0,15,1,1,5,2,1,2,640.21,1781.6826732614315,9,640.21,1781.6826732614315,9,8,-0.3039766889042167,0.0303976688904216,0.0009887221997201,1.0,8.0,0.0277777777777777,0.6531554402309674,3.0,164.37,0,0,0,0,0.0,0.0
T0000495,2024-03-20 01:44:35,A100000,0,withdrawal,60.89,grocery,CN,mobile,normal transaction,0,1,2,0,1,1,2,3,31.478,16.984412559756077,5,31.478,16.984412559756077,5,1,1.7317053601244508,0.1731705360124451,0.0020187905130096,3.0,1.0,0.0,0.2839269310922032,3.0,104.05,0,1,0,0,0.3,0.0
T0000496,2024-03-20 03:46:54,A100172,0,withdrawal,111.4,salary,RU,branch,normal transaction,0,3,2,0,5,5,1,3,50.626666666666665,55.44548794386549,3,50.626666666666665,55.44548794386549,3,1,1.0960915755448004,0.10960915755448,0.0016656982628437,2.0,1.0,0.0,0.2133256887917791,3.0,151.88,0,0,1,0,0.2,0.0
T0000497,2024-03-20 06:43:31,A100063,A100117,transfer,38.16,remittance,GB,atm,normal transaction,0,6,2,1,4,2,0,2,46.53,52.87252310983465,7,46.53,52.87252310983465,7,4,-0.1583052850401579,0.0158305285040157,0.0038483293057302,4.0,4.0,0.0357142857142857,0.5972567769319926,5.0,300.26,1,1,0,0,0.6,0.0
T0000498,2024-03-20 07:05:55,A100048,0,payment,37.85,electronics,IN,mobile,normal transaction,0,7,2,0,0,3,2,1,41.14,12.56066081064209,4,41.14,12.56066081064209,4,1,-0.2619288736213349,0.0261928873621334,0.0069767241587968,3.0,1.0,0.0,0.2963700682681219,3.0,137.81,0,1,0,0,0.3,0.0
T0000499,2024-03-20 13:11:31,A100157,A100196,transfer,28.43,grocery,NG,branch,normal transaction,0,13,2,1,1,4,1,2,54.12,30.12394272003583,9,54.12,30.12394272003583,9,5,-0.8528099852647527,0.0852809985264752,0.0009611095630294,1.0,5.0,0.0666666666666666,0.4764746247849631,5.0,278.76,1,1,1,0,0.8,0.0
T0000500,2024-03-20 13:20:21,A100017,A100025,transfer,15.09,grocery,UA,online,normal transaction,0,13,2,1,1,6,3,2,32.586,17.894505581323003,5,32.586,17.894505581323003,5,3,-0.9777302280165168,0.0977730228016516,0.0025198183008551,4.0,3.0,0.0,0.494329596802086,4.0,105.72,0,1,1,0,0.5,0.0
T0000501,2024-03-20 13:42:21,A100062,0,payment,8.75,grocery,RU,mobile,normal transaction,0,13,2,0,1,5,2,1,56.871428571428574,59.561764421081264,7,56.871428571428574,59.561764421081264,7,1,-0.8079248194076615,0.0807924819407661,0.0023029452580817,3.0,1.0,0.0,0.284640086355006,5.0,229.01,1,1,1,0,0.8,0.0
T0000502,2024-03-20 16:56:01,A100059,A100138,transfer,10.99,health,IN,branch,normal transaction,0,16,2,1,2,3,1,2,14.2725,9.372948219921698,4,14.2725,9.372948219921698,4,2,-0.3502099417143136,0.0350209941714313,0.0009827517104457,2.0,2.0,0.0,0.2813267403956553,2.0,20.759999999999998,0,0,0,0,0.0,0.0
T0000503,2024-03-20 20:36:16,A100128,A100074,transfer,3.85,health,AE,atm,normal transaction,0,20,2,1,2,0,0,2,55.67666666666667,46.5626329438818,6,55.67666666666667,46.5626329438818,6,4,-1.1130527265517065,0.1113052726551706,0.0017180321337484,1.0,4.0,0.0,0.352887176627486,4.0,136.82,0,0,1,0,0.2,0.0
T0000504,2024-03-21 06:40:37,A100060,A100077,transfer,35.94,travel,NG,mobile,normal transaction,0,6,3,1,7,4,2,2,40.076,32.51319316831246,5,40.076,32.51319316831246,5,2,-0.1272098944997219,0.0127209894499721,0.0057399168279025,4.0,2.0,0.0666666666666666,0.4884682008556349,3.0,139.37,0,1,1,0,0.5,0.0
T0000505,2024-03-21 08:35:35,A100076,0,payment,30.0,utilities,IN,branch,normal transaction,0,8,3,0,8,3,1,1,68.21333333333332,68.25519281832457,6,68.21333333333332,68.25519281832457,6,2,-0.5598597146327953,0.0559859714632795,0.0026448830076643,3.0,2.0,0.1,0.4388714197053023,2.0,229.87,0,1,0,0,0.3,0.0
T0000506,2024-03-21 16:41:40,A100160,0,payment,16.98,salary,UA,online,normal transaction,0,16,3,0,5,6,3,1,83.14750000000001,84.9639415533773,8,83.14750000000001,84.9639415533773,8,1,-0.7787715354478906,0.077877153544789,0.0009600147847909,0.0,1.0,0.0,0.0721244616278777,5.0,291.86,1,1,1,0,0.8,0.0
T0000507,2024-03-21 17:01:55,A100088,A100164,transfer,89.3,salary,AE,mobile,normal transaction,0,17,3,1,5,0,2,2,46.15166666666667,27.523971673191834,6,46.15166666666667,27.523971673191834,6,5,1.5676637179399435,0.1567663717939943,0.0009990320634662,1.0,5.0,0.0,0.4207977431823965,5.0,234.84,1,1,1,0,0.8,0.0
T0000508,2024-03-21 17:47:39,A100104,A100038,transfer,34.06,utilities,RU,branch,normal transaction,0,17,3,1,8,5,1,2,511.62777777777774,1407.0761544047446,9,511.62777777777774,1407.0761544047446,9,3,-0.3394043570018465,0.0339404357001846,0.0127125465648042,1.0,3.0,0.0,0.310765505987484,5.0,308.52000000000004,1,0,1,0,0.5,0.013333333333333334
T0000509,2024-03-21 21:53:29,A100193,0,payment,32.81,other,NG,branch,normal transaction,0,21,3,0,3,4,1,1,28.910000000000004,5.51543289325507,2,28.910000000000004,5.51543289325507,2,0,0.7071066529814425,0.0707106652981442,0.0027915234543878,3.0,0.0,0.0,0.2161512202117875,2.0,57.82000000000001,0,0,1,0,0.2,0.0
T0000510,2024-03-21 22:27:36,A100076,0,payment,32.3,travel,UA,online,normal transaction,0,22,3,0,7,6,3,1,68.21333333333332,68.25519281832457,6,68.21333333333332,68.25519281832457,6,2,-0.5261626452768438,0.0526162645276843,0.0026448830076643,3.0,2.0,0.1,0.4388714197053023,3.0,262.17,0,1,1,0,0.5,0.0
T0000511,2024-03-22 02:11:17,A100143,0,payment,75.02,salary,RU,branch,normal transaction,0,2,4,0,5,5,1,1,41.924,25.57568826053368,5,41.924,25.57568826053368,5,1,1.294041371196633,0.1294041371196633,0.0020223782314819,1.0,1.0,0.0,0.144505792050455,4.0,203.97,0,1,1,0,0.5,0.0
T0000512,2024-03-22 02:57:24,A100099,A100062,transfer,11.41,utilities,NG,atm,normal transaction,0,2,4,1,8,4,0,2,19.69,11.036797542765743,3,19.69,11.036797542765743,3,1,-0.7502175533889094,0.0750217553388909,0.0009685489232786,1.0,1.0,0.0,0.1418609517643977,1.0,11.41,0,0,1,0,0.2,0.0
T0000513,2024-03-22 04:47:21,A100165,0,deposit,24.4,electronics,UA,atm,normal transaction,0,4,4,0,0,6,0,0,24.22,15.510783345788823,3,24.22,15.510783345788823,3,2,0.0116048290007248,0.0011604829000724,0.001529327358947,2.0,2.0,0.0,0.2826985045734793,2.0,64.03999999999999,0,0,1,0,0.2,0.0
T0000514,2024-03-22 04:53:37,A100023,0,deposit,35.05,health,IN,atm,normal transaction,0,4,4,0,2,3,0,0,27.156666666666663,15.310732619092178,3,27.156666666666663,15.310732619092178,3,2,0.5155424638497076,0.0515542463849707,0.0026991317108919,3.0,2.0,0.0,0.3553494840107252,2.0,44.559999999999995,0,0,0,0,0.0,0.0
T0000515,2024-03-22 18:23:53,A100096,A100172,transfer,56.24,grocery,US,branch,normal transaction,0,18,4,1,1,7,1,2,37.41,20.8341610502239,4,37.41,20.8341610502239,4,4,0.9038040481113394,0.0903804048111339,0.0009628187255515,1.0,4.0,0.0,0.350991785380515,1.0,56.24,0,0,0,0,0.0,0.0
T0000516,2024-03-22 19:53:34,A100194,A100150,transfer,12.94,health,UA,branch,normal transaction,0,19,4,1,2,6,1,2,46.527142857142856,44.86537369891013,7,46.527142857142856,44.86537369891013,7,5,-0.7486205806269296,0.0748620580626929,0.0009600147847909,0.0,5.0,0.0,0.3509847482109984,5.0,261.36,1,1,1,0,0.8,0.0
T0000517,2024-03-22 23:59:18,A100085,0,withdrawal,28.67,utilities,IN,branch,normal transaction,0,23,4,0,8,3,1,3,42.2425,17.48667945418264,4,42.2425,17.48667945418264,4,0,-0.7761621787257851,0.0776162178725785,0.0011658192979341,2.0,0.0,0.0,0.1423560496232948,2.0,90.82,0,0,0,0,0.0,0.0
T0000518,2024-03-23 03:51:15,A100048,A100189,transfer,26.75,electronics,UA,branch,normal transaction,0,3,5,1,0,6,1,2,41.14,12.56066081064209,4,41.14,12.56066081064209,4,1,-1.1456402709455955,0.1145640270945595,0.0069767241587968,3.0,1.0,0.0,0.2963700682681219,4.0,164.56,0,1,1,0,0.5,0.0
T0000519,2024-03-23 04:05:37,A100178,0,payment,147.04,health,RU,branch,normal transaction,0,4,5,0,2,5,1,1,67.71,70.54372332107229,3,67.71,70.54372332107229,3,0,1.1245507770320986,0.1124550777032098,0.0016145859637045,3.0,0.0,0.0,0.2131974100783061,2.0,159.07,0,0,1,0,0.2,0.0
T0000520,2024-03-23 04:19:54,A100141,A100082,transfer,17.93,utilities,RU,mobile,normal transaction,0,4,5,1,8,5,2,2,25.9625,15.094826691855156,8,25.9625,15.094826691855156,8,6,-0.5321359186056932,0.0532135918605693,0.003100487294169,2.0,6.0,0.0,0.5655019981448353,5.0,101.31,1,1,1,0,0.8,0.0
T0000521,2024-03-23 09:02:39,A100136,0,deposit,24.47,remittance,CN,atm,normal transaction,0,9,5,0,4,1,0,0,32.15,10.86116015902537,2,32.15,10.86116015902537,2,1,-0.7071067160823868,0.0707106716082386,0.0040477803573318,6.0,1.0,0.0,0.4981643882347013,1.0,24.47,0,0,0,0,0.0,0.0
T0000522,2024-03-23 11:53:34,A100092,0,payment,51.26,other,UA,online,normal transaction,0,11,5,0,3,6,3,1,64.89666666666666,16.669860027406752,3,64.89666666666666,16.669860027406752,3,0,-0.818043212492699,0.0818043212492699,0.0029052926590231,4.0,0.0,0.0,0.2861518232746481,2.0,134.74,0,0,1,0,0.2,0.0
T0000523,2024-03-23 13:21:19,A100184,A100120,transfer,108.92,remittance,NG,atm,normal transaction,0,13,5,1,4,4,0,2,70.765,53.95931847234544,2,70.765,53.95931847234544,2,1,0.7071067680821054,0.0707106768082105,0.0045428982109619,3.0,1.0,0.0,0.290261791656362,1.0,108.92,0,0,1,0,0.2,0.0
T0000524,2024-03-23 16:21:00,A100080,A100105,transfer,8.44,grocery,NG,branch,normal transaction,0,16,5,1,1,4,1,2,12.294,7.541288351468866,5,12.294,7.541288351468866,5,2,-0.5110531926810807,0.051105319268108,0.0166800343015412,3.0,2.0,0.0,0.3904379505387976,5.0,61.47,1,1,1,0,0.8,0.0
T0000525,2024-03-23 18:11:02,A100004,A100066,transfer,26.45,salary,CN,branch,normal transaction,0,18,5,1,5,1,1,2,111.05666666666669,135.7268526612672,3,111.05666666666669,135.7268526612672,3,1,-0.6233598170471046,0.0623359817047104,0.0009600147847909,0.0,1.0,0.0,0.0721244616278777,2.0,65.56,0,0,0,0,0.0,0.0
T0000526,2024-03-24 01:12:51,A100050,A100084,transfer,18.61,health,RU,branch,normal transaction,0,1,6,1,2,5,1,2,62.586,50.17527408993398,5,62.586,50.17527408993398,5,3,-0.8764476113220622,0.0876447611322062,0.0031818627760854,2.0,3.0,0.0,0.356561014719367,4.0,227.02999999999997,0,1,1,0,0.5,0.0
T0000527,2024-03-24 01:17:30,A100127,0,withdrawal,2.48,remittance,CN,mobile,normal transaction,0,1,6,0,4,1,2,3,1187.0942105263157,1118.0985360836485,19,1187.0942105263157,1118.0985360836485,19,2,-1.0594899923723724,0.1059489992372372,0.0026067503189037,1.0,2.0,0.0,0.215687487206162,5.0,191.4,1,0,0,0,0.3,0.02
T0000528,2024-03-24 07:00:17,A100185,0,deposit,7.55,other,UA,branch,normal transaction,0,7,6,0,3,6,1,0,7.55,0.0,1,7.55,0.0,1,0,0.0,0.0,0.0,0.0,0.0,0.0,0.0,1.0,7.55,0,0,1,0,0.2,0.0
T0000529,2024-03-24 07:03:12,A100187,0,withdrawal,39.78,remittance,GB,branch,normal transaction,0,7,6,0,4,2,1,3,560.5400000000001,1125.7308155149703,5,560.5400000000001,1125.7308155149703,5,4,-0.4625972678016981,0.0462597267801698,0.0071633167097348,2.0,4.0,0.0,0.4362685108297421,3.0,198.84,0,0,0,0,0.0,0.0
T0000530,2024-03-24 21:57:04,A100184,0,payment,32.61,other,GB,online,normal transaction,0,21,6,0,3,2,3,1,70.765,53.95931847234544,2,70.765,53.95931847234544,2,1,-0.7071067680821054,0.0707106768082105,0.0045428982109619,3.0,1.0,0.0,0.290261791656362,2.0,141.53,0,0,0,0,0.0,0.0
T0000531,2024-03-24 22:24:57,A100134,A100008,transfer,59.1,electronics,IN,online,normal transaction,0,22,6,1,0,3,3,2,68.78,34.445680425853105,3,68.78,34.445680425853105,3,2,-0.2810221658943493,0.0281022165894349,0.0024933954584507,1.0,2.0,0.0,0.2154029956863183,2.0,99.31,0,0,0,0,0.0,0.0
T0000532,2024-03-25 00:50:20,A100105,0,payment,32.22,travel,NG,online,normal transaction,0,0,0,0,7,4,3,1,976.9714285714286,2464.683787597837,7,976.9714285714286,2464.683787597837,7,4,-0.3833154715189243,0.0383315471518924,0.020036178653738,4.0,4.0,0.0,0.6080062238589495,4.0,138.98,0,0,1,0,0.2,0.0
T0000533,2024-03-25 01:29:21,A100181,A100038,transfer,13.02,grocery,NG,mobile,normal transaction,0,1,0,1,1,4,2,2,40.987142857142864,25.057577506139545,7,40.987142857142864,25.057577506139545,7,3,-1.1161151445775346,0.1116115144577534,0.0031873189483451,1.0,3.0,0.0,0.2868596366614269,4.0,101.41,0,0,1,0,0.2,0.0
T0000534,2024-03-25 06:50:13,A100095,A100015,transfer,8.4,other,UA,online,normal transaction,0,6,0,1,3,6,3,2,3601.35625,10107.173301680255,8,3601.35625,10107.173301680255,8,3,-0.3554857666334074,0.0355485766633407,0.0230347649533767,7.0,3.0,0.0,0.7549620468642632,4.0,93.62,0,0,1,0,0.2,0.013333333333333334
T0000535,2024-03-25 09:17:51,A100001,0,payment,6.6,salary,IN,online,normal transaction,0,9,0,0,5,3,3,1,63.51249999999999,60.7939478210345,4,63.51249999999999,60.7939478210345,4,1,-0.9361540269005928,0.0936154026900592,0.0010224849264258,1.0,1.0,1.0,0.9785771769974132,3.0,107.12999999999998,0,0,0,0,0.0,0.0
T0000536,2024-03-25 18:12:11,A100135,0,payment,16.96,utilities,CN,online,normal transaction,0,18,0,0,8,1,3,1,34.715,20.515267241739743,6,34.715,20.515267241739743,6,1,-0.8654529782786956,0.0865452978278695,0.0143244164834472,2.0,1.0,0.0,0.2450958129087314,3.0,59.769999999999996,0,0,0,0,0.0,0.0
T0000537,2024-03-25 22:51:49,A100128,A100178,transfer,93.68,salary,GB,online,normal transaction,0,22,0,1,5,2,3,2,55.67666666666667,46.5626329438818,6,55.67666666666667,46.5626329438818,6,4,0.8161766230650892,0.0816176623065089,0.0017180321337484,1.0,4.0,0.0,0.352887176627486,5.0,230.5,1,1,0,0,0.6,0.0
T0000538,2024-03-26 00:02:21,A100024,0,payment,286.38,travel,NG,branch,normal transaction,0,0,1,0,7,4,1,1,100.0575,126.59644028039123,4,100.0575,126.59644028039123,4,3,1.4717830779091563,0.1471783077909156,0.0009600147847909,0.0,3.0,0.0,0.2115546049194381,2.0,356.62,0,1,1,0,0.5,0.0
T0000539,2024-03-26 04:20:48,A100158,0,payment,18.07,utilities,AE,atm,normal transaction,0,4,1,0,8,0,0,1,1869.3775,3692.639370408607,4,1869.3775,3692.639370408607,4,2,-0.5013507450346537,0.0501350745034653,0.0212981394389539,2.0,2.0,0.0,0.3323131339918264,3.0,69.21000000000001,0,0,1,0,0.2,0.0
T0000540,2024-03-26 08:23:47,A100101,A100020,transfer,34.19,remittance,RU,mobile,normal transaction,0,8,1,1,4,5,2,2,67.79363636363637,56.52898588737061,11,67.79363636363637,56.52898588737061,11,7,-0.5944496481175024,0.0594449648117502,0.0014334542607509,2.0,7.0,0.0,0.631033246005633,5.0,470.36,1,1,1,0,0.8,0.0
T0000541,2024-03-26 09:02:50,A100144,A100062,transfer,15.59,health,CN,online,normal transaction,0,9,1,1,2,1,3,2,34.052,34.054596165569194,5,34.052,34.054596165569194,5,4,-0.5421294490796665,0.0542129449079666,0.0013647609208853,2.0,4.0,0.0,0.421715628468321,3.0,49.33,0,0,0,0,0.0,0.0
T0000542,2024-03-26 11:55:07,A100167,A100166,transfer,22.98,grocery,US,mobile,normal transaction,0,11,1,1,1,7,2,2,419.275,1034.1869614892105,8,419.275,1034.1869614892105,8,5,-0.3831947359364767,0.0383194735936476,0.002260387364347,2.0,5.0,0.0,0.4936784919343575,3.0,71.17,0,0,0,0,0.0,0.0
T0000543,2024-03-26 12:12:51,A100097,0,deposit,39.83,salary,UA,online,normal transaction,0,12,1,0,5,6,3,0,67.045,62.7100533407523,6,67.045,62.7100533407523,6,4,-0.4339814450186859,0.0433981445018685,0.0024227286700615,4.0,4.0,0.0357142857142857,0.5936788863156516,5.0,366.84,1,1,1,0,0.8,0.0
T0000544,2024-03-27 00:45:15,A100163,A100002,transfer,8.61,travel,US,mobile,normal transaction,0,0,2,1,7,7,2,2,42.3625,38.96269957707414,4,42.3625,38.96269957707414,4,2,-0.8662772215501959,0.0866277221550196,0.0009946109666518,2.0,2.0,0.1666666666666666,0.4207866473674743,3.0,158.71999999999997,0,1,0,0,0.3,0.0
T0000545,2024-03-27 02:28:31,A100111,0,payment,12.53,remittance,US,online,normal transaction,0,2,2,0,4,7,3,1,42.46,34.29482468245027,4,42.46,34.29482468245027,4,1,-0.8727264071010022,0.0872726407101002,0.0062086676445132,3.0,1.0,0.0,0.2944424441309556,3.0,117.05,0,0,0,0,0.0,0.0
T0000546,2024-03-27 06:48:24,A100058,0,withdrawal,108.39,health,UA,atm,normal transaction,0,6,2,0,2,6,0,3,50.725,47.808839838116405,4,50.725,47.808839838116405,4,1,1.2061576685211244,0.1206157668521124,0.0009600147847909,0.0,1.0,0.0,0.0721244616278777,2.0,179.01999999999998,0,1,1,0,0.5,0.0
T0000547,2024-03-27 08:02:18,A100011,0,deposit,67.96,electronics,CN,online,normal transaction,0,8,2,0,0,1,3,0,47.64142857142857,40.75138256491896,7,47.64142857142857,40.75138256491896,7,5,0.4985983211147405,0.049859832111474,0.0077230962293489,3.0,5.0,0.0714285714285714,0.636859332313052,5.0,231.89999999999998,1,1,0,0,0.6,0.0
T0000548,2024-03-27 08:22:52,A100045,0,payment,89.66,remittance,IN,branch,normal transaction,0,8,2,0,4,3,1,1,640.21,1781.6826732614315,9,640.21,1781.6826732614315,9,8,-0.3090056427855324,0.0309005642785532,0.0009887221997201,1.0,8.0,0.0277777777777777,0.6531554402309674,4.0,254.03,0,0,0,0,0.0,0.0
T0000549,2024-03-27 12:18:03,A100150,A100036,transfer,15.54,salary,US,atm,normal transaction,0,12,2,1,5,7,0,2,98.085,116.73625850608713,2,98.085,116.73625850608713,2,1,-0.7071067751292455,0.0707106775129245,0.0021545055161207,4.0,1.0,0.0,0.353982612459934,2.0,196.17,0,0,0,0,0.0,0.0
T0000550,2024-03-27 13:13:19,A100041,0,deposit,124.99,health,RU,atm,normal transaction,0,13,2,0,2,5,0,0,64.19500000000001,38.281538500953694,6,64.19500000000001,38.281538500953694,6,4,1.588102275732287,0.1588102275732286,0.0053835347979329,1.0,4.0,0.0,0.362086644738137,5.0,311.47,1,1,1,0,0.8,0.0
T0000551,2024-03-27 17:21:07,A100098,A100193,transfer,57.76,travel,US,atm,normal transaction,0,17,2,1,7,7,0,2,74.00999999999999,29.275790908758264,4,74.00999999999999,29.275790908758264,4,3,-0.5550661123239702,0.055506611232397,0.0020837219463538,1.0,3.0,0.0,0.2840898922751986,3.0,182.05,0,0,0,0,0.0,0.0
T0000552,2024-03-27 17:31:24,A100013,0,payment,17.4,electronics,RU,branch,normal transaction,0,17,2,0,0,5,1,1,27.01333333333333,8.38886364970449,3,27.01333333333333,8.38886364970449,3,1,-1.145963576092741,0.114596357609274,0.0056774622368347,4.0,1.0,0.0,0.3628243269467582,3.0,81.03999999999999,0,0,1,0,0.2,0.0
T0000553,2024-03-28 09:09:55,A100019,A100087,transfer,83.75,salary,AE,online,normal transaction,0,9,3,1,5,0,3,2,90.68,27.029954988247145,4,90.68,27.029954988247145,4,3,-0.2563822154580358,0.0256382215458035,0.0095993329821065,5.0,3.0,0.0357142857142857,0.6116903157320063,2.0,142.25,0,0,1,0,0.2,0.0
T0000554,2024-03-28 12:39:30,A100162,A100069,transfer,56.73,other,UA,branch,normal transaction,0,12,3,1,3,6,1,2,68.56333333333333,48.15342923060274,6,68.56333333333333,48.15342923060274,6,5,-0.2457422716650609,0.024574227166506,0.0023996317027324,3.0,5.0,0.0,0.5637430310251029,5.0,375.94,1,1,1,0,0.8,0.0
T0000555,2024-03-28 13:12:23,A100091,A100141,transfer,96.79,salary,RU,branch,normal transaction,0,13,3,1,5,5,1,2,32.276,37.3156901316323,5,32.276,37.3156901316323,5,3,1.728870564729052,0.1728870564729052,0.0024095657007375,1.0,3.0,0.0,0.2849076762197576,3.0,117.97,0,1,1,0,0.5,0.0
T0000556,2024-03-28 23:44:07,A100174,0,withdrawal,11.65,salary,US,atm,normal transaction,0,23,3,0,5,7,0,3,62.17428571428571,69.56584072113334,7,62.17428571428571,69.56584072113334,7,5,-0.7262800889669533,0.0726280088966953,0.0029874908133129,1.0,5.0,0.0,0.4257882627739653,5.0,255.58999999999997,1,1,0,0,0.6,0.0
T0000557,2024-03-29 02:03:01,A100063,A100182,transfer,4.64,electronics,US,atm,normal transaction,0,2,4,1,0,7,0,2,46.53,52.87252310983465,7,46.53,52.87252310983465,7,4,-0.7922829618079112,0.0792282961807911,0.0038483293057302,4.0,4.0,0.0357142857142857,0.5972567769319926,5.0,293.45,1,1,0,0,0.6,0.0
T0000558,2024-03-29 13:30:51,A100039,0,withdrawal,26.54,salary,GB,mobile,normal transaction,0,13,4,0,5,2,2,3,37.26666666666667,9.676783212066567,3,37.26666666666667,9.676783212066567,3,2,-1.1084949743212156,0.1108494974321215,0.001001504108415,2.0,2.0,0.0,0.281373804087302,3.0,111.80000000000001,0,0,0,0,0.0,0.0
T0000559,2024-03-29 22:13:58,A100081,A100092,transfer,25.11,electronics,US,online,normal transaction,0,22,4,1,0,7,3,2,107.2825,98.7534338221546,4,107.2825,98.7534338221546,4,3,-0.8320976394186667,0.0832097639418666,0.0010985040090594,1.0,3.0,0.0,0.2816172488681319,2.0,188.23000000000002,0,0,0,0,0.0,0.0
T0000560,2024-03-29 23:34:47,A100078,0,payment,28.02,other,AE,atm,normal transaction,0,23,4,0,3,0,0,1,34.593333333333334,9.924889587966874,3,34.593333333333334,9.924889587966874,3,0,-0.6623078889456947,0.0662307888945694,0.0020748911668497,2.0,0.0,0.0,0.1446375860003088,3.0,103.78,0,0,1,0,0.2,0.0
T0000561,2024-03-30 05:12:23,A100026,A100033,transfer,43.93,electronics,GB,mobile,normal transaction,0,5,5,1,0,2,2,2,2573.386923076923,2424.7499487314303,13,2573.386923076923,2424.7499487314303,13,5,-1.0431825860464872,0.1043182586046487,0.0009704037756721,1.0,5.0,0.0,0.4207258935495487,5.0,326.14,1,0,0,0,0.3,0.04666666666666667
T0000562,2024-03-30 12:35:13,A100114,A100142,transfer,64.26,salary,US,online,normal transaction,0,12,5,1,5,7,3,2,104.3075,71.74713902542271,4,104.3075,71.74713902542271,4,2,-0.5581755591346172,0.0558175559134617,0.0032402492372152,5.0,2.0,0.0476190476190476,0.5359748767960654,3.0,317.65,0,1,0,0,0.3,0.0
T0000563,2024-03-30 13:22:05,A100022,A100090,transfer,107.07,electronics,AE,mobile,normal transaction,0,13,5,1,0,0,2,2,113.862,107.37644234188429,5,113.862,107.37644234188429,5,2,-0.0632540973477247,0.0063254097347724,0.0021618918331127,1.0,2.0,0.0,0.2145710069226324,3.0,437.4,0,1,1,0,0.5,0.0
T0000564,2024-03-31 06:04:47,A100003,0,payment,49.39,utilities,RU,mobile,normal transaction,0,6,6,0,8,5,2,1,159.408,129.09829518626495,5,159.408,129.09829518626495,5,2,-0.8522033462104285,0.0852203346210428,0.0011196116441272,1.0,2.0,0.0,0.2119551519528288,3.0,561.08,0,1,1,0,0.5,0.0
T0000565,2024-03-31 12:53:24,A100199,0,withdrawal,17.26,electronics,NG,branch,normal transaction,0,12,6,0,0,4,1,3,49.02111111111111,46.28122525507629,9,49.02111111111111,46.28122525507629,9,5,-0.6862633875788335,0.0686263387578833,0.001042986595808,1.0,5.0,0.0,0.4209080577437657,5.0,298.95,1,1,1,0,0.8,0.0
T0000566,2024-03-31 15:42:34,A100175,0,payment,45.1,salary,GB,branch,normal transaction,0,15,6,0,5,2,1,1,4568.722857142858,10138.80446468043,7,4568.722857142858,10138.80446468043,7,5,-0.4461692571796994,0.0446169257179699,0.0550128933801561,7.0,5.0,0.0303030303030303,0.9999999958170958,4.0,289.58,0,0,0,0,0.0,0.013333333333333334
T0000567,2024-03-31 19:16:45,A100068,A100077,transfer,181.67,utilities,UA,branch,normal transaction,0,19,6,1,8,6,1,2,59.54333333333333,68.89199537440228,6,59.54333333333333,68.89199537440228,6,1,1.7727264862953576,0.1772726486295357,0.0013370318109585,1.0,1.0,0.0,0.1427857489573321,2.0,284.76,0,1,1,0,0.5,0.0
T0000568,2024-03-31 20:41:30,A100016,A100042,transfer,70.34,salary,CN,mobile,normal transaction,0,20,6,1,5,1,2,2,39.235,34.260815810485305,4,39.235,34.260815810485305,4,1,0.9078884538001007,0.09078884538001,0.0011374023408904,1.0,1.0,0.0,0.1422847303762295,3.0,146.39,0,1,0,0,0.3,0.0
T0000569,2024-04-01 00:44:14,A100076,0,payment,48.48,other,US,atm,normal transaction,0,0,0,0,3,7,0,1,68.21333333333332,68.25519281832457,6,68.21333333333332,68.25519281832457,6,2,-0.2891110878075844,0.0289111087807584,0.0026448830076643,3.0,2.0,0.1,0.4388714197053023,4.0,310.65,0,1,0,0,0.3,0.0
T0000570,2024-04-01 01:26:05,A100064,A100063,transfer,26.87,other,NG,mobile,normal transaction,0,1,0,1,3,4,2,2,46.998000000000005,14.91650327657256,5,46.998000000000005,14.91650327657256,5,3,-1.3493778184753698,0.1349377818475369,0.0104934322671043,1.0,3.0,0.0,0.3051961003463284,4.0,174.58,0,1,1,0,0.5,0.0
T0000571,2024-04-01 07:52:26,A100027,0,withdrawal,14.15,travel,CN,online,normal transaction,0,7,0,0,7,1,3,3,86.375,155.1810511260039,8,86.375,155.1810511260039,8,5,-0.4654240901869563,0.0465424090186956,0.0011652423832275,1.0,5.0,0.0,0.4212148882990121,5.0,168.72,1,0,0,0,0.3,0.0
T0000572,2024-04-01 11:06:48,A100101,A100085,transfer,10.02,salary,AE,mobile,normal transaction,0,11,0,1,5,0,2,2,67.79363636363637,56.52898588737061,11,67.79363636363637,56.52898588737061,11,7,-1.0220178981580834,0.1022017898158083,0.0014334542607509,2.0,7.0,0.0,0.631033246005633,5.0,418.05,1,1,1,0,0.8,0.0
T0000573,2024-04-01 12:52:11,A100085,0,payment,51.66,salary,GB,atm,normal transaction,0,12,0,0,5,2,0,1,42.2425,17.48667945418264,4,42.2425,17.48667945418264,4,0,0.538552758751157,0.0538552758751157,0.0011658192979341,2.0,0.0,0.0,0.1423560496232948,3.0,142.48,0,1,0,0,0.3,0.0
T0000574,2024-04-01 16:06:05,A100082,0,deposit,15.11,health,UA,atm,normal transaction,0,16,0,0,2,6,0,0,53.09333333333333,56.750026842871776,6,53.09333333333333,56.750026842871776,6,4,-0.6693095100939994,0.0669309510093999,0.0015745770367533,2.0,4.0,0.0,0.4222422129081273,2.0,60.32,0,0,1,0,0.2,0.0
T0000575,2024-04-02 04:47:19,A100045,A100101,transfer,63.33,remittance,CN,mobile,normal transaction,0,4,1,1,4,1,2,2,640.21,1781.6826732614315,9,640.21,1781.6826732614315,9,8,-0.3237838074836398,0.0323783807483639,0.0009887221997201,1.0,8.0,0.0277777777777777,0.6531554402309674,5.0,317.36,1,0,0,0,0.3,0.0
T0000576,2024-04-02 06:22:20,A100147,0,deposit,68.2,health,AE,mobile,normal transaction,0,6,1,0,2,0,2,0,48.83166666666667,42.54309693318843,6,48.83166666666667,42.54309693318843,6,1,0.4552638212607418,0.0455263821260741,0.0035094406292274,1.0,1.0,0.0,0.1482379358680758,5.0,263.12,1,1,1,0,0.8,0.0
T0000577,2024-04-03 04:48:25,A100071,A100100,transfer,22.81,remittance,US,branch,normal transaction,0,4,2,1,4,7,1,2,59.90888888888888,64.24285358007621,9,59.90888888888888,64.24285358007621,9,6,-0.5774788360726805,0.057747883607268,0.0009600147847909,0.0,6.0,0.0,0.4206998198567787,5.0,290.54999999999995,1,1,0,0,0.6,0.006666666666666667
T0000578,2024-04-03 07:11:17,A100151,A100139,transfer,41.46,travel,IN,mobile,normal transaction,0,7,2,1,7,3,2,2,11739.095,16542.9540646902,2,11739.095,16542.9540646902,2,2,-0.7071067811438039,0.0707106781143804,0.042873576807083,8.0,2.0,0.0444444444444444,0.8419337292396176,1.0,41.46,0,0,0,0,0.0,0.02666666666666667
T0000579,2024-04-03 09:10:30,A100181,A100053,transfer,84.15,other,CN,online,normal transaction,0,9,2,1,3,1,3,2,40.987142857142864,25.057577506139545,7,40.987142857142864,25.057577506139545,7,3,1.7225470183514136,0.1722547018351413,0.0031873189483451,1.0,3.0,0.0,0.2868596366614269,5.0,185.56,1,1,0,0,0.6,0.0
T0000580,2024-04-03 13:55:58,A100104,0,deposit,7.2,other,GB,atm,normal transaction,0,13,2,0,3,2,0,0,511.62777777777774,1407.0761544047446,9,511.62777777777774,1407.0761544047446,9,3,-0.358493586747392,0.0358493586747392,0.0127125465648042,1.0,3.0,0.0,0.310765505987484,5.0,289.08000000000004,1,0,0,0,0.3,0.0
T0000581,2024-04-03 20:15:22,A100061,0,deposit,117.05,utilities,GB,mobile,normal transaction,0,20,2,0,8,2,2,0,61.5525,43.00580997570755,4,61.5525,43.00580997570755,4,1,1.2904651427535818,0.1290465142753581,0.0017760509694807,1.0,1.0,0.0,0.1438875740325811,3.0,203.03,0,1,0,0,0.3,0.0
T0000582,2024-04-03 23:48:18,A100096,A100018,transfer,18.84,other,UA,mobile,normal transaction,0,23,2,1,3,6,2,2,37.41,20.8341610502239,4,37.41,20.8341610502239,4,4,-0.8913245445261585,0.0891324544526158,0.0009628187255515,1.0,4.0,0.0,0.350991785380515,2.0,75.08,0,0,1,0,0.2,0.0
T0000583,2024-04-04 03:16:29,A100136,A100129,transfer,39.83,salary,IN,atm,normal transaction,0,3,3,1,5,3,0,2,32.15,10.86116015902537,2,32.15,10.86116015902537,2,1,0.7071067160823868,0.0707106716082386,0.0040477803573318,6.0,1.0,0.0,0.4981643882347013,2.0,64.3,0,0,0,0,0.0,0.0
T0000584,2024-04-04 06:33:52,A100179,A100137,transfer,92.21,electronics,US,branch,normal transaction,0,6,3,1,0,7,1,2,42.63666666666666,42.959377711197504,3,42.63666666666666,42.959377711197504,3,1,1.1539583397283135,0.1153958339728313,0.0014247046037241,3.0,1.0,0.0,0.2824359283899382,1.0,92.21,0,0,0,0,0.0,0.0
T0000585,2024-04-04 07:49:20,A100168,0,payment,59.89,remittance,GB,online,normal transaction,0,7,3,0,4,2,3,1,59.89,0.0,1,59.89,0.0,1,0,0.0,0.0,0.0017891754122388,3.0,0.0,0.0,0.2136355846511803,1.0,59.89,0,0,0,0,0.0,0.0
T0000586,2024-04-04 10:34:51,A100144,0,deposit,27.93,salary,AE,mobile,normal transaction,0,10,3,0,5,0,2,0,34.052,34.054596165569194,5,34.052,34.054596165569194,5,4,-0.1797701488065062,0.0179770148806506,0.0013647609208853,2.0,4.0,0.0,0.421715628468321,4.0,77.25999999999999,0,0,1,0,0.2,0.0
T0000587,2024-04-04 16:43:38,A100027,A100002,transfer,21.05,electronics,CN,branch,normal transaction,0,16,3,1,0,1,1,2,86.375,155.1810511260039,8,86.375,155.1810511260039,8,5,-0.4209598988087633,0.0420959898808763,0.0011652423832275,1.0,5.0,0.0,0.4212148882990121,5.0,178.42000000000002,1,0,0,0,0.3,0.0
T0000588,2024-04-04 22:56:36,A100130,A100191,transfer,10.57,health,UA,atm,normal transaction,0,22,3,1,2,6,0,2,47.456,21.581161460866745,5,47.456,21.581161460866745,5,1,-1.7091757715501013,0.1709175771550101,0.0284621825335371,4.0,1.0,0.0,0.4200081096316504,3.0,120.25999999999999,0,0,1,0,0.2,0.0
T0000589,2024-04-05 00:32:04,A100100,A100118,transfer,27.29,travel,AE,online,normal transaction,0,0,4,1,7,0,3,2,26.42,1.2303657992645929,2,26.42,1.2303657992645929,2,1,0.7071062064743688,0.0707106206474368,0.0012600075937229,2.0,1.0,0.0,0.2123075096454831,1.0,27.29,0,0,1,0,0.2,0.0
T0000590,2024-04-05 00:54:19,A100123,0,withdrawal,150.42,electronics,CN,mobile,normal transaction,0,0,4,0,0,1,2,3,1932.0075,3723.909825504864,4,1932.0075,3723.909825504864,4,2,-0.4784185393855623,0.0478418539385562,0.0393045134160559,3.0,2.0,0.1,0.5308776550807406,3.0,210.83999999999997,0,0,0,0,0.0,0.006666666666666667
T0000591,2024-04-06 02:31:37,A100021,0,payment,62.23,electronics,GB,atm,normal transaction,0,2,5,0,0,2,0,1,35.81333333333333,20.217495064094035,6,35.81333333333333,20.217495064094035,6,0,1.3066240538848064,0.1306624053884806,0.0107483395129891,1.0,0.0,0.0,0.0966906369777438,5.0,163.88,1,1,0,0,0.6,0.0
T0000592,2024-04-06 06:38:31,A100079,A100087,transfer,112.28,other,NG,mobile,normal transaction,0,6,5,1,3,4,2,2,50.64666666666667,42.194028803453534,6,50.64666666666667,42.194028803453534,6,1,1.4607121818046571,0.1460712181804657,0.003027057728813,2.0,1.0,0.0,0.2167423506091847,5.0,249.38,1,1,1,0,0.8,0.0
T0000593,2024-04-06 07:08:44,A100089,A100121,transfer,59.27,electronics,UA,mobile,normal transaction,0,7,5,1,0,6,2,2,51.95285714285715,53.52989716481987,7,51.95285714285715,53.52989716481987,7,4,0.136692635480329,0.0136692635480329,0.0014930399719955,2.0,4.0,0.0666666666666666,0.477809633181542,5.0,164.79,1,1,1,0,0.8,0.0
T0000594,2024-04-06 14:28:15,A100081,A100017,transfer,218.02,utilities,IN,online,normal transaction,0,14,5,1,8,3,3,2,107.2825,98.7534338221546,4,107.2825,98.7534338221546,4,3,1.1213534010176716,0.1121353401017671,0.0010985040090594,1.0,3.0,0.0,0.2816172488681319,3.0,406.25,0,1,0,0,0.3,0.0
T0000595,2024-04-06 15:17:11,A100005,A100087,transfer,154.97,electronics,GB,branch,normal transaction,0,15,5,1,0,2,1,2,61.49000000000001,81.55792358808554,3,61.49000000000001,81.55792358808554,3,1,1.1461792397504935,0.1146179239750493,0.0015138393537881,1.0,1.0,0.0,0.1432294903759038,2.0,159.83,0,0,0,0,0.0,0.0
T0000596,2024-04-06 16:54:55,A100132,0,deposit,38.13,travel,GB,atm,normal transaction,0,16,5,0,7,2,0,0,42.45333333333333,34.73736652847094,3,42.45333333333333,34.73736652847094,3,1,-0.1244577134346724,0.0124457713434672,0.0010214411913716,1.0,1.0,0.0,0.1419936977417437,1.0,38.13,0,0,0,0,0.0,0.0
T0000597,2024-04-06 18:20:04,A100143,0,payment,5.65,salary,UA,branch,normal transaction,0,18,5,0,5,6,1,1,41.924,25.57568826053368,5,41.924,25.57568826053368,5,1,-1.418299996941826,0.1418299996941825,0.0020223782314819,1.0,1.0,0.0,0.144505792050455,5.0,209.62,1,1,1,0,0.8,0.0
T0000598,2024-04-06 19:32:06,A100103,A100161,transfer,55.35,travel,GB,mobile,normal transaction,0,19,5,1,7,2,2,2,111.124,104.71567351643208,5,111.124,104.71567351643208,5,2,-0.532623222431212,0.0532623222431212,0.0012369488871621,2.0,2.0,0.0,0.2819647098735853,5.0,555.62,1,1,0,0,0.6,0.0
T0000599,2024-04-06 21:59:10,A100101,A100007,transfer,19.44,health,UA,mobile,normal transaction,0,21,5,1,2,6,2,2,67.79363636363637,56.52898588737061,11,67.79363636363637,56.52898588737061,11,7,-0.8553777278898885,0.0855377727889888,0.0014334542607509,2.0,7.0,0.0,0.631033246005633,5.0,386.6,1,1,1,0,0.8,0.0
T0000600,2024-04-06 22:33:33,A100099,0,deposit,32.22,grocery,NG,branch,normal transaction,0,22,5,0,1,4,1,0,19.69,11.036797542765743,3,19.69,11.036797542765743,3,1,1.1352929884013332,0.1135292988401333,0.0009685489232786,1.0,1.0,0.0,0.1418609517643977,2.0,43.629999999999995,0,0,1,0,0.2,0.0
T0000601,2024-04-07 00:51:21,A100071,A100192,transfer,194.85,electronics,US,branch,normal transaction,0,0,6,1,0,7,1,2,59.90888888888888,64.24285358007621,9,59.90888888888888,64.24285358007621,9,6,2.100484357258943,0.2100484357258943,0.0009600147847909,0.0,6.0,0.0,0.4206998198567787,5.0,399.74,1,1,0,0,0.6,0.0
T0000602,2024-04-07 06:39:26,A100093,0,withdrawal,12.2,remittance,NG,mobile,normal transaction,0,6,6,0,4,4,2,3,1022.998,2219.563042215742,5,1022.998,2219.563042215742,5,1,-0.4554040504006311,0.0455404050400631,0.0216382473371199,1.0,1.0,0.0,0.1937365739738319,3.0,88.28,0,0,1,0,0.2,0.0
T0000603,2024-04-07 12:13:28,A100029,A100067,transfer,44.78,other,AE,mobile,normal transaction,0,12,6,1,3,0,2,2,1144.47,2724.902909162086,6,1144.47,2724.902909162086,6,3,-0.4035703422308676,0.0403570342230867,0.0009600147847909,0.0,3.0,0.0,0.2115546049194381,5.0,160.29,1,0,1,0,0.5,0.02666666666666667
T0000604,2024-04-08 00:46:29,A100156,0,deposit,29.96,salary,US,atm,normal transaction,0,0,0,0,5,7,0,0,32.262,25.286964428337377,5,32.262,25.286964428337377,5,2,-0.0910350435889118,0.0091035043588911,0.0015683567840875,1.0,2.0,0.0,0.2130813867378177,4.0,113.49999999999999,0,1,0,0,0.3,0.0
T0000605,2024-04-08 01:59:18,A100090,0,withdrawal,27.01,other,GB,atm,normal transaction,0,1,0,0,3,2,0,3,32.73666666666667,6.193555790766183,3,32.73666666666667,6.193555790766183,3,0,-0.9246168009962245,0.0924616800996224,0.0023566225224982,1.0,0.0,0.0,0.0756295875337089,3.0,98.21000000000001,0,0,0,0,0.0,0.0
T0000606,2024-04-08 11:27:25,A100157,0,withdrawal,82.56,electronics,GB,atm,normal transaction,0,11,0,0,0,2,0,3,54.12,30.12394272003583,9,54.12,30.12394272003583,9,5,0.9440994932241952,0.0944099493224195,0.0009611095630294,1.0,5.0,0.0666666666666666,0.4764746247849631,5.0,280.71,1,1,0,0,0.6,0.0
T0000607,2024-04-08 13:50:47,A100030,0,payment,14.83,health,CN,online,normal transaction,0,13,0,0,2,1,3,1,49.626666666666665,62.159992760617335,9,49.626666666666665,62.159992760617335,9,3,-0.5597919909817103,0.055979199098171,0.0009600147847909,0.0,3.0,0.0,0.2115546049194381,5.0,119.63,1,0,0,0,0.3,0.0
T0000608,2024-04-08 14:07:00,A100046,A100095,transfer,2.93,travel,RU,mobile,normal transaction,0,14,0,1,7,5,2,2,1027.1866666666667,2337.282116561884,9,1027.1866666666667,2337.282116561884,9,3,-0.4382255179939986,0.0438225517993998,0.0011784145803266,1.0,3.0,0.0,0.2818178038313734,5.0,106.74000000000001,1,0,1,0,0.5,0.03333333333333333
T0000609,2024-04-08 15:49:24,A100152,0,payment,80.16,travel,RU,mobile,normal transaction,0,15,0,0,7,5,2,1,83.35799999999999,60.30495891715705,5,83.35799999999999,60.30495891715705,5,1,-0.0530304639020271,0.0053030463902027,0.0014292260405624,2.0,1.0,0.0,0.2127322043867102,4.0,410.15,0,1,1,0,0.5,0.0
T0000610,2024-04-08 15:54:41,A100047,A100124,transfer,35.41,travel,GB,mobile,normal transaction,0,15,0,1,7,2,2,2,66.58,27.24981284339399,3,66.58,27.24981284339399,3,1,-1.143861025221512,0.1143861025221512,0.001608383522562,1.0,1.0,0.0,0.1434667719018955,1.0,35.41,0,0,0,0,0.0,0.0
T0000611,2024-04-09 02:57:31,A100073,0,deposit,55.48,travel,GB,atm,normal transaction,0,2,1,0,7,2,0,0,50.94,51.68395495702704,4,50.94,51.68395495702704,4,2,0.0878415731910075,0.0087841573191007,0.0009600147847909,0.0,2.0,0.0,0.1418395332736579,4.0,203.76,0,1,0,0,0.3,0.0
T0000612,2024-04-09 05:07:45,A100115,0,withdrawal,73.28,grocery,AE,online,normal transaction,0,5,1,0,1,0,3,3,64.5525,43.71799915366668,8,64.5525,43.71799915366668,8,3,0.1996317299355703,0.019963172993557,0.0018291519985228,1.0,3.0,0.1666666666666666,0.4228811305292907,5.0,224.89,1,1,1,0,0.8,0.0
T0000613,2024-04-09 06:00:44,A100124,A100034,transfer,9.45,health,RU,mobile,normal transaction,0,6,1,1,2,5,2,2,2661.9866666666667,4587.808649195532,3,2661.9866666666667,4587.808649195532,3,3,-0.5781707278819521,0.0578170727881952,0.0023344302558361,2.0,3.0,0.0,0.354434177240258,1.0,9.45,0,0,1,0,0.2,0.013333333333333334
T0000614,2024-04-09 08:30:22,A100104,0,payment,6.59,other,RU,mobile,normal transaction,0,8,1,0,3,5,2,1,511.62777777777774,1407.0761544047446,9,511.62777777777774,1407.0761544047446,9,3,-0.3589271098354331,0.0358927109835433,0.0127125465648042,1.0,3.0,0.0,0.310765505987484,5.0,205.08,1,0,1,0,0.5,0.006666666666666667
T0000615,2024-04-09 08:59:26,A100125,0,withdrawal,106.14,travel,US,online,normal transaction,0,8,1,0,7,7,3,3,76.41,44.82227794300508,5,76.41,44.82227794300508,5,1,0.6632862206271116,0.0663286220627111,0.0016945966826111,1.0,1.0,0.0,0.143683144740562,4.0,360.43,0,1,0,0,0.3,0.0
T0000616,2024-04-09 10:00:42,A100194,0,withdrawal,40.47,health,CN,online,normal transaction,0,10,1,0,2,1,3,3,46.527142857142856,44.86537369891013,7,46.527142857142856,44.86537369891013,7,5,-0.1350070716625486,0.0135007071662548,0.0009600147847909,0.0,5.0,0.0,0.3509847482109984,5.0,277.82,1,1,0,0,0.6,0.0
T0000617,2024-04-09 12:58:33,A100070,0,deposit,104.44,health,CN,branch,normal transaction,0,12,1,0,2,1,1,0,47.252,34.02397639900428,5,47.252,34.02397639900428,5,3,1.6808146598896352,0.1680814659889635,0.0036264244510558,4.0,3.0,0.0,0.4971068933757026,4.0,184.2,0,1,0,0,0.3,0.0
T0000618,2024-04-09 20:50:39,A100199,A100117,transfer,39.51,other,US,online,normal transaction,0,20,1,1,3,7,3,2,49.02111111111111,46.28122525507629,9,49.02111111111111,46.28122525507629,9,5,-0.2055068951434254,0.0205506895143425,0.001042986595808,1.0,5.0,0.0,0.4209080577437657,5.0,176.72,1,1,0,0,0.6,0.0
T0000619,2024-04-09 23:58:52,A100068,0,deposit,22.94,remittance,IN,mobile,normal transaction,0,23,1,0,4,3,2,0,59.54333333333333,68.89199537440228,6,59.54333333333333,68.89199537440228,6,1,-0.5313147427809738,0.0531314742780973,0.0013370318109585,1.0,1.0,0.0,0.1427857489573321,3.0,307.7,0,1,0,0,0.3,0.0
T0000620,2024-04-10 02:25:59,A100139,A100055,transfer,51.24,salary,US,branch,normal transaction,0,2,2,1,5,7,1,2,26.735,34.655303345952696,2,26.735,34.655303345952696,2,1,0.707106760782549,0.0707106760782549,0.0010258581615735,2.0,1.0,0.0,0.211719854845711,2.0,53.47,0,0,0,0,0.0,0.0
T0000621,2024-04-10 04:54:53,A100076,A100008,transfer,81.77,other,CN,atm,normal transaction,0,4,2,1,3,1,0,2,68.21333333333332,68.25519281832457,6,68.21333333333332,68.25519281832457,6,2,0.1986173638705146,0.0198617363870514,0.0026448830076643,3.0,2.0,0.1,0.4388714197053023,5.0,392.41999999999996,1,1,0,0,0.6,0.0
T0000622,2024-04-10 09:07:30,A100022,A100112,transfer,33.81,electronics,NG,branch,normal transaction,0,9,2,1,0,4,1,2,113.862,107.37644234188429,5,113.862,107.37644234188429,5,2,-0.7455266491283955,0.0745526649128395,0.0021618918331127,1.0,2.0,0.0,0.2145710069226324,4.0,471.21,0,1,1,0,0.5,0.0
T0000623,2024-04-10 15:41:34,A100188,A100150,transfer,15.99,remittance,RU,branch,normal transaction,0,15,2,1,4,5,1,2,29.126666666666665,15.130420791681022,3,29.126666666666665,15.130420791681022,3,3,-0.8682287148061821,0.0868228714806182,0.0020629947019545,3.0,3.0,0.0,0.4234680155189398,3.0,87.38,0,0,1,0,0.2,0.0
T0000624,2024-04-10 15:54:22,A100157,0,payment,17.36,travel,NG,branch,normal transaction,0,15,2,0,7,4,1,1,54.12,30.12394272003583,9,54.12,30.12394272003583,9,5,-1.2202917500323982,0.1220291750032398,0.0009611095630294,1.0,5.0,0.0666666666666666,0.4764746247849631,5.0,257.76,1,1,1,0,0.8,0.0
T0000625,2024-04-10 16:37:33,A100015,A100145,transfer,14.89,remittance,CN,branch,normal transaction,0,16,2,1,4,1,1,2,52.4875,43.71289388346037,4,52.4875,43.71289388346037,4,3,-0.8601008947184999,0.0860100894718499,0.0020335273250726,2.0,3.0,0.0,0.3536789883427002,2.0,114.25,0,0,0,0,0.0,0.0
T0000626,2024-04-10 22:16:49,A100082,A100180,transfer,45.74,utilities,CN,atm,normal transaction,0,22,2,1,8,1,0,2,53.09333333333333,56.750026842871776,6,53.09333333333333,56.750026842871776,6,4,-0.1295740920813832,0.0129574092081383,0.0015745770367533,2.0,4.0,0.0,0.4222422129081273,3.0,106.06,0,0,0,0,0.0,0.0
T0000627,2024-04-11 06:44:50,A100131,0,payment,25.73,electronics,GB,mobile,normal transaction,0,6,3,0,0,2,2,1,55.574,40.22363024392503,5,55.574,40.22363024392503,5,2,-0.7419519092898241,0.0741951909289824,0.0011493321762165,1.0,2.0,0.0,0.2120297428376912,4.0,194.84,0,1,0,0,0.3,0.0
T0000628,2024-04-11 07:50:19,A100015,A100070,transfer,80.09,travel,GB,branch,normal transaction,0,7,3,1,7,2,1,2,52.4875,43.71289388346037,4,52.4875,43.71289388346037,4,3,0.6314498290170197,0.0631449829017019,0.0020335273250726,2.0,3.0,0.0,0.3536789883427002,3.0,194.34,0,1,0,0,0.3,0.0
T0000629,2024-04-11 10:56:00,A100037,A100182,transfer,30.64,remittance,NG,mobile,normal transaction,0,10,3,1,4,4,2,2,31.345,0.9970205614730296,2,31.345,0.9970205614730296,2,1,-0.7071060719674006,0.07071060719674,0.0031787250046376,3.0,1.0,0.0,0.2868380680749805,2.0,62.69,0,0,1,0,0.2,0.0
T0000630,2024-04-11 11:22:45,A100125,A100036,transfer,21.62,utilities,RU,mobile,normal transaction,0,11,3,1,8,5,2,2,76.41,44.82227794300508,5,76.41,44.82227794300508,5,1,-1.2223831829182454,0.1222383182918245,0.0016945966826111,1.0,1.0,0.0,0.143683144740562,5.0,382.05,1,1,1,0,0.8,0.0
T0000631,2024-04-11 17:21:24,A100115,0,payment,104.42,electronics,US,mobile,normal transaction,0,17,3,0,0,7,2,1,64.5525,43.71799915366668,8,64.5525,43.71799915366668,8,3,0.9119241470302314,0.0911924147030231,0.0018291519985228,1.0,3.0,0.1666666666666666,0.4228811305292907,5.0,305.01,1,1,0,0,0.6,0.0
T0000632,2024-04-11 18:16:05,A100131,A100191,transfer,83.03,utilities,AE,mobile,normal transaction,0,18,3,1,8,0,2,2,55.574,40.22363024392503,5,55.574,40.22363024392503,5,2,0.6825838232630148,0.0682583823263014,0.0011493321762165,1.0,2.0,0.0,0.2120297428376912,5.0,277.87,1,1,1,0,0.8,0.0
T0000633,2024-04-11 21:42:54,A100124,A100083,transfer,16.98,grocery,US,mobile,normal transaction,0,21,3,1,1,7,2,2,2661.9866666666667,4587.808649195532,3,2661.9866666666667,4587.808649195532,3,3,-0.5765294214164614,0.0576529421416461,0.0023344302558361,2.0,3.0,0.0,0.354434177240258,2.0,26.43,0,0,0,0,0.0,0.0
T0000634,2024-04-12 04:06:40,A100162,A100170,transfer,35.44,remittance,US,mobile,normal transaction,0,4,4,1,4,7,2,2,68.56333333333333,48.15342923060274,6,68.56333333333333,48.15342923060274,6,5,-0.6878706911368198,0.0687870691136819,0.0023996317027324,3.0,5.0,0.0,0.5637430310251029,5.0,342.08,1,1,0,0,0.6,0.0
T0000635,2024-04-12 04:47:55,A100055,A100109,transfer,77.69,health,UA,atm,normal transaction,0,4,4,1,2,6,0,2,45.635,45.33261574186956,2,45.635,45.33261574186956,2,2,0.7071067655883573,0.0707106765588357,0.0025027638903874,3.0,2.0,0.0,0.354856651330411,1.0,77.69,0,0,1,0,0.2,0.0
T0000636,2024-04-12 11:06:13,A100082,A100072,transfer,23.69,remittance,GB,mobile,normal transaction,0,11,4,1,4,2,2,2,53.09333333333333,56.750026842871776,6,53.09333333333333,56.750026842871776,6,4,-0.5181201569582421,0.0518120156958242,0.0015745770367533,2.0,4.0,0.0,0.4222422129081273,4.0,129.75,0,0,0,0,0.0,0.0
T0000637,2024-04-12 11:55:05,A100087,0,payment,22.12,grocery,IN,online,normal transaction,0,11,4,0,1,3,3,1,52.1525,36.95951332201224,4,52.1525,36.95951332201224,4,1,-0.8125783184903309,0.0812578318490331,0.0270332350693237,6.0,1.0,0.0,0.5558519626287659,1.0,22.12,0,0,0,0,0.0,0.0
T0000638,2024-04-12 16:10:00,A100160,0,withdrawal,260.48,other,IN,online,normal transaction,0,16,4,0,3,3,3,3,83.14750000000001,84.9639415533773,8,83.14750000000001,84.9639415533773,8,1,2.087150085915488,0.2087150085915488,0.0009600147847909,0.0,1.0,0.0,0.0721244616278777,5.0,407.1700000000001,1,1,0,0,0.6,0.0
T0000639,2024-04-12 16:30:55,A100040,0,payment,11.39,other,UA,online,normal transaction,0,16,4,0,3,6,3,1,27.068,17.052630882066264,5,27.068,17.052630882066264,5,2,-0.9193888725463004,0.09193888725463,0.0013586076634765,1.0,2.0,0.0,0.2125549704388605,5.0,135.34,1,1,1,0,0.8,0.0
T0000640,2024-04-12 23:01:32,A100109,A100051,transfer,30.58,travel,CN,branch,normal transaction,0,23,4,1,7,1,1,2,32.195,2.283954903232551,2,32.195,2.283954903232551,2,1,-0.70710647158916,0.0707106471589159,0.0049194869160712,3.0,1.0,0.0,0.2912069323644386,1.0,30.58,0,0,0,0,0.0,0.0
T0000641,2024-04-13 15:35:38,A100070,A100023,transfer,52.06,remittance,CN,online,normal transaction,0,15,5,1,4,1,3,2,47.252,34.02397639900428,5,47.252,34.02397639900428,5,3,0.1413121089170696,0.0141312108917069,0.0036264244510558,4.0,3.0,0.0,0.4971068933757026,5.0,236.26,1,1,0,0,0.6,0.0
T0000642,2024-04-13 19:37:18,A100095,0,withdrawal,27.46,travel,IN,mobile,normal transaction,0,19,5,0,7,3,2,3,3601.35625,10107.173301680255,8,3601.35625,10107.173301680255,8,3,-0.3535999772609282,0.0353599977260928,0.0230347649533767,7.0,3.0,0.0,0.7549620468642632,5.0,121.08000000000001,1,0,0,0,0.3,0.03333333333333333
T0000643,2024-04-13 20:19:47,A100160,0,deposit,88.74,utilities,NG,mobile,normal transaction,0,20,5,0,8,4,2,0,83.14750000000001,84.9639415533773,8,83.14750000000001,84.9639415533773,8,1,0.0658220397021546,0.0065822039702154,0.0009600147847909,0.0,1.0,0.0,0.0721244616278777,5.0,418.4600000000001,1,1,1,0,0.8,0.0
T0000644,2024-04-13 23:36:41,A100167,A100023,transfer,59.12,electronics,IN,branch,normal transaction,0,23,5,1,0,3,1,2,419.275,1034.1869614892105,8,419.275,1034.1869614892105,8,5,-0.3482494104674592,0.0348249410467459,0.002260387364347,2.0,5.0,0.0,0.4936784919343575,4.0,130.29,0,0,0,0,0.0,0.0
T0000645,2024-04-13 23:56:32,A100122,A100019,transfer,45.87,travel,NG,mobile,normal transaction,0,23,5,1,7,4,2,2,39.27333333333333,5.738818112933473,3,39.27333333333333,5.738818112933473,3,2,1.1494815460901835,0.1149481546090183,0.0091336184454716,4.0,2.0,0.0,0.4412134609898872,2.0,81.3,0,0,1,0,0.2,0.0
T0000646,2024-04-14 00:46:20,A100002,0,payment,39.19,grocery,AE,online,normal transaction,0,0,6,0,1,0,3,1,8251.873333333333,14235.819388620852,3,8251.873333333333,14235.819388620852,3,2,-0.5769027485218794,0.0576902748521879,0.0257786627159416,8.0,2.0,0.0444444444444444,0.7990298954564918,2.0,65.64,0,0,1,0,0.2,0.04
T0000647,2024-04-14 05:43:37,A100108,A100177,transfer,123.67,travel,UA,online,normal transaction,0,5,6,1,7,6,3,2,53.5525,47.52469279227379,4,53.5525,47.52469279227379,4,3,1.4753908842943284,0.1475390884294328,0.0017610175810761,2.0,3.0,0.1,0.4366531450098685,3.0,173.22,0,1,1,0,0.5,0.0
T0000648,2024-04-14 08:16:31,A100058,0,payment,3.97,salary,US,online,normal transaction,0,8,6,0,5,7,3,1,50.725,47.808839838116405,4,50.725,47.808839838116405,4,1,-0.9779571974630222,0.0977957197463022,0.0009600147847909,0.0,1.0,0.0,0.0721244616278777,3.0,182.99,0,1,0,0,0.3,0.0
T0000649,2024-04-14 11:00:06,A100026,0,payment,18.03,remittance,AE,atm,normal transaction,0,11,6,0,4,0,0,1,2573.386923076923,2424.7499487314303,13,2573.386923076923,2424.7499487314303,13,5,-1.053864099826029,0.1053864099826028,0.0009704037756721,1.0,5.0,0.0,0.4207258935495487,5.0,329.69,1,0,1,0,0.5,0.0
T0000650,2024-04-14 12:38:05,A100035,0,withdrawal,76.76,salary,GB,branch,normal transaction,0,12,6,0,5,2,1,3,54.12571428571429,44.52025376430479,7,54.12571428571429,44.52025376430479,7,2,0.5084042271122248,0.0508404227112224,0.0241048978089697,3.0,2.0,0.0,0.4090724466284962,5.0,258.13,1,1,0,0,0.6,0.0
T0000651,2024-04-14 13:03:32,A100017,0,withdrawal,57.21,grocery,GB,mobile,normal transaction,0,13,6,0,1,2,2,3,32.586,17.894505581323003,5,32.586,17.894505581323003,5,3,1.3760647653565792,0.1376064765356579,0.0025198183008551,4.0,3.0,0.0,0.494329596802086,5.0,162.93,1,1,0,0,0.6,0.0
T0000652,2024-04-14 13:40:16,A100089,A100184,transfer,166.56,health,GB,mobile,normal transaction,0,13,6,1,2,2,2,2,51.95285714285715,53.52989716481987,7,51.95285714285715,53.52989716481987,7,4,2.1409931045313155,0.2140993104531315,0.0014930399719955,2.0,4.0,0.0666666666666666,0.477809633181542,5.0,316.7,1,1,0,0,0.6,0.0
T0000653,2024-04-14 17:53:00,A100157,A100175,transfer,23.99,other,NG,online,normal transaction,0,17,6,1,3,4,3,2,54.12,30.12394272003583,9,54.12,30.12394272003583,9,5,-1.0002010453883612,0.1000201045388361,0.0009611095630294,1.0,5.0,0.0666666666666666,0.4764746247849631,5.0,244.41,1,1,1,0,0.8,0.0
T0000654,2024-04-14 19:37:15,A100025,0,payment,49.59,travel,US,mobile,normal transaction,0,19,6,0,7,7,2,1,2292.535714285714,2700.483736765335,14,2292.535714285714,2700.483736765335,14,6,-0.8305718278984209,0.083057182789842,0.001756238540369,2.0,6.0,0.0714285714285714,0.6218840555067054,5.0,254.25000000000003,1,0,0,0,0.3,0.02
T0000655,2024-04-14 23:38:34,A100089,0,deposit,32.32,salary,AE,branch,normal transaction,0,23,6,0,5,0,1,0,51.95285714285715,53.52989716481987,7,51.95285714285715,53.52989716481987,7,4,-0.3667643282714101,0.036676432827141,0.0014930399719955,2.0,4.0,0.0666666666666666,0.477809633181542,5.0,322.89,1,1,1,0,0.8,0.0
T0000656,2024-04-15 04:09:10,A100063,A100070,transfer,20.81,electronics,NG,atm,normal transaction,0,4,0,1,0,4,0,2,46.53,52.87252310983465,7,46.53,52.87252310983465,7,4,-0.4864530383790756,0.0486453038379075,0.0038483293057302,4.0,4.0,0.0357142857142857,0.5972567769319926,5.0,306.15,1,1,1,0,0.8,0.0
T0000657,2024-04-15 04:55:18,A100199,0,payment,40.49,grocery,CN,branch,normal transaction,0,4,0,0,1,1,1,1,49.02111111111111,46.28122525507629,9,49.02111111111111,46.28122525507629,9,5,-0.1843320024428995,0.0184332002442899,0.001042986595808,1.0,5.0,0.0,0.4209080577437657,5.0,202.0,1,1,0,0,0.6,0.0
T0000658,2024-04-15 05:57:09,A100132,0,payment,79.15,health,RU,atm,normal transaction,0,5,0,0,2,5,0,1,42.45333333333333,34.73736652847094,3,42.45333333333333,34.73736652847094,3,1,1.0564032129547491,0.1056403212954749,0.0010214411913716,1.0,1.0,0.0,0.1419936977417437,2.0,117.28,0,0,1,0,0.2,0.0
T0000659,2024-04-15 10:41:28,A100165,A100013,transfer,8.62,health,UA,mobile,normal transaction,0,10,0,1,2,6,2,2,24.22,15.510783345788823,3,24.22,15.510783345788823,3,2,-1.0057518467294917,0.1005751846729491,0.001529327358947,2.0,2.0,0.0,0.2826985045734793,3.0,72.66,0,0,1,0,0.2,0.0
T0000660,2024-04-15 12:08:53,A100028,0,withdrawal,55.36,health,UA,online,normal transaction,0,12,0,0,2,6,3,3,809.96375,1481.7660718879397,8,809.96375,1481.7660718879397,8,6,-0.509259702868813,0.0509259702868813,0.0017760509694807,1.0,6.0,0.0,0.4924629322614822,5.0,252.94,1,0,1,0,0.5,0.0
T0000661,2024-04-15 20:20:46,A100135,0,payment,39.63,grocery,AE,atm,normal transaction,0,20,0,0,1,0,0,1,34.715,20.515267241739743,6,34.715,20.515267241739743,6,1,0.2395776619678843,0.0239577661967884,0.0143244164834472,2.0,1.0,0.0,0.2450958129087314,4.0,99.4,0,0,1,0,0.2,0.0
T0000662,2024-04-16 02:33:33,A100033,A100099,transfer,49.89,salary,AE,branch,normal transaction,0,2,1,1,5,0,1,2,2312.938,3268.9619588135315,5,2312.938,3268.9619588135315,5,5,-0.6922833694060757,0.0692283369406075,0.0023273151367789,3.0,5.0,0.0357142857142857,0.5934394229085358,1.0,49.89,0,0,1,0,0.2,0.0
T0000663,2024-04-16 07:00:09,A100195,A100120,transfer,26.02,electronics,IN,online,normal transaction,0,7,1,1,0,3,3,2,25.264,10.597437426095045,5,25.264,10.597437426095045,5,4,0.0713379941079376,0.0071337994107937,0.001950012052314,2.0,4.0,0.0,0.4231844581524207,4.0,99.46,0,1,0,0,0.3,0.0
T0000664,2024-04-16 07:28:23,A100003,A100067,transfer,100.19,health,IN,online,normal transaction,0,7,1,1,2,3,3,2,159.408,129.09829518626495,5,159.408,129.09829518626495,5,2,-0.4587047370056641,0.0458704737005664,0.0011196116441272,1.0,2.0,0.0,0.2119551519528288,4.0,661.27,0,1,0,0,0.3,0.0
T0000665,2024-04-16 10:38:14,A100101,A100129,transfer,29.36,utilities,RU,mobile,normal transaction,0,10,1,1,8,5,2,2,67.79363636363637,56.52898588737061,11,67.79363636363637,56.52898588737061,11,7,-0.6798925379683922,0.0679892537968392,0.0014334542607509,2.0,7.0,0.0,0.631033246005633,5.0,206.04,1,1,1,0,0.8,0.0
T0000666,2024-04-17 01:41:30,A100179,0,deposit,19.39,salary,US,branch,normal transaction,0,1,2,0,5,7,1,0,42.63666666666666,42.959377711197504,3,42.63666666666666,42.959377711197504,3,1,-0.5411313516181588,0.0541131351618158,0.0014247046037241,3.0,1.0,0.0,0.2824359283899382,2.0,111.6,0,0,0,0,0.0,0.0
T0000667,2024-04-17 07:04:42,A100071,0,payment,30.25,electronics,CN,online,normal transaction,0,7,2,0,0,1,3,1,59.90888888888888,64.24285358007621,9,59.90888888888888,64.24285358007621,9,6,-0.4616682910925173,0.0461668291092517,0.0009600147847909,0.0,6.0,0.0,0.4206998198567787,5.0,300.08000000000004,1,1,0,0,0.6,0.0
T0000668,2024-04-17 08:23:33,A100130,0,payment,55.32,health,GB,atm,normal transaction,0,8,2,0,2,2,0,1,47.456,21.581161460866745,5,47.456,21.581161460866745,5,1,0.3643918632399824,0.0364391863239982,0.0284621825335371,4.0,1.0,0.0,0.4200081096316504,4.0,175.57999999999998,0,1,0,0,0.3,0.0
T0000669,2024-04-17 14:00:05,A100100,0,payment,25.55,electronics,CN,mobile,normal transaction,0,14,2,0,0,1,2,1,26.42,1.2303657992645929,2,26.42,1.2303657992645929,2,1,-0.7071062064743717,0.0707106206474371,0.0012600075937229,2.0,1.0,0.0,0.2123075096454831,2.0,52.84,0,0,0,0,0.0,0.0
T0000670,2024-04-17 14:04:26,A100186,0,payment,12.99,health,IN,branch,normal transaction,0,14,2,0,2,3,1,1,20.5625,6.715709816045756,4,20.5625,6.715709816045756,4,2,-1.1275798210231345,0.1127579821023134,0.0418110128275317,2.0,2.0,0.0,0.3837951657578651,3.0,54.260000000000005,0,0,0,0,0.0,0.0
T0000671,2024-04-17 21:08:50,A100022,0,withdrawal,98.1,salary,US,mobile,normal transaction,0,21,2,0,5,7,2,3,113.862,107.37644234188429,5,113.862,107.37644234188429,5,2,-0.1467919732619019,0.0146791973261901,0.0021618918331127,1.0,2.0,0.0,0.2145710069226324,5.0,569.31,1,1,0,0,0.6,0.0
T0000672,2024-04-18 05:23:37,A100156,0,deposit,47.81,grocery,CN,branch,normal transaction,0,5,3,0,1,1,1,0,32.262,25.286964428337377,5,32.262,25.286964428337377,5,2,0.6148622318507391,0.0614862231850739,0.0015683567840875,1.0,2.0,0.0,0.2130813867378177,5.0,161.31,1,1,0,0,0.6,0.0
T0000673,2024-04-18 05:47:58,A100030,0,withdrawal,208.13,grocery,GB,online,normal transaction,0,5,3,0,1,2,3,3,49.626666666666665,62.159992760617335,9,49.626666666666665,62.159992760617335,9,3,2.5499251808766457,0.2549925180876645,0.0009600147847909,0.0,3.0,0.0,0.2115546049194381,5.0,278.15999999999997,1,1,0,0,0.6,0.0
T0000674,2024-04-18 05:50:57,A100041,A100127,transfer,73.7,remittance,CN,branch,normal transaction,0,5,3,1,4,1,1,2,64.19500000000001,38.281538500953694,6,64.19500000000001,38.281538500953694,6,4,0.2482919998492537,0.0248291999849253,0.0053835347979329,1.0,4.0,0.0,0.362086644738137,5.0,307.19,1,1,0,0,0.6,0.0
T0000675,2024-04-18 07:15:36,A100095,0,withdrawal,6.58,travel,CN,online,normal transaction,0,7,3,0,7,1,3,3,3601.35625,10107.173301680255,8,3601.35625,10107.173301680255,8,3,-0.355665836762364,0.0355665836762364,0.0230347649533767,7.0,3.0,0.0,0.7549620468642632,5.0,107.94000000000001,1,0,0,0,0.3,0.006666666666666667
T0000676,2024-04-18 12:41:51,A100197,0,deposit,85.65,grocery,AE,mobile,normal transaction,0,12,3,0,1,0,2,0,75.69833333333334,62.819306400713046,6,75.69833333333334,62.819306400713046,6,2,0.1584173254758569,0.0158417325475856,0.0009828815154394,1.0,2.0,0.0,0.2116119945269949,5.0,450.56,1,1,1,0,0.8,0.0
T0000677,2024-04-18 21:36:40,A100069,0,withdrawal,183.21,electronics,CN,online,normal transaction,0,21,3,0,0,1,3,3,1201.3100000000002,2757.513036320953,6,1201.3100000000002,2757.513036320953,6,3,-0.3692094964632079,0.0369209496463208,0.0041915772830687,3.0,3.0,0.0,0.4288102098562079,4.0,372.05,0,0,0,0,0.0,0.006666666666666667
T0000678,2024-04-18 21:56:24,A100127,0,withdrawal,35.52,other,AE,online,normal transaction,0,21,3,0,3,0,3,3,1187.0942105263157,1118.0985360836485,19,1187.0942105263157,1118.0985360836485,19,2,-1.0299398240247968,0.1029939824024796,0.0026067503189037,1.0,2.0,0.0,0.215687487206162,5.0,184.43,1,0,1,0,0.5,0.0
T0000679,2024-04-18 22:12:10,A100127,0,payment,105.83,travel,AE,branch,normal transaction,0,22,3,0,7,0,1,1,1187.0942105263157,1118.0985360836485,19,1187.0942105263157,1118.0985360836485,19,2,-0.9670562787306668,0.0967056278730666,0.0026067503189037,1.0,2.0,0.0,0.215687487206162,5.0,258.62,1,0,1,0,0.5,0.0
T0000680,2024-04-19 01:51:27,A100065,0,deposit,87.81,electronics,US,branch,normal transaction,0,1,4,0,0,7,1,0,6100.39875,3698.5214383605376,8,6100.39875,3698.5214383605376,8,2,-1.6256736235222573,0.1625673623522257,0.0029385364734011,2.0,2.0,0.0,0.2862352566910892,2.0,216.27,0,0,0,0,0.0,0.02666666666666667
T0000681,2024-04-19 10:18:16,A100189,A100130,transfer,54.66,grocery,IN,online,normal transaction,0,10,4,1,1,3,3,2,33.025,30.596510421941908,2,33.025,30.596510421941908,2,1,0.707106758075848,0.0707106758075848,0.0091866222139305,4.0,1.0,0.0,0.3716314151586689,2.0,66.05,0,0,0,0,0.0,0.0
T0000682,2024-04-19 13:13:08,A100062,A100011,transfer,17.22,other,AE,mobile,normal transaction,0,13,4,1,3,0,2,2,56.871428571428574,59.561764421081264,7,56.871428571428574,59.561764421081264,7,1,-0.6657194979213018,0.0665719497921301,0.0023029452580817,3.0,1.0,0.0,0.284640086355006,5.0,142.39,1,0,1,0,0.5,0.0
T0000683,2024-04-19 19:09:56,A100038,A100045,transfer,5.31,grocery,RU,branch,normal transaction,0,19,4,1,1,5,1,2,73.49000000000001,48.26947068282394,9,73.49000000000001,48.26947068282394,9,5,-1.4124869741273958,0.1412486974127395,0.002434309874927,3.0,5.0,0.0,0.5638300643104301,5.0,390.44,1,1,1,0,0.8,0.0
T0000684,2024-04-20 04:05:14,A100082,A100063,transfer,166.05,salary,AE,atm,normal transaction,0,4,5,1,5,0,0,2,53.09333333333333,56.750026842871776,6,53.09333333333333,56.750026842871776,6,4,1.9904248677977496,0.1990424867797749,0.0015745770367533,2.0,4.0,0.0,0.4222422129081273,5.0,295.8,1,1,1,0,0.8,0.0
T0000685,2024-04-20 07:40:12,A100019,A100146,transfer,123.34,remittance,US,online,normal transaction,0,7,5,1,4,7,3,2,90.68,27.029954988247145,4,90.68,27.029954988247145,4,3,1.2082890558238737,0.1208289055823873,0.0095993329821065,5.0,3.0,0.0357142857142857,0.6116903157320063,3.0,265.59000000000003,0,0,0,0,0.0,0.0
T0000686,2024-04-20 08:45:15,A100045,A100057,transfer,25.89,grocery,RU,online,normal transaction,0,8,5,1,1,5,3,2,640.21,1781.6826732614315,9,640.21,1781.6826732614315,9,8,-0.3447976504877091,0.0344797650487709,0.0009887221997201,1.0,8.0,0.0277777777777777,0.6531554402309674,5.0,284.64,1,0,1,0,0.5,0.02666666666666667
T0000687,2024-04-20 11:25:45,A100119,A100072,transfer,14.25,utilities,AE,online,normal transaction,0,11,5,1,8,0,3,2,18.49,11.417650809163854,5,18.49,11.417650809163854,5,4,-0.3713548171609998,0.0371354817160999,0.0011119802980157,1.0,4.0,0.0,0.3513661425301159,4.0,63.88,0,1,1,0,0.5,0.0
T0000688,2024-04-20 23:27:17,A100141,A100116,transfer,34.59,grocery,AE,branch,normal transaction,0,23,5,1,1,0,1,2,25.9625,15.094826691855156,8,25.9625,15.094826691855156,8,6,0.5715533940579672,0.0571553394057967,0.003100487294169,2.0,6.0,0.0,0.5655019981448353,5.0,127.72,1,1,1,0,0.8,0.0
T0000689,2024-04-21 03:28:34,A100074,0,deposit,180.38,utilities,NG,mobile,normal transaction,0,3,6,0,8,4,2,0,127.475,52.76572909253379,4,127.475,52.76572909253379,4,2,1.0026394007478334,0.1002639400747833,0.0033516415066566,2.0,2.0,0.0,0.2872720439827523,4.0,509.9,0,1,1,0,0.5,0.0
T0000690,2024-04-21 04:39:01,A100094,A100151,transfer,17.96,other,NG,branch,normal transaction,0,4,6,1,3,4,1,2,86.57666666666667,119.47163359280452,3,86.57666666666667,119.47163359280452,3,2,-0.5743343756912094,0.0574334375691209,0.0013031823111597,1.0,2.0,0.0,0.2124158670721811,3.0,259.73,0,0,1,0,0.2,0.0
T0000691,2024-04-21 05:15:13,A100038,0,withdrawal,31.91,grocery,RU,online,normal transaction,0,5,6,0,1,5,3,3,73.49000000000001,48.26947068282394,9,73.49000000000001,48.26947068282394,9,5,-0.8614140273425804,0.086141402734258,0.002434309874927,3.0,5.0,0.0,0.5638300643104301,5.0,326.92,1,1,1,0,0.8,0.0
T0000692,2024-04-21 19:29:22,A100059,A100138,transfer,8.11,remittance,IN,atm,normal transaction,0,19,6,1,4,3,0,2,14.2725,9.372948219921698,4,14.2725,9.372948219921698,4,2,-0.6574771563791191,0.0657477156379119,0.0009827517104457,2.0,2.0,0.0,0.2813267403956553,3.0,28.869999999999997,0,0,0,0,0.0,0.0
T0000693,2024-04-21 23:15:49,A100000,0,withdrawal,30.47,salary,CN,online,normal transaction,0,23,6,0,5,1,3,3,31.478,16.984412559756077,5,31.478,16.984412559756077,5,1,-0.0593485313139346,0.0059348531313934,0.0020187905130096,3.0,1.0,0.0,0.2839269310922032,4.0,134.51999999999998,0,1,0,0,0.3,0.0
T0000694,2024-04-22 00:11:28,A100052,A100135,transfer,24.31,health,RU,mobile,normal transaction,0,0,0,1,2,5,2,2,6070.90125,2443.191814821853,8,6070.90125,2443.191814821853,8,2,-2.474873733139949,0.2474873733139949,0.0014559432693859,1.0,2.0,0.0,0.2127992577534882,1.0,24.31,0,0,1,0,0.2,0.02
T0000695,2024-04-22 06:40:51,A100015,A100036,transfer,15.61,utilities,US,online,normal transaction,0,6,0,1,8,7,3,2,52.4875,43.71289388346037,4,52.4875,43.71289388346037,4,3,-0.84362978243185,0.084362978243185,0.0020335273250726,2.0,3.0,0.0,0.3536789883427002,4.0,209.95,0,1,0,0,0.3,0.0
T0000696,2024-04-22 09:33:21,A100059,0,withdrawal,28.22,salary,AE,mobile,normal transaction,0,9,0,0,5,0,2,3,14.2725,9.372948219921698,4,14.2725,9.372948219921698,4,2,1.488058846019921,0.1488058846019921,0.0009827517104457,2.0,2.0,0.0,0.2813267403956553,4.0,57.089999999999996,0,1,1,0,0.5,0.0
T0000697,2024-04-22 09:55:13,A100191,A100021,transfer,64.8,electronics,GB,mobile,normal transaction,0,9,0,1,0,2,2,2,35.85666666666666,34.035356126632,6,35.85666666666666,34.035356126632,6,2,0.850390175888172,0.0850390175888172,0.0272679321573697,3.0,2.0,0.0,0.4170108486123,5.0,195.19,1,1,0,0,0.6,0.0
T0000698,2024-04-22 10:24:13,A100019,A100151,transfer,97.13,grocery,RU,branch,normal transaction,0,10,0,1,1,5,1,2,90.68,27.029954988247145,4,90.68,27.029954988247145,4,3,0.2386241399284743,0.0238624139928474,0.0095993329821065,5.0,3.0,0.0357142857142857,0.6116903157320063,4.0,362.72,0,1,1,0,0.5,0.0
T0000699,2024-04-22 13:07:29,A100060,A100074,transfer,33.83,utilities,AE,mobile,normal transaction,0,13,0,1,8,0,2,2,40.076,32.51319316831246,5,40.076,32.51319316831246,5,2,-0.1921066250109436,0.0192106625010943,0.0057399168279025,4.0,2.0,0.0666666666666666,0.4884682008556349,4.0,173.2,0,1,1,0,0.5,0.0
T0000700,2024-04-23 08:52:07,A100179,0,deposit,16.31,remittance,AE,mobile,normal transaction,0,8,1,0,4,0,2,0,42.63666666666666,42.959377711197504,3,42.63666666666666,42.959377711197504,3,1,-0.6128269881101547,0.0612826988110154,0.0014247046037241,3.0,1.0,0.0,0.2824359283899382,3.0,127.91,0,0,1,0,0.2,0.0
T0000701,2024-04-23 11:03:36,A100069,A100059,transfer,7.29,electronics,NG,branch,normal transaction,0,11,1,1,0,4,1,2,1201.3100000000002,2757.513036320953,6,1201.3100000000002,2757.513036320953,6,3,-0.4330061123337586,0.0433006112333758,0.0041915772830687,3.0,3.0,0.0,0.4288102098562079,5.0,379.34000000000003,1,0,1,0,0.5,0.013333333333333334
T0000702,2024-04-23 20:35:13,A100199,A100197,transfer,6.81,electronics,GB,online,normal transaction,0,20,1,1,0,2,3,2,49.02111111111111,46.28122525507629,9,49.02111111111111,46.28122525507629,9,5,-0.9120568862732162,0.0912056886273216,0.001042986595808,1.0,5.0,0.0,0.4209080577437657,5.0,168.05,1,1,0,0,0.6,0.0
T0000703,2024-04-24 03:31:52,A100042,0,payment,81.05,other,UA,atm,normal transaction,0,3,2,0,3,6,0,1,713.518,1464.4911506287774,5,713.518,1464.4911506287774,5,2,-0.4318687752374481,0.0431868775237448,0.0040762822814713,2.0,2.0,0.0,0.289090705789964,4.0,235.13,0,0,1,0,0.2,0.0
T0000704,2024-04-24 10:25:01,A100104,0,deposit,20.43,electronics,AE,branch,normal transaction,0,10,2,0,0,0,1,0,511.62777777777774,1407.0761544047446,9,511.62777777777774,1407.0761544047446,9,3,-0.3490911105920098,0.0349091110592009,0.0127125465648042,1.0,3.0,0.0,0.310765505987484,5.0,83.86000000000003,1,0,1,0,0.5,0.0
T0000705,2024-04-24 11:36:30,A100115,0,deposit,38.35,utilities,UA,atm,normal transaction,0,11,2,0,8,6,0,0,64.5525,43.71799915366668,8,64.5525,43.71799915366668,8,3,-0.599352667274337,0.0599352667274337,0.0018291519985228,1.0,3.0,0.1666666666666666,0.4228811305292907,5.0,307.40000000000003,1,1,1,0,0.8,0.0
T0000706,2024-04-24 15:18:41,A100030,A100023,transfer,25.32,travel,CN,online,normal transaction,0,15,2,1,7,1,3,2,49.626666666666665,62.159992760617335,9,49.626666666666665,62.159992760617335,9,3,-0.3910339302843789,0.0391033930284378,0.0009600147847909,0.0,3.0,0.0,0.2115546049194381,5.0,287.27,1,1,0,0,0.6,0.0
T0000707,2024-04-24 17:44:54,A100055,A100083,transfer,13.58,travel,US,branch,normal transaction,0,17,2,1,7,7,1,2,45.635,45.33261574186956,2,45.635,45.33261574186956,2,2,-0.7071067655883573,0.0707106765588357,0.0025027638903874,3.0,2.0,0.0,0.354856651330411,2.0,91.27,0,0,0,0,0.0,0.0
T0000708,2024-04-24 18:15:51,A100091,A100101,transfer,29.04,grocery,CN,atm,normal transaction,0,18,2,1,1,1,0,2,32.276,37.3156901316323,5,32.276,37.3156901316323,5,3,-0.0867195515308804,0.008671955153088,0.0024095657007375,1.0,3.0,0.0,0.2849076762197576,4.0,147.01000000000002,0,1,0,0,0.3,0.0
T0000709,2024-04-24 18:35:54,A100044,A100007,transfer,35.76,salary,UA,branch,normal transaction,0,18,2,1,5,6,1,2,65.94,51.54232096054658,5,65.94,51.54232096054658,5,5,-0.5855382305651943,0.0585538230565194,0.0067860529561936,4.0,5.0,0.0277777777777777,0.6677052480764735,4.0,312.55,0,1,1,0,0.5,0.0
T0000710,2024-04-25 05:58:07,A100024,A100118,transfer,11.13,electronics,GB,online,normal transaction,0,5,3,1,0,2,3,2,100.0575,126.59644028039123,4,100.0575,126.59644028039123,4,3,-0.7024486557488575,0.0702448655748857,0.0009600147847909,0.0,3.0,0.0,0.2115546049194381,3.0,367.75,0,1,0,0,0.3,0.0
T0000711,2024-04-25 09:34:15,A100003,0,deposit,135.77,grocery,NG,branch,normal transaction,0,9,3,0,1,4,1,0,159.408,129.09829518626495,5,159.408,129.09829518626495,5,2,-0.1831007898500435,0.0183100789850043,0.0011196116441272,1.0,2.0,0.0,0.2119551519528288,5.0,797.04,1,1,1,0,0.8,0.0
T0000712,2024-04-25 13:36:51,A100050,0,payment,85.9,salary,AE,online,normal transaction,0,13,3,0,5,0,3,1,62.586,50.17527408993398,5,62.586,50.17527408993398,5,3,0.4646511645070621,0.0464651164507062,0.0031818627760854,2.0,3.0,0.0,0.356561014719367,5.0,312.93,1,1,1,0,0.8,0.0
T0000713,2024-04-25 18:45:47,A100149,0,deposit,44.13,utilities,US,online,normal transaction,0,18,3,0,8,7,3,0,46.22,24.69688948025642,5,46.22,24.69688948025642,5,1,-0.0846260383132369,0.0084626038313236,0.0213075609213673,1.0,1.0,0.0,0.1929066361958386,5.0,231.1,1,1,0,0,0.6,0.0
T0000714,2024-04-26 04:04:21,A100016,0,deposit,10.55,health,UA,branch,normal transaction,0,4,4,0,2,6,1,0,39.235,34.260815810485305,4,39.235,34.260815810485305,4,1,-0.8372538272707246,0.0837253827270724,0.0011374023408904,1.0,1.0,0.0,0.1422847303762295,4.0,156.94,0,1,1,0,0.5,0.0
T0000715,2024-04-26 04:07:10,A100023,A100084,transfer,36.91,electronics,IN,mobile,normal transaction,0,4,4,1,0,3,2,2,27.156666666666663,15.310732619092178,3,27.156666666666663,15.310732619092178,3,2,0.6370258653818599,0.0637025865381859,0.0026991317108919,3.0,2.0,0.0,0.3553494840107252,3.0,81.47,0,1,0,0,0.3,0.0
T0000716,2024-04-26 05:31:04,A100012,A100043,transfer,19.13,salary,RU,mobile,normal transaction,0,5,4,1,5,5,2,2,26.726,20.05466230082172,5,26.726,20.05466230082172,5,3,-0.3787647733626503,0.037876477336265,0.000961512058671,1.0,3.0,0.0,0.2812734343372279,5.0,133.63,1,1,1,0,0.8,0.0
T0000717,2024-04-26 06:02:34,A100007,A100097,transfer,36.34,salary,GB,atm,normal transaction,0,6,4,1,5,2,0,2,32.872,23.04029340090964,5,32.872,23.04029340090964,5,2,0.1505189100302071,0.0150518910030207,0.0016545939273634,2.0,2.0,0.0,0.28301289141399,4.0,140.02,0,1,0,0,0.3,0.0
T0000718,2024-04-26 07:43:26,A100054,A100047,transfer,87.31,utilities,CN,mobile,normal transaction,0,7,4,1,8,1,2,2,65.89555555555555,75.70479246902258,9,65.89555555555555,75.70479246902258,9,2,0.2828677480403796,0.0282867748040379,0.001236184758784,2.0,2.0,0.1666666666666666,0.4213929353996191,5.0,218.5,1,1,0,0,0.6,0.0
T0000719,2024-04-26 12:26:27,A100038,A100008,transfer,50.76,health,CN,mobile,normal transaction,0,12,4,1,2,1,2,2,73.49000000000001,48.26947068282394,9,73.49000000000001,48.26947068282394,9,5,-0.4708980481360475,0.0470898048136047,0.002434309874927,3.0,5.0,0.0,0.5638300643104301,5.0,307.2,1,1,0,0,0.6,0.0
T0000720,2024-04-26 16:54:41,A100105,0,withdrawal,90.07,other,IN,online,normal transaction,0,16,4,0,3,3,3,3,976.9714285714286,2464.683787597837,7,976.9714285714286,2464.683787597837,7,4,-0.3598439007366492,0.0359843900736649,0.020036178653738,4.0,4.0,0.0,0.6080062238589495,5.0,229.04999999999998,1,0,0,0,0.3,0.013333333333333334
T0000721,2024-04-26 19:16:36,A100071,0,payment,16.93,salary,GB,mobile,normal transaction,0,19,4,0,5,2,2,1,59.90888888888888,64.24285358007621,9,59.90888888888888,64.24285358007621,9,6,-0.6690065248473256,0.0669006524847325,0.0009600147847909,0.0,6.0,0.0,0.4206998198567787,5.0,293.34,1,1,0,0,0.6,0.0
T0000722,2024-04-27 02:11:24,A100051,0,payment,28.95,health,IN,mobile,normal transaction,0,2,5,0,2,3,2,1,88.514,94.09615682906502,5,88.514,94.09615682906502,5,2,-0.633012031247906,0.0633012031247906,0.0051417139081717,1.0,2.0,0.0,0.2220495932629914,5.0,442.57,1,1,0,0,0.6,0.0
T0000723,2024-04-27 03:43:33,A100182,A100091,transfer,74.5,other,UA,atm,normal transaction,0,3,5,1,3,6,0,2,109.8275,60.11029882640744,4,109.8275,60.11029882640744,4,2,-0.5877112591689329,0.0587711259168932,0.0037862332192774,4.0,2.0,0.0666666666666666,0.4835649579166896,4.0,439.31,0,1,1,0,0.5,0.0
T0000724,2024-04-27 05:34:53,A100144,A100128,transfer,93.0,remittance,RU,atm,normal transaction,0,5,5,1,4,5,0,2,34.052,34.054596165569194,5,34.052,34.054596165569194,5,4,1.730985091774899,0.1730985091774899,0.0013647609208853,2.0,4.0,0.0,0.421715628468321,5.0,170.26,1,1,1,0,0.8,0.0
T0000725,2024-04-27 07:27:30,A100046,0,withdrawal,102.18,grocery,AE,branch,normal transaction,0,7,5,0,1,0,1,3,1027.1866666666667,2337.282116561884,9,1027.1866666666667,2337.282116561884,9,3,-0.3957616668164901,0.039576166681649,0.0011784145803266,1.0,3.0,0.0,0.2818178038313734,5.0,195.42000000000002,1,0,1,0,0.5,0.0
T0000726,2024-04-27 09:42:37,A100007,0,deposit,24.34,utilities,IN,mobile,normal transaction,0,9,5,0,8,3,2,0,32.872,23.04029340090964,5,32.872,23.04029340090964,5,2,-0.3703077682750075,0.0370307768275007,0.0016545939273634,2.0,2.0,0.0,0.28301289141399,5.0,164.36,1,1,0,0,0.6,0.0
T0000727,2024-04-27 10:22:53,A100135,0,deposit,72.22,remittance,NG,branch,normal transaction,0,10,5,0,4,4,1,0,34.715,20.515267241739743,6,34.715,20.515267241739743,6,1,1.8281506026664305,0.182815060266643,0.0143244164834472,2.0,1.0,0.0,0.2450958129087314,5.0,171.62,1,1,1,0,0.8,0.0
T0000728,2024-04-27 14:31:59,A100025,A100063,transfer,18.87,health,CN,online,normal transaction,0,14,5,1,2,1,3,2,2292.535714285714,2700.483736765335,14,2292.535714285714,2700.483736765335,14,6,-0.8419475675743877,0.0841947567574387,0.001756238540369,2.0,6.0,0.0714285714285714,0.6218840555067054,5.0,213.19000000000003,1,0,0,0,0.3,0.03333333333333333
T0000729,2024-04-27 16:38:27,A100195,A100056,transfer,26.86,salary,AE,branch,normal transaction,0,16,5,1,5,0,1,2,25.264,10.597437426095045,5,25.264,10.597437426095045,5,4,0.1506024320056461,0.0150602432005646,0.001950012052314,2.0,4.0,0.0,0.4231844581524207,5.0,126.32,1,1,1,0,0.8,0.0
T0000730,2024-04-27 21:09:45,A100045,A100060,transfer,9.64,remittance,AE,online,normal transaction,0,21,5,1,4,0,3,2,640.21,1781.6826732614315,9,640.21,1781.6826732614315,9,8,-0.3539182420693364,0.0353918242069336,0.0009887221997201,1.0,8.0,0.0277777777777777,0.6531554402309674,5.0,287.14,1,0,1,0,0.5,0.006666666666666667
T0000731,2024-04-28 14:51:57,A100180,A100179,transfer,18.31,remittance,GB,branch,normal transaction,0,14,6,1,4,2,1,2,752.1566666666666,2108.24314388782,9,752.1566666666666,2108.24314388782,9,5,-0.348084455270796,0.0348084455270796,0.0012979278031234,2.0,5.0,0.0476190476190476,0.531100149990339,5.0,287.0,1,0,0,0,0.3,0.0
T0000732,2024-04-28 19:31:42,A100126,0,deposit,20.62,utilities,GB,mobile,normal transaction,0,19,6,0,8,2,2,0,3737.764545454545,2930.546239714922,11,3737.764545454545,2930.546239714922,11,2,-1.2684135448235505,0.126841354482355,0.0013805348552887,1.0,2.0,0.0,0.2126100020457949,3.0,68.03,0,0,0,0,0.0,0.006666666666666667
T0000733,2024-04-28 22:20:41,A100009,0,payment,32.64,electronics,IN,branch,normal transaction,0,22,6,0,0,3,1,1,28.97125,14.478163298567951,8,28.97125,14.478163298567951,8,3,0.2533988373348466,0.0253398837334846,0.0009600147847909,0.0,3.0,0.0,0.2115546049194381,5.0,173.15,1,1,0,0,0.6,0.0
T0000734,2024-04-29 00:17:02,A100154,0,deposit,30.31,health,IN,mobile,normal transaction,0,0,0,0,2,3,2,0,40.89833333333333,30.045973052418635,6,40.89833333333333,30.045973052418635,6,0,-0.3524043958388826,0.0352404395838882,0.0042719909065296,1.0,0.0,0.0,0.0804366691220583,5.0,237.42000000000002,1,1,0,0,0.6,0.0
T0000735,2024-04-29 00:58:53,A100000,0,deposit,22.87,remittance,NG,branch,normal transaction,0,0,0,0,4,4,1,0,31.478,16.984412559756077,5,31.478,16.984412559756077,5,1,-0.5068176166174101,0.050681761661741,0.0020187905130096,3.0,1.0,0.0,0.2839269310922032,5.0,157.39,1,1,1,0,0.8,0.0
T0000736,2024-04-29 06:37:38,A100087,A100183,transfer,58.03,travel,AE,online,normal transaction,0,6,0,1,7,0,3,2,52.1525,36.95951332201224,4,52.1525,36.95951332201224,4,1,0.1590253580929632,0.0159025358092963,0.0270332350693237,6.0,1.0,0.0,0.5558519626287659,2.0,80.15,0,0,1,0,0.2,0.0
T0000737,2024-04-29 07:07:15,A100005,0,payment,24.64,travel,GB,online,normal transaction,0,7,0,0,7,2,3,1,61.49000000000001,81.55792358808554,3,61.49000000000001,81.55792358808554,3,1,-0.4518261123749006,0.04518261123749,0.0015138393537881,1.0,1.0,0.0,0.1432294903759038,3.0,184.47000000000003,0,0,0,0,0.0,0.0
T0000738,2024-04-29 08:37:41,A100134,0,payment,107.03,remittance,US,atm,normal transaction,0,8,0,0,4,7,0,1,68.78,34.445680425853105,3,68.78,34.445680425853105,3,2,1.110443992299469,0.1110443992299469,0.0024933954584507,1.0,2.0,0.0,0.2154029956863183,3.0,206.34,0,0,0,0,0.0,0.0
T0000739,2024-04-30 01:10:19,A100180,0,withdrawal,47.93,salary,US,atm,normal transaction,0,1,1,0,5,7,0,3,752.1566666666666,2108.24314388782,9,752.1566666666666,2108.24314388782,9,5,-0.3340348424109965,0.0334034842410996,0.0012979278031234,2.0,5.0,0.0476190476190476,0.531100149990339,5.0,297.69,1,0,0,0,0.3,0.013333333333333334
T0000740,2024-04-30 14:09:45,A100077,A100082,transfer,6.88,travel,GB,mobile,normal transaction,0,14,1,1,7,2,2,2,37.25666666666667,26.527695590332254,3,37.25666666666667,26.527695590332254,3,3,-1.1450925097559028,0.1145092509755902,0.0050597602600149,4.0,3.0,0.0476190476190476,0.540541381083397,2.0,62.74,0,0,0,0,0.0,0.0
T0000741,2024-04-30 17:16:51,A100163,0,withdrawal,10.73,other,AE,branch,normal transaction,0,17,1,0,3,0,1,3,42.3625,38.96269957707414,4,42.3625,38.96269957707414,4,2,-0.8118662087456209,0.081186620874562,0.0009946109666518,2.0,2.0,0.1666666666666666,0.4207866473674743,4.0,169.45,0,1,1,0,0.5,0.0
T0000742,2024-04-30 20:30:28,A100181,A100143,transfer,62.68,remittance,NG,branch,normal transaction,0,20,1,1,4,4,1,2,40.987142857142864,25.057577506139545,7,40.987142857142864,25.057577506139545,7,3,0.8657204101961411,0.0865720410196141,0.0031873189483451,1.0,3.0,0.0,0.2868596366614269,5.0,208.34,1,1,1,0,0.8,0.0
T0000743,2024-04-30 22:49:48,A100096,A100078,transfer,54.64,utilities,GB,branch,normal transaction,0,22,1,1,8,2,1,2,37.41,20.8341610502239,4,37.41,20.8341610502239,4,4,0.8270071029717673,0.0827007102971767,0.0009628187255515,1.0,4.0,0.0,0.350991785380515,3.0,129.72,0,1,0,0,0.3,0.0
T0000744,2024-05-01 00:01:50,A100186,0,withdrawal,27.99,grocery,RU,online,normal transaction,0,0,2,0,1,5,3,3,20.5625,6.715709816045756,4,20.5625,6.715709816045756,4,2,1.1059886590491024,0.1105988659049102,0.0418110128275317,2.0,2.0,0.0,0.3837951657578651,4.0,82.25,0,1,1,0,0.5,0.0
T0000745,2024-05-01 01:17:26,A100046,0,payment,20.65,remittance,NG,online,normal transaction,0,1,2,0,4,4,3,1,1027.1866666666667,2337.282116561884,9,1027.1866666666667,2337.282116561884,9,3,-0.4306440626502662,0.0430644062650266,0.0011784145803266,1.0,3.0,0.0,0.2818178038313734,5.0,175.79000000000002,1,0,1,0,0.5,0.02
T0000746,2024-05-01 04:33:13,A100127,A100036,transfer,11.33,remittance,US,branch,normal transaction,0,4,2,1,4,7,1,2,1187.0942105263157,1118.0985360836485,19,1187.0942105263157,1118.0985360836485,19,2,-1.0515747687078434,0.1051574768707843,0.0026067503189037,1.0,2.0,0.0,0.215687487206162,5.0,260.88,1,0,0,0,0.3,0.06666666666666667
T0000747,2024-05-01 06:54:06,A100088,A100081,transfer,42.07,travel,US,atm,normal transaction,0,6,2,1,7,7,0,2,46.15166666666667,27.523971673191834,6,46.15166666666667,27.523971673191834,6,5,-0.148294968721655,0.0148294968721655,0.0009990320634662,1.0,5.0,0.0,0.4207977431823965,5.0,210.88,1,1,0,0,0.6,0.0
T0000748,2024-05-01 09:35:11,A100114,A100002,transfer,99.58,utilities,NG,branch,normal transaction,0,9,2,1,8,4,1,2,104.3075,71.74713902542271,4,104.3075,71.74713902542271,4,2,-0.0658911281805083,0.0065891128180508,0.0032402492372152,5.0,2.0,0.0476190476190476,0.5359748767960654,4.0,417.23,0,1,1,0,0.5,0.0
T0000749,2024-05-01 13:27:49,A100177,0,withdrawal,234.71,electronics,AE,atm,normal transaction,0,13,2,0,0,0,0,3,234.71,0.0,1,234.71,0.0,1,0,0.0,0.0,0.0032744936525933,4.0,0.0,0.0,0.287078422728512,1.0,234.71,0,0,1,0,0.2,0.0
T0000750,2024-05-01 15:28:28,A100027,0,deposit,466.07,grocery,IN,mobile,normal transaction,0,15,2,0,1,3,2,0,86.375,155.1810511260039,8,86.375,155.1810511260039,8,5,2.4467871225134843,0.2446787122513484,0.0011652423832275,1.0,5.0,0.0,0.4212148882990121,5.0,632.34,1,1,0,0,0.6,0.0
T0000751,2024-05-01 16:30:29,A100112,0,payment,7.37,salary,GB,mobile,normal transaction,0,16,2,0,5,2,2,1,1499.936,3280.3214547861007,5,1499.936,3280.3214547861007,5,3,-0.4550060169765647,0.0455006016976564,0.00763065486843,5.0,3.0,0.0,0.5768715525970871,3.0,76.5,0,0,0,0,0.0,0.0
T0000752,2024-05-02 02:06:56,A100126,A100096,transfer,98.08,remittance,RU,online,normal transaction,0,2,3,1,4,5,3,2,3737.764545454545,2930.546239714922,11,3737.764545454545,2930.546239714922,11,2,-1.2419816124677918,0.1241981612467791,0.0013805348552887,1.0,2.0,0.0,0.2126100020457949,4.0,166.11,0,0,1,0,0.2,0.03333333333333333
T0000753,2024-05-02 02:40:32,A100122,0,payment,36.52,health,GB,mobile,normal transaction,0,2,3,0,2,2,2,1,39.27333333333333,5.738818112933473,3,39.27333333333333,5.738818112933473,3,2,-0.4797735002882722,0.0479773500288272,0.0091336184454716,4.0,2.0,0.0,0.4412134609898872,3.0,117.82,0,0,0,0,0.0,0.0
T0000754,2024-05-02 03:12:31,A100018,0,payment,61.66,grocery,CN,online,normal transaction,0,3,3,0,1,1,3,1,40.385,21.76861425692197,4,40.385,21.76861425692197,4,1,0.9773244530671276,0.0977324453067127,0.0029736303296915,3.0,1.0,0.0,0.2863233332364912,4.0,161.54,0,1,0,0,0.3,0.0
T0000755,2024-05-02 14:44:28,A100081,0,deposit,22.88,utilities,US,online,normal transaction,0,14,3,0,8,7,3,0,107.2825,98.7534338221546,4,107.2825,98.7534338221546,4,3,-0.8546791324474005,0.08546791324474,0.0010985040090594,1.0,3.0,0.0,0.2816172488681319,4.0,429.13,0,1,0,0,0.3,0.0
T0000756,2024-05-02 17:13:32,A100087,0,payment,102.11,travel,RU,branch,normal transaction,0,17,3,0,7,5,1,1,52.1525,36.95951332201224,4,52.1525,36.95951332201224,4,1,1.351681722999441,0.135168172299944,0.0270332350693237,6.0,1.0,0.0,0.5558519626287659,3.0,182.26,0,1,1,0,0.5,0.0
T0000757,2024-05-02 20:46:46,A100187,A100019,transfer,31.46,electronics,AE,mobile,normal transaction,0,20,3,1,0,0,2,2,560.5400000000001,1125.7308155149703,5,560.5400000000001,1125.7308155149703,5,4,-0.4699880222146909,0.046998802221469,0.0071633167097348,2.0,4.0,0.0,0.4362685108297421,4.0,230.3,0,0,1,0,0.2,0.0
T0000758,2024-05-02 22:07:32,A100180,0,withdrawal,18.25,grocery,RU,branch,normal transaction,0,22,3,0,1,5,1,3,752.1566666666666,2108.24314388782,9,752.1566666666666,2108.24314388782,9,5,-0.3481129149862446,0.0348112914986244,0.0012979278031234,2.0,5.0,0.0476190476190476,0.531100149990339,5.0,268.15999999999997,1,0,1,0,0.5,0.0
T0000759,2024-05-03 00:59:21,A100155,A100111,transfer,130.9,travel,IN,online,normal transaction,0,0,4,1,7,3,3,2,48.43333333333334,71.41908591779465,3,48.43333333333334,71.41908591779465,3,2,1.1546866562658256,0.1154686656265825,0.006324016655442,3.0,2.0,0.0,0.3644470121009379,3.0,145.3,0,0,0,0,0.0,0.0
T0000760,2024-05-03 04:26:00,A100084,0,payment,31.35,health,NG,mobile,normal transaction,0,4,4,0,2,4,2,1,3508.465,2087.9891353274456,12,3508.465,2087.9891353274456,12,2,-1.665293626055872,0.1665293626055872,0.0041142750431366,3.0,2.0,0.0,0.3589011294873989,2.0,63.68,0,0,1,0,0.2,0.0
T0000761,2024-05-03 11:27:47,A100178,0,payment,44.06,utilities,CN,atm,normal transaction,0,11,4,0,8,1,0,1,67.71,70.54372332107229,3,67.71,70.54372332107229,3,0,-0.3352530679038084,0.0335253067903808,0.0016145859637045,3.0,0.0,0.0,0.2131974100783061,3.0,203.13,0,0,0,0,0.0,0.0
T0000762,2024-05-03 14:52:18,A100060,0,payment,27.18,electronics,IN,mobile,normal transaction,0,14,4,0,0,3,2,1,40.076,32.51319316831246,5,40.076,32.51319316831246,5,2,-0.3966389747264055,0.0396638974726405,0.0057399168279025,4.0,2.0,0.0666666666666666,0.4884682008556349,5.0,200.38,1,1,0,0,0.6,0.0
T0000763,2024-05-03 22:34:01,A100146,A100140,transfer,28.47,other,GB,online,normal transaction,0,22,4,1,3,2,3,2,923.3125,1702.373368220086,4,923.3125,1702.373368220086,4,2,-0.5256440897039861,0.0525644089703986,0.0080708580844685,3.0,2.0,0.1,0.4524892203894964,3.0,218.41,0,0,0,0,0.0,0.006666666666666667
T0000764,2024-05-04 06:04:31,A100092,0,payment,59.95,grocery,RU,online,normal transaction,0,6,5,0,1,5,3,1,64.89666666666666,16.669860027406752,3,64.89666666666666,16.669860027406752,3,0,-0.2967431257245572,0.0296743125724557,0.0029052926590231,4.0,0.0,0.0,0.2861518232746481,3.0,194.69,0,0,1,0,0.2,0.0
T0000765,2024-05-04 10:00:56,A100075,0,payment,1.75,other,NG,online,normal transaction,0,10,5,0,3,4,3,1,4944.955,2602.4819475742765,10,4944.955,2602.4819475742765,10,1,-1.8994195147858937,0.1899419514785894,0.0052037587824693,4.0,1.0,0.0,0.3616354532174005,2.0,14.19,0,0,1,0,0.2,0.013333333333333334
T0000766,2024-05-04 10:05:33,A100006,A100052,transfer,101.91,travel,CN,online,normal transaction,0,10,5,1,7,1,3,2,60.09333333333333,44.93071592277752,3,60.09333333333333,44.93071592277752,3,2,0.930692175211382,0.0930692175211382,0.0009600147847909,0.0,2.0,0.0,0.1418395332736579,3.0,180.28,0,1,0,0,0.3,0.0
T0000767,2024-05-04 14:48:36,A100121,0,deposit,85.42,electronics,CN,mobile,normal transaction,0,14,5,0,0,1,2,0,85.42,0.0,1,85.42,0.0,1,0,0.0,0.0,0.0012601524117355,2.0,0.0,0.0,0.1425928014556353,1.0,85.42,0,0,0,0,0.0,0.0
T0000768,2024-05-04 16:13:59,A100120,A100125,transfer,17.7,utilities,US,mobile,normal transaction,0,16,5,1,8,7,2,2,61.4725,37.51498844906304,4,61.4725,37.51498844906304,4,2,-1.1668002748456925,0.1166800274845692,0.0062053708297354,5.0,2.0,0.0,0.5035793849118725,3.0,186.04,0,1,0,0,0.3,0.0
T0000769,2024-05-04 17:10:46,A100047,0,payment,78.44,remittance,RU,atm,normal transaction,0,17,5,0,4,5,0,1,66.58,27.24981284339399,3,66.58,27.24981284339399,3,1,0.4352323310595807,0.043523233105958,0.001608383522562,1.0,1.0,0.0,0.1434667719018955,2.0,113.85,0,0,1,0,0.2,0.0
T0000770,2024-05-04 17:12:54,A100047,0,payment,85.89,other,IN,atm,normal transaction,0,17,5,0,3,3,0,1,66.58,27.24981284339399,3,66.58,27.24981284339399,3,1,0.7086286941619313,0.0708628694161931,0.001608383522562,1.0,1.0,0.0,0.1434667719018955,3.0,199.74,0,0,0,0,0.0,0.0
T0000771,2024-05-04 18:36:39,A100112,0,deposit,55.32,other,CN,branch,normal transaction,0,18,5,0,3,1,1,0,1499.936,3280.3214547861007,5,1499.936,3280.3214547861007,5,3,-0.4403885471199377,0.0440388547119937,0.00763065486843,5.0,3.0,0.0,0.5768715525970871,4.0,131.82,0,0,0,0,0.0,0.006666666666666667
T0000772,2024-05-04 23:57:59,A100068,0,payment,17.44,grocery,GB,online,normal transaction,0,23,5,0,1,2,3,1,59.54333333333333,68.89199537440228,6,59.54333333333333,68.89199537440228,6,1,-0.611149851203577,0.0611149851203577,0.0013370318109585,1.0,1.0,0.0,0.1427857489573321,4.0,325.14,0,1,0,0,0.3,0.0
T0000773,2024-05-05 05:34:00,A100021,0,payment,51.0,remittance,RU,branch,normal transaction,0,5,6,0,4,5,1,1,35.81333333333333,20.217495064094035,6,35.81333333333333,20.217495064094035,6,0,0.751164566498319,0.0751164566498319,0.0107483395129891,1.0,0.0,0.0,0.0966906369777438,5.0,182.17,1,1,1,0,0.8,0.0
T0000774,2024-05-05 09:51:53,A100141,0,payment,47.06,grocery,RU,mobile,normal transaction,0,9,6,0,1,5,2,1,25.9625,15.094826691855156,8,25.9625,15.094826691855156,8,6,1.3976641821081377,0.1397664182108137,0.003100487294169,2.0,6.0,0.0,0.5655019981448353,5.0,131.38,1,1,1,0,0.8,0.0
T0000775,2024-05-05 10:14:09,A100137,A100175,transfer,96.56,other,NG,mobile,normal transaction,0,10,6,1,3,4,2,2,135.2375,133.4397043299582,4,135.2375,133.4397043299582,4,3,-0.2898500105674066,0.0289850010567406,0.0047133027291921,3.0,3.0,0.0,0.430119606423021,4.0,540.95,0,1,1,0,0.5,0.0
T0000776,2024-05-05 10:33:32,A100076,A100020,transfer,16.86,salary,IN,branch,normal transaction,0,10,6,1,5,3,1,2,68.21333333333332,68.25519281832457,6,68.21333333333332,68.25519281832457,6,2,-0.7523725369533186,0.0752372536953318,0.0026448830076643,3.0,2.0,0.1,0.4388714197053023,5.0,209.40999999999997,1,1,0,0,0.6,0.0
T0000777,2024-05-05 12:16:29,A100030,0,deposit,28.66,other,GB,branch,normal transaction,0,12,6,0,3,2,1,0,49.626666666666665,62.159992760617335,9,49.626666666666665,62.159992760617335,9,3,-0.3373016211586318,0.0337301621158631,0.0009600147847909,0.0,3.0,0.0,0.2115546049194381,5.0,282.64,1,1,0,0,0.6,0.0
T0000778,2024-05-05 18:52:50,A100054,0,payment,4.98,health,GB,online,normal transaction,0,18,6,0,2,2,3,1,65.89555555555555,75.70479246902258,9,65.89555555555555,75.70479246902258,9,2,-0.8046459512564604,0.080464595125646,0.001236184758784,2.0,2.0,0.1666666666666666,0.4213929353996191,5.0,199.48,1,1,0,0,0.6,0.0
T0000779,2024-05-05 19:12:01,A100108,A100020,transfer,40.99,salary,NG,branch,normal transaction,0,19,6,1,5,4,1,2,53.5525,47.52469279227379,4,53.5525,47.52469279227379,4,3,-0.2643362638991336,0.0264336263899133,0.0017610175810761,2.0,3.0,0.1,0.4366531450098685,4.0,214.21,0,1,1,0,0.5,0.0
T0000780,2024-05-06 01:31:47,A100152,A100066,transfer,6.64,remittance,US,online,normal transaction,0,1,0,1,4,7,3,2,83.35799999999999,60.30495891715705,5,83.35799999999999,60.30495891715705,5,1,-1.2721673325940368,0.1272167332594037,0.0014292260405624,2.0,1.0,0.0,0.2127322043867102,5.0,416.78999999999996,1,1,0,0,0.6,0.0
T0000781,2024-05-06 02:35:15,A100099,0,withdrawal,15.44,salary,AE,atm,normal transaction,0,2,0,0,5,0,0,3,19.69,11.036797542765743,3,19.69,11.036797542765743,3,1,-0.3850754350124232,0.0385075435012423,0.0009685489232786,1.0,1.0,0.0,0.1418609517643977,3.0,59.06999999999999,0,0,1,0,0.2,0.0
T0000782,2024-05-06 09:05:43,A100133,0,payment,75.9,other,IN,mobile,normal transaction,0,9,0,0,3,3,2,1,47.205000000000005,40.58085817229597,2,47.205000000000005,40.58085817229597,2,0,0.7071067637619095,0.0707106763761909,0.0038874440856352,2.0,0.0,0.0,0.1491866272377254,2.0,94.41000000000001,0,0,0,0,0.0,0.0
T0000783,2024-05-06 10:38:48,A100028,A100106,transfer,27.28,travel,GB,online,normal transaction,0,10,0,1,7,2,3,2,809.96375,1481.7660718879397,8,809.96375,1481.7660718879397,8,6,-0.5282100625198964,0.0528210062519896,0.0017760509694807,1.0,6.0,0.0,0.4924629322614822,5.0,151.68,1,0,0,0,0.3,0.02
T0000784,2024-05-06 11:40:17,A100027,A100144,transfer,35.16,electronics,CN,atm,normal transaction,0,11,0,1,0,1,0,2,86.375,155.1810511260039,8,86.375,155.1810511260039,8,5,-0.3300338494832118,0.0330033849483211,0.0011652423832275,1.0,5.0,0.0,0.4212148882990121,5.0,613.93,1,1,0,0,0.6,0.0
T0000785,2024-05-06 13:26:34,A100105,A100067,transfer,43.7,salary,UA,mobile,normal transaction,0,13,0,1,5,6,2,2,976.9714285714286,2464.683787597837,7,976.9714285714286,2464.683787597837,7,4,-0.3786576732029257,0.0378657673202925,0.020036178653738,4.0,4.0,0.0,0.6080062238589495,5.0,213.2,1,0,1,0,0.5,0.03333333333333333
T0000786,2024-05-06 13:58:02,A100009,0,payment,1.62,travel,CN,mobile,normal transaction,0,13,0,0,7,1,2,1,28.97125,14.478163298567951,8,28.97125,14.478163298567951,8,3,-1.8891379760558,0.1889137976055799,0.0009600147847909,0.0,3.0,0.0,0.2115546049194381,5.0,140.11,1,1,0,0,0.6,0.0
T0000787,2024-05-06 17:29:36,A100036,A100158,transfer,39.8,salary,IN,mobile,normal transaction,0,17,0,1,5,3,2,2,47.31,10.62074385342195,2,47.31,10.62074385342195,2,1,-0.7071067146086578,0.0707106714608657,0.0225980535501871,5.0,1.0,0.0,0.4750057270777142,2.0,94.62,0,0,0,0,0.0,0.0
T0000788,2024-05-06 17:47:28,A100084,A100176,transfer,74.23,health,IN,mobile,normal transaction,0,17,0,1,2,3,2,2,3508.465,2087.9891353274456,12,3508.465,2087.9891353274456,12,2,-1.644757120738885,0.1644757120738885,0.0041142750431366,3.0,2.0,0.0,0.3589011294873989,3.0,137.91,0,0,0,0,0.0,0.013333333333333334
T0000789,2024-05-07 00:42:25,A100068,0,payment,12.51,remittance,IN,atm,normal transaction,0,0,1,0,4,3,0,1,59.54333333333333,68.89199537440228,6,59.54333333333333,68.89199537440228,6,1,-0.682711139298747,0.0682711139298747,0.0013370318109585,1.0,1.0,0.0,0.1427857489573321,5.0,337.65,1,1,0,0,0.6,0.0
T0000790,2024-05-07 03:55:23,A100077,A100079,transfer,49.03,utilities,UA,online,normal transaction,0,3,1,1,8,6,3,2,37.25666666666667,26.527695590332254,3,37.25666666666667,26.527695590332254,3,3,0.4438128766002248,0.0443812876600224,0.0050597602600149,4.0,3.0,0.0476190476190476,0.540541381083397,3.0,111.77000000000001,0,0,1,0,0.2,0.0
T0000791,2024-05-07 05:11:22,A100058,A100034,transfer,19.91,utilities,UA,atm,normal transaction,0,5,1,1,8,6,0,2,50.725,47.808839838116405,4,50.725,47.808839838116405,4,1,-0.644546060096739,0.0644546060096739,0.0009600147847909,0.0,1.0,0.0,0.0721244616278777,4.0,202.9,0,1,1,0,0.5,0.0
T0000792,2024-05-07 06:31:38,A100068,0,deposit,19.61,salary,US,branch,normal transaction,0,6,1,0,5,7,1,0,59.54333333333333,68.89199537440228,6,59.54333333333333,68.89199537440228,6,1,-0.5796512720622955,0.0579651272062295,0.0013370318109585,1.0,1.0,0.0,0.1427857489573321,5.0,254.17,1,1,0,0,0.6,0.0
T0000793,2024-05-07 12:03:02,A100113,A100054,transfer,38.57,salary,UA,atm,normal transaction,0,12,1,1,5,6,0,2,75.43,70.7530658935239,4,75.43,70.7530658935239,4,3,-0.5209668162578808,0.052096681625788,0.0019233035652619,1.0,3.0,0.1666666666666666,0.4231174267252388,4.0,301.72,0,1,1,0,0.5,0.0
T0000794,2024-05-07 12:03:03,A100014,A100131,transfer,23.86,travel,US,atm,normal transaction,0,12,1,1,7,7,0,2,36.31666666666667,10.810801697068232,3,36.31666666666667,10.810801697068232,3,3,-1.1522425314491014,0.1152242531449101,0.0010169883468254,1.0,3.0,0.0,0.2814126655397478,3.0,108.95,0,0,0,0,0.0,0.0
T0000795,2024-05-07 19:21:52,A100181,0,deposit,38.67,salary,GB,online,normal transaction,0,19,1,0,5,2,3,0,40.987142857142864,25.057577506139545,7,40.987142857142864,25.057577506139545,7,3,-0.0924727366044217,0.0092472736604421,0.0031873189483451,1.0,3.0,0.0,0.2868596366614269,5.0,216.27,1,1,0,0,0.6,0.0
T0000796,2024-05-07 20:29:53,A100044,A100049,transfer,17.15,health,IN,branch,normal transaction,0,20,1,1,2,3,1,2,65.94,51.54232096054658,5,65.94,51.54232096054658,5,5,-0.9466007378819028,0.0946600737881902,0.0067860529561936,4.0,5.0,0.0277777777777777,0.6677052480764735,5.0,329.7,1,1,0,0,0.6,0.0
T0000797,2024-05-07 22:17:04,A100008,0,withdrawal,24.44,other,IN,atm,normal transaction,0,22,1,0,3,3,0,3,46.3925,41.44264741784723,4,46.3925,41.44264741784723,4,2,-0.529707941892685,0.0529707941892685,0.0043994142415665,4.0,2.0,0.0,0.4293318271204911,4.0,185.57,0,1,0,0,0.3,0.0
T0000798,2024-05-08 05:40:59,A100180,A100050,transfer,43.06,utilities,AE,mobile,normal transaction,0,5,2,1,8,0,2,2,752.1566666666666,2108.24314388782,9,752.1566666666666,2108.24314388782,9,5,-0.3363448226482423,0.0336344822648242,0.0012979278031234,2.0,5.0,0.0476190476190476,0.531100149990339,5.0,276.46999999999997,1,0,1,0,0.5,0.0
T0000799,2024-05-08 07:57:30,A100129,0,payment,40.19,salary,US,online,normal transaction,0,7,2,0,5,7,3,1,50.277142857142856,63.86076174362619,7,50.277142857142856,63.86076174362619,7,2,-0.1579552517660719,0.0157955251766071,0.0045056635234006,3.0,2.0,0.0,0.3598834138213446,5.0,318.86,1,1,0,0,0.6,0.0
T0000800,2024-05-08 09:51:11,A100061,0,payment,43.18,remittance,UA,mobile,normal transaction,0,9,2,0,4,6,2,1,61.5525,43.00580997570755,4,61.5525,43.00580997570755,4,1,-0.4272097091804169,0.0427209709180416,0.0017760509694807,1.0,1.0,0.0,0.1438875740325811,4.0,246.21,0,1,1,0,0.5,0.0
T0000801,2024-05-08 12:34:35,A100045,A100121,transfer,18.49,remittance,AE,branch,normal transaction,0,12,2,1,4,0,1,2,640.21,1781.6826732614315,9,640.21,1781.6826732614315,9,8,-0.3489510275771886,0.0348951027577188,0.0009887221997201,1.0,8.0,0.0277777777777777,0.6531554402309674,5.0,207.01,1,0,1,0,0.5,0.0
T0000802,2024-05-08 16:34:58,A100066,A100191,transfer,86.96,electronics,CN,online,normal transaction,0,16,2,1,0,1,3,2,41.415,32.80617878794582,4,41.415,32.80617878794582,4,2,1.3883055050723976,0.1388305505072397,0.0029909254732373,2.0,2.0,0.0,0.2863667395946622,4.0,165.66,0,1,0,0,0.3,0.0
T0000803,2024-05-09 06:06:50,A100098,0,payment,113.99,grocery,GB,branch,normal transaction,0,6,3,0,1,2,1,1,74.00999999999999,29.275790908758264,4,74.00999999999999,29.275790908758264,4,3,1.3656334258899905,0.136563342588999,0.0020837219463538,1.0,3.0,0.0,0.2840898922751986,4.0,296.03999999999996,0,1,0,0,0.3,0.0
T0000804,2024-05-09 18:09:32,A100056,A100165,transfer,17.86,health,NG,atm,normal transaction,0,18,3,1,2,4,0,2,48.78666666666666,51.05012863189801,3,48.78666666666666,51.05012863189801,3,2,-0.60580975777469,0.060580975777469,0.0014349671068512,1.0,2.0,0.0,0.2127466129852256,3.0,146.35999999999999,0,0,1,0,0.2,0.0
T0000805,2024-05-10 00:14:55,A100166,A100104,transfer,24.14,grocery,IN,mobile,normal transaction,0,0,4,1,1,3,2,2,11.616666666666667,11.113326834631174,3,11.616666666666667,11.113326834631174,3,1,1.1268751826350631,0.1126875182635063,0.0138236959534462,4.0,1.0,0.0,0.3832692765658446,3.0,34.85,0,0,0,0,0.0,0.0
T0000806,2024-05-10 00:26:46,A100033,A100165,transfer,33.13,travel,IN,branch,normal transaction,0,0,4,1,7,3,1,2,2312.938,3268.9619588135315,5,2312.938,3268.9619588135315,5,5,-0.6974103792049159,0.0697410379204915,0.0023273151367789,3.0,5.0,0.0357142857142857,0.5934394229085358,2.0,83.02000000000001,0,0,0,0,0.0,0.0
T0000807,2024-05-10 02:42:49,A100064,A100155,transfer,60.41,utilities,CN,mobile,normal transaction,0,2,4,1,8,1,2,2,46.998000000000005,14.91650327657256,5,46.998000000000005,14.91650327657256,5,3,0.8991382800770888,0.0899138280077088,0.0104934322671043,1.0,3.0,0.0,0.3051961003463284,5.0,234.99,1,1,0,0,0.6,0.0
T0000808,2024-05-10 03:39:03,A100096,A100089,transfer,19.92,other,CN,branch,normal transaction,0,3,4,1,3,1,1,2,37.41,20.8341610502239,4,37.41,20.8341610502239,4,4,-0.8394866065569473,0.0839486606556947,0.0009628187255515,1.0,4.0,0.0,0.350991785380515,4.0,149.64,0,1,0,0,0.3,0.0
T0000809,2024-05-10 09:29:14,A100119,A100077,transfer,28.57,salary,US,online,normal transaction,0,9,4,1,5,7,3,2,18.49,11.417650809163854,5,18.49,11.417650809163854,5,4,0.8828435275903009,0.0882843527590301,0.0011119802980157,1.0,4.0,0.0,0.3513661425301159,5.0,92.45,1,1,0,0,0.6,0.0
T0000810,2024-05-10 16:23:42,A100130,0,payment,61.7,remittance,CN,atm,normal transaction,0,16,4,0,4,1,0,1,47.456,21.581161460866745,5,47.456,21.581161460866745,5,1,0.6600200534067028,0.0660020053406702,0.0284621825335371,4.0,1.0,0.0,0.4200081096316504,5.0,237.28,1,1,0,0,0.6,0.0
T0000811,2024-05-10 18:57:06,A100175,0,payment,10.6,electronics,UA,online,normal transaction,0,18,4,0,0,6,3,1,4568.722857142858,10138.80446468043,7,4568.722857142858,10138.80446468043,7,5,-0.4495720252394625,0.0449572025239462,0.0550128933801561,7.0,5.0,0.0303030303030303,0.9999999958170958,5.0,300.18,1,0,1,0,0.5,0.02
T0000812,2024-05-10 19:55:25,A100086,A100070,transfer,7.0,remittance,CN,atm,normal transaction,0,19,4,1,4,1,0,2,1669.855,3306.618803153256,4,1669.855,3306.618803153256,4,4,-0.5028868153508903,0.050288681535089,0.0011351597747263,1.0,4.0,0.1,0.4350824030247175,3.0,49.66,0,0,0,0,0.0,0.0
T0000813,2024-05-10 20:30:40,A100167,A100182,transfer,75.03,utilities,NG,branch,normal transaction,0,20,4,1,8,4,1,2,419.275,1034.1869614892105,8,419.275,1034.1869614892105,8,5,-0.3328653449386251,0.0332865344938625,0.002260387364347,2.0,5.0,0.0,0.4936784919343575,5.0,205.32,1,0,1,0,0.5,0.013333333333333334
T0000814,2024-05-11 01:52:40,A100132,A100195,transfer,10.08,health,IN,mobile,normal transaction,0,1,5,1,2,3,2,2,42.45333333333333,34.73736652847094,3,42.45333333333333,34.73736652847094,3,1,-0.9319454995200764,0.0931945499520076,0.0010214411913716,1.0,1.0,0.0,0.1419936977417437,3.0,127.36,0,0,0,0,0.0,0.0
T0000815,2024-05-11 06:52:25,A100169,0,withdrawal,171.17,remittance,GB,online,normal transaction,0,6,5,0,4,2,3,3,3002.918333333333,2151.928646611235,12,3002.918333333333,2151.928646611235,12,3,-1.3159118154204312,0.1315911815420431,0.0030922546262522,3.0,3.0,0.0666666666666666,0.4818232502926876,4.0,358.86,0,0,0,0,0.0,0.006666666666666667
T0000816,2024-05-11 15:42:37,A100167,0,withdrawal,19.22,other,CN,atm,normal transaction,0,15,5,0,3,1,0,3,419.275,1034.1869614892105,8,419.275,1034.1869614892105,8,5,-0.3868304421833916,0.0386830442183391,0.002260387364347,2.0,5.0,0.0,0.4936784919343575,5.0,218.20999999999998,1,0,0,0,0.3,0.0
T0000817,2024-05-11 16:10:59,A100107,A100103,transfer,28.14,salary,IN,branch,normal transaction,0,16,5,1,5,3,1,2,4498.39,9857.792285897487,5,4498.39,9857.792285897487,5,4,-0.453473746443374,0.0453473746443374,0.0146927069332536,6.0,4.0,0.0,0.7340256286526021,4.0,360.47,0,0,0,0,0.0,0.0
T0000818,2024-05-11 17:25:43,A100087,0,payment,26.35,health,UA,atm,normal transaction,0,17,5,0,2,6,0,1,52.1525,36.95951332201224,4,52.1525,36.95951332201224,4,1,-0.6981287626020732,0.0698128762602073,0.0270332350693237,6.0,1.0,0.0,0.5558519626287659,4.0,208.61,0,1,1,0,0.5,0.0
T0000819,2024-05-11 20:08:40,A100129,A100076,transfer,12.25,travel,GB,atm,normal transaction,0,20,5,1,7,2,0,2,50.277142857142856,63.86076174362619,7,50.277142857142856,63.86076174362619,7,2,-0.5954696001644337,0.0595469600164433,0.0045056635234006,3.0,2.0,0.0,0.3598834138213446,5.0,137.57999999999998,1,0,0,0,0.3,0.0
T0000820,2024-05-11 23:10:21,A100024,A100120,transfer,32.48,travel,CN,branch,normal transaction,0,23,5,1,7,1,1,2,100.0575,126.59644028039123,4,100.0575,126.59644028039123,4,3,-0.5338025249092624,0.0533802524909262,0.0009600147847909,0.0,3.0,0.0,0.2115546049194381,4.0,400.23,0,1,0,0,0.3,0.0
T0000821,2024-05-12 12:24:51,A100174,A100085,transfer,25.46,electronics,NG,atm,normal transaction,0,12,6,1,0,4,0,2,62.17428571428571,69.56584072113334,7,62.17428571428571,69.56584072113334,7,5,-0.5277631206053863,0.0527763120605386,0.0029874908133129,1.0,5.0,0.0,0.4257882627739653,5.0,259.6,1,1,1,0,0.8,0.0
T0000822,2024-05-12 16:56:28,A100057,A100190,transfer,67.72,utilities,RU,atm,normal transaction,0,16,6,1,8,5,0,2,36.855,43.64970160264558,2,36.855,43.64970160264558,2,1,0.7071067649869692,0.0707106764986969,0.000963850833288,1.0,1.0,0.0,0.1418491607679072,2.0,73.71,0,0,1,0,0.2,0.0
T0000823,2024-05-12 19:53:16,A100095,0,payment,67.91,utilities,CN,mobile,normal transaction,0,19,6,0,8,1,2,1,3601.35625,10107.173301680255,8,3601.35625,10107.173301680255,8,3,-0.3495978691750528,0.0349597869175052,0.0230347649533767,7.0,3.0,0.0,0.7549620468642632,5.0,126.72,1,0,0,0,0.3,0.0
T0000824,2024-05-12 20:25:27,A100030,0,deposit,64.9,other,IN,online,normal transaction,0,20,6,0,3,3,3,0,49.626666666666665,62.159992760617335,9,49.626666666666665,62.159992760617335,9,3,0.2457100203734263,0.0245710020373426,0.0009600147847909,0.0,3.0,0.0,0.2115546049194381,5.0,341.84000000000003,1,1,0,0,0.6,0.0
T0000825,2024-05-12 20:56:11,A100120,0,withdrawal,59.85,health,US,mobile,normal transaction,0,20,6,0,2,7,2,3,61.4725,37.51498844906304,4,61.4725,37.51498844906304,4,2,-0.0432493790836056,0.0043249379083605,0.0062053708297354,5.0,2.0,0.0,0.5035793849118725,4.0,245.89,0,1,0,0,0.3,0.0
T0000826,2024-05-12 21:00:25,A100135,0,withdrawal,36.67,utilities,RU,online,normal transaction,0,21,6,0,8,5,3,3,34.715,20.515267241739743,6,34.715,20.515267241739743,6,1,0.0952948787685073,0.0095294878768507,0.0143244164834472,2.0,1.0,0.0,0.2450958129087314,5.0,186.55,1,1,1,0,0.8,0.0
T0000827,2024-05-12 22:43:06,A100038,A100035,transfer,155.87,health,AE,mobile,normal transaction,0,22,6,1,2,0,2,2,73.49000000000001,48.26947068282394,9,73.49000000000001,48.26947068282394,9,5,1.7066687727869587,0.1706668772786958,0.002434309874927,3.0,5.0,0.0,0.5638300643104301,5.0,344.15,1,1,1,0,0.8,0.0
T0000828,2024-05-12 22:43:25,A100145,0,withdrawal,39.05,other,GB,atm,normal transaction,0,22,6,0,3,2,0,3,30.37333333333333,12.21081624353316,3,30.37333333333333,12.21081624353316,3,2,0.7105721503826308,0.071057215038263,0.001939569566556,2.0,2.0,0.0,0.2837281069097202,3.0,91.11999999999999,0,0,0,0,0.0,0.0
T0000829,2024-05-13 06:14:04,A100183,0,deposit,34.84,travel,US,mobile,normal transaction,0,6,0,0,7,7,2,0,31.973333333333333,18.705478698320803,3,31.973333333333333,18.705478698320803,3,1,0.1532527747430081,0.0153252774743008,0.0239382061636712,1.0,1.0,0.0,0.199508878571345,3.0,95.92,0,0,0,0,0.0,0.0
T0000830,2024-05-13 15:23:15,A100085,0,payment,26.49,travel,AE,online,normal transaction,0,15,0,0,7,0,3,1,42.2425,17.48667945418264,4,42.2425,17.48667945418264,4,0,-0.9008284929363,0.09008284929363,0.0011658192979341,2.0,0.0,0.0,0.1423560496232948,4.0,168.97,0,1,1,0,0.5,0.0
T0000831,2024-05-13 17:25:03,A100001,A100115,transfer,146.92,utilities,NG,branch,normal transaction,0,17,0,1,8,4,1,2,63.51249999999999,60.7939478210345,4,63.51249999999999,60.7939478210345,4,1,1.371970428266395,0.1371970428266395,0.0010224849264258,1.0,1.0,1.0,0.9785771769974132,4.0,254.04999999999995,0,1,1,0,0.5,0.0
T0000832,2024-05-13 17:41:21,A100147,0,withdrawal,29.87,travel,UA,online,normal transaction,0,17,0,0,7,6,3,3,48.83166666666667,42.54309693318843,6,48.83166666666667,42.54309693318843,6,1,-0.4457048872285914,0.0445704887228591,0.0035094406292274,1.0,1.0,0.0,0.1482379358680758,5.0,288.62,1,1,1,0,0.8,0.0
T0000833,2024-05-13 23:11:37,A100033,A100157,transfer,6.4,salary,RU,mobile,normal transaction,0,23,0,1,5,5,2,2,2312.938,3268.9619588135315,5,2312.938,3268.9619588135315,5,5,-0.7055872868375531,0.0705587286837553,0.0023273151367789,3.0,5.0,0.0357142857142857,0.5934394229085358,3.0,89.42,0,0,1,0,0.2,0.0
T0000834,2024-05-13 23:25:55,A100109,0,payment,33.81,other,RU,online,normal transaction,0,23,0,0,3,5,3,1,32.195,2.283954903232551,2,32.195,2.283954903232551,2,1,0.70710647158916,0.0707106471589159,0.0049194869160712,3.0,1.0,0.0,0.2912069323644386,2.0,64.39,0,0,1,0,0.2,0.0
T0000835,2024-05-14 12:35:39,A100009,0,deposit,41.71,health,AE,online,normal transaction,0,12,1,0,2,0,3,0,28.97125,14.478163298567951,8,28.97125,14.478163298567951,8,3,0.8798594723268892,0.0879859472326889,0.0009600147847909,0.0,3.0,0.0,0.2115546049194381,5.0,150.82,1,1,1,0,0.8,0.0
T0000836,2024-05-14 14:24:53,A100082,0,withdrawal,22.76,health,IN,online,normal transaction,0,14,1,0,2,3,3,3,53.09333333333333,56.750026842871776,6,53.09333333333333,56.750026842871776,6,4,-0.5345078141163137,0.0534507814116313,0.0015745770367533,2.0,4.0,0.0,0.4222422129081273,5.0,273.35,1,1,0,0,0.6,0.0
T0000837,2024-05-14 18:18:37,A100160,0,payment,24.1,health,NG,atm,normal transaction,0,18,1,0,2,4,0,1,83.14750000000001,84.9639415533773,8,83.14750000000001,84.9639415533773,8,1,-0.6949712810573064,0.0694971281057306,0.0009600147847909,0.0,1.0,0.0,0.0721244616278777,5.0,436.53000000000003,1,1,1,0,0.8,0.0
T0000838,2024-05-14 21:45:50,A100079,0,deposit,54.5,travel,US,mobile,normal transaction,0,21,1,0,7,7,2,0,50.64666666666667,42.194028803453534,6,50.64666666666667,42.194028803453534,6,1,0.0913241364070407,0.009132413640704,0.003027057728813,2.0,1.0,0.0,0.2167423506091847,5.0,294.66999999999996,1,1,0,0,0.6,0.0
T0000839,2024-05-14 23:43:44,A100128,A100150,transfer,103.56,utilities,GB,online,normal transaction,0,23,1,1,8,2,3,2,55.67666666666667,46.5626329438818,6,55.67666666666667,46.5626329438818,6,4,1.0283639321401636,0.1028363932140163,0.0017180321337484,1.0,4.0,0.0,0.352887176627486,5.0,317.61,1,1,0,0,0.6,0.0
T0000840,2024-05-15 00:55:58,A100011,A100076,transfer,26.21,utilities,UA,atm,normal transaction,0,0,2,1,8,6,0,2,47.64142857142857,40.75138256491896,7,47.64142857142857,40.75138256491896,7,5,-0.5259067716630345,0.0525906771663034,0.0077230962293489,3.0,5.0,0.0714285714285714,0.636859332313052,5.0,236.92,1,1,1,0,0.8,0.0
T0000841,2024-05-15 03:28:19,A100111,0,payment,52.79,travel,AE,mobile,normal transaction,0,3,2,0,7,0,2,1,42.46,34.29482468245027,4,42.46,34.29482468245027,4,1,0.3012116199583479,0.0301211619958347,0.0062086676445132,3.0,1.0,0.0,0.2944424441309556,4.0,169.84,0,1,1,0,0.5,0.0
T0000842,2024-05-15 08:23:31,A100091,0,deposit,14.37,health,GB,mobile,normal transaction,0,8,2,0,2,2,2,0,32.276,37.3156901316323,5,32.276,37.3156901316323,5,3,-0.4798517582546178,0.0479851758254617,0.0024095657007375,1.0,3.0,0.0,0.2849076762197576,5.0,161.38000000000002,1,1,0,0,0.6,0.0
T0000843,2024-05-15 08:58:07,A100004,0,payment,267.61,health,NG,branch,normal transaction,0,8,2,0,2,4,1,1,111.05666666666669,135.7268526612672,3,111.05666666666669,135.7268526612672,3,1,1.153444061438591,0.1153444061438591,0.0009600147847909,0.0,1.0,0.0,0.0721244616278777,3.0,333.17,0,0,1,0,0.2,0.0
T0000844,2024-05-15 11:59:08,A100054,0,withdrawal,250.54,grocery,GB,online,normal transaction,0,11,2,0,1,2,3,3,65.89555555555555,75.70479246902258,9,65.89555555555555,75.70479246902258,9,2,2.439005986060824,0.2439005986060824,0.001236184758784,2.0,2.0,0.1666666666666666,0.4213929353996191,5.0,435.51,1,1,0,0,0.6,0.0
T0000845,2024-05-15 12:18:09,A100093,0,withdrawal,33.34,grocery,RU,atm,normal transaction,0,12,2,0,1,5,0,3,1022.998,2219.563042215742,5,1022.998,2219.563042215742,5,1,-0.4458796532159618,0.0445879653215961,0.0216382473371199,1.0,1.0,0.0,0.1937365739738319,4.0,121.62,0,0,1,0,0.2,0.0
T0000846,2024-05-15 18:52:55,A100197,A100136,transfer,3.63,grocery,IN,online,normal transaction,0,18,2,1,1,3,3,2,75.69833333333334,62.819306400713046,6,75.69833333333334,62.819306400713046,6,2,-1.1472322175350076,0.1147232217535007,0.0009828815154394,1.0,2.0,0.0,0.2116119945269949,5.0,332.01,1,1,0,0,0.6,0.0
T0000847,2024-05-15 19:03:41,A100167,0,withdrawal,153.46,grocery,IN,online,normal transaction,0,19,2,0,1,3,3,3,419.275,1034.1869614892105,8,419.275,1034.1869614892105,8,5,-0.2570279936233223,0.0257027993623322,0.002260387364347,2.0,5.0,0.0,0.4936784919343575,5.0,329.81,1,0,0,0,0.3,0.0
T0000848,2024-05-15 21:25:13,A100106,0,withdrawal,21.56,other,RU,online,normal transaction,0,21,2,0,3,5,3,3,30.572000000000003,21.46311650250261,5,30.572000000000003,21.46311650250261,5,3,-0.419883085434779,0.0419883085434779,0.0032972850829053,2.0,3.0,0.0,0.356850694997388,5.0,152.86,1,1,1,0,0.8,0.0
T0000849,2024-05-16 10:21:32,A100140,0,withdrawal,59.65,utilities,UA,branch,normal transaction,0,10,3,0,8,6,1,3,36.90333333333333,21.17252307433701,3,36.90333333333333,21.17252307433701,3,1,1.0743483671008154,0.1074348367100815,0.001142562816164,2.0,1.0,0.0,0.2120127534865331,3.0,110.71,0,1,1,0,0.5,0.0
T0000850,2024-05-16 10:35:32,A100173,A100080,transfer,5399.08,remittance,IN,online,smurfing sequence,1,10,3,1,4,3,3,2,3959.346363636364,2466.120818156616,11,3959.346363636364,2466.120818156616,11,1,0.5838049884579494,0.0583804988457949,0.0009600147847909,0.0,1.0,0.0,0.0721244616278777,4.0,5759.25,0,0,0,0,0.0,0.9133333333333333
T0000851,2024-05-16 12:45:32,A100173,A100080,transfer,5399.08,remittance,IN,online,smurfing sequence,1,12,3,1,4,3,3,2,3959.346363636364,2466.120818156616,11,3959.346363636364,2466.120818156616,11,1,0.5838049884579494,0.0583804988457949,0.0009600147847909,0.0,1.0,0.0,0.0721244616278777,5.0,11158.33,1,0,0,0,0.3,0.9733333333333334
T0000852,2024-05-16 14:25:32,A100173,A100080,transfer,5399.08,remittance,IN,online,smurfing sequence,1,14,3,1,4,3,3,2,3959.346363636364,2466.120818156616,11,3959.346363636364,2466.120818156616,11,1,0.5838049884579494,0.0583804988457949,0.0009600147847909,0.0,1.0,0.0,0.0721244616278777,5.0,16396.760000000002,1,1,0,0,0.6,1.0
T0000853,2024-05-16 16:25:32,A100173,A100080,transfer,5399.08,remittance,IN,online,smurfing sequence,1,16,3,1,4,3,3,2,3959.346363636364,2466.120818156616,11,3959.346363636364,2466.120818156616,11,1,0.5838049884579494,0.0583804988457949,0.0009600147847909,0.0,1.0,0.0,0.0721244616278777,5.0,21618.79,1,1,0,0,0.6,1.0
T0000854,2024-05-16 18:49:32,A100173,A100080,transfer,5399.08,remittance,IN,online,smurfing sequence,1,18,3,1,4,3,3,2,3959.346363636364,2466.120818156616,11,3959.346363636364,2466.120818156616,11,1,0.5838049884579494,0.0583804988457949,0.0009600147847909,0.0,1.0,0.0,0.0721244616278777,5.0,26995.4,1,1,0,0,0.6,1.0
T0000855,2024-05-16 20:46:32,A100173,A100080,transfer,5399.08,remittance,IN,online,smurfing sequence,1,20,3,1,4,3,3,2,3959.346363636364,2466.120818156616,11,3959.346363636364,2466.120818156616,11,1,0.5838049884579494,0.0583804988457949,0.0009600147847909,0.0,1.0,0.0,0.0721244616278777,5.0,26995.4,1,1,0,0,0.6,1.0
T0000856,2024-05-16 22:50:32,A100173,A100080,transfer,5399.08,remittance,IN,online,smurfing sequence,1,22,3,1,4,3,3,2,3959.346363636364,2466.120818156616,11,3959.346363636364,2466.120818156616,11,1,0.5838049884579494,0.0583804988457949,0.0009600147847909,0.0,1.0,0.0,0.0721244616278777,5.0,26995.4,1,1,0,0,0.6,1.0
T0000857,2024-05-17 00:23:32,A100173,A100080,transfer,5399.08,remittance,IN,online,smurfing sequence,1,0,4,1,4,3,3,2,3959.346363636364,2466.120818156616,11,3959.346363636364,2466.120818156616,11,1,0.5838049884579494,0.0583804988457949,0.0009600147847909,0.0,1.0,0.0,0.0721244616278777,5.0,26995.4,1,1,0,0,0.6,1.0
T0000858,2024-05-17 10:22:32,A100084,A100060,transfer,4662.63,remittance,IN,online,smurfing sequence,1,10,4,1,4,3,3,2,3508.465,2087.9891353274456,12,3508.465,2087.9891353274456,12,2,0.5527638913055148,0.0552763891305514,0.0041142750431366,3.0,2.0,0.0,0.3589011294873989,4.0,4800.54,0,0,0,0,0.0,0.96
T0000859,2024-05-17 10:41:32,A100127,A100050,transfer,2219.24,remittance,IN,online,smurfing sequence,1,10,4,1,4,3,3,2,1187.0942105263157,1118.0985360836485,19,1187.0942105263157,1118.0985360836485,19,2,0.9231259636255708,0.092312596362557,0.0026067503189037,1.0,2.0,0.0,0.215687487206162,5.0,2374.3999999999996,1,0,0,0,0.3,0.9333333333333333
T0000860,2024-05-17 12:22:32,A100084,A100060,transfer,4662.63,remittance,IN,online,smurfing sequence,1,12,4,1,4,3,3,2,3508.465,2087.9891353274456,12,3508.465,2087.9891353274456,12,2,0.5527638913055148,0.0552763891305514,0.0041142750431366,3.0,2.0,0.0,0.3589011294873989,5.0,9463.17,1,0,0,0,0.3,0.9733333333333334
T0000861,2024-05-17 12:28:32,A100127,A100050,transfer,2219.24,remittance,IN,online,smurfing sequence,1,12,4,1,4,3,3,2,1187.0942105263157,1118.0985360836485,19,1187.0942105263157,1118.0985360836485,19,2,0.9231259636255708,0.092312596362557,0.0026067503189037,1.0,2.0,0.0,0.215687487206162,5.0,4591.16,1,1,0,0,0.6,1.0
T0000862,2024-05-17 14:43:32,A100084,A100060,transfer,4662.63,remittance,IN,online,smurfing sequence,1,14,4,1,4,3,3,2,3508.465,2087.9891353274456,12,3508.465,2087.9891353274456,12,2,0.5527638913055148,0.0552763891305514,0.0041142750431366,3.0,2.0,0.0,0.3589011294873989,5.0,14093.470000000001,1,1,0,0,0.6,1.0
T0000863,2024-05-17 14:46:32,A100127,A100050,transfer,2219.24,remittance,IN,online,smurfing sequence,1,14,4,1,4,3,3,2,1187.0942105263157,1118.0985360836485,19,1187.0942105263157,1118.0985360836485,19,2,0.9231259636255708,0.092312596362557,0.0026067503189037,1.0,2.0,0.0,0.215687487206162,5.0,6774.879999999999,1,1,0,0,0.6,1.0
T0000864,2024-05-17 16:24:32,A100084,A100060,transfer,4662.63,remittance,IN,online,smurfing sequence,1,16,4,1,4,3,3,2,3508.465,2087.9891353274456,12,3508.465,2087.9891353274456,12,2,0.5527638913055148,0.0552763891305514,0.0041142750431366,3.0,2.0,0.0,0.3589011294873989,5.0,18724.75,1,1,0,0,0.6,1.0
T0000865,2024-05-17 16:30:32,A100127,A100050,transfer,2219.24,remittance,IN,online,smurfing sequence,1,16,4,1,4,3,3,2,1187.0942105263157,1118.0985360836485,19,1187.0942105263157,1118.0985360836485,19,2,0.9231259636255708,0.092312596362557,0.0026067503189037,1.0,2.0,0.0,0.215687487206162,5.0,8888.289999999999,1,1,0,0,0.6,1.0
T0000866,2024-05-17 18:48:32,A100127,A100050,transfer,2219.24,remittance,IN,online,smurfing sequence,1,18,4,1,4,3,3,2,1187.0942105263157,1118.0985360836485,19,1187.0942105263157,1118.0985360836485,19,2,0.9231259636255708,0.092312596362557,0.0026067503189037,1.0,2.0,0.0,0.215687487206162,5.0,11096.199999999999,1,1,0,0,0.6,1.0
T0000867,2024-05-17 18:51:32,A100084,A100060,transfer,4662.63,remittance,IN,online,smurfing sequence,1,18,4,1,4,3,3,2,3508.465,2087.9891353274456,12,3508.465,2087.9891353274456,12,2,0.5527638913055148,0.0552763891305514,0.0041142750431366,3.0,2.0,0.0,0.3589011294873989,5.0,23313.15,1,1,0,0,0.6,1.0
T0000868,2024-05-17 20:25:32,A100084,A100060,transfer,4662.63,remittance,IN,online,smurfing sequence,1,20,4,1,4,3,3,2,3508.465,2087.9891353274456,12,3508.465,2087.9891353274456,12,2,0.5527638913055148,0.0552763891305514,0.0041142750431366,3.0,2.0,0.0,0.3589011294873989,5.0,23313.15,1,1,0,0,0.6,1.0
T0000869,2024-05-17 20:38:32,A100127,A100050,transfer,2219.24,remittance,IN,online,smurfing sequence,1,20,4,1,4,3,3,2,1187.0942105263157,1118.0985360836485,19,1187.0942105263157,1118.0985360836485,19,2,0.9231259636255708,0.092312596362557,0.0026067503189037,1.0,2.0,0.0,0.215687487206162,5.0,11096.199999999999,1,1,0,0,0.6,1.0
T0000870,2024-05-17 22:28:32,A100127,A100050,transfer,2219.24,remittance,IN,online,smurfing sequence,1,22,4,1,4,3,3,2,1187.0942105263157,1118.0985360836485,19,1187.0942105263157,1118.0985360836485,19,2,0.9231259636255708,0.092312596362557,0.0026067503189037,1.0,2.0,0.0,0.215687487206162,5.0,11096.199999999999,1,1,0,0,0.6,1.0
T0000871,2024-05-17 22:48:32,A100084,A100060,transfer,4662.63,remittance,IN,online,smurfing sequence,1,22,4,1,4,3,3,2,3508.465,2087.9891353274456,12,3508.465,2087.9891353274456,12,2,0.5527638913055148,0.0552763891305514,0.0041142750431366,3.0,2.0,0.0,0.3589011294873989,5.0,23313.15,1,1,0,0,0.6,1.0
T0000872,2024-05-18 00:33:32,A100127,A100050,transfer,2219.24,remittance,IN,online,smurfing sequence,1,0,5,1,4,3,3,2,1187.0942105263157,1118.0985360836485,19,1187.0942105263157,1118.0985360836485,19,2,0.9231259636255708,0.092312596362557,0.0026067503189037,1.0,2.0,0.0,0.215687487206162,5.0,11096.199999999999,1,1,0,0,0.6,1.0
T0000873,2024-05-18 00:40:32,A100084,A100060,transfer,4662.63,remittance,IN,online,smurfing sequence,1,0,5,1,4,3,3,2,3508.465,2087.9891353274456,12,3508.465,2087.9891353274456,12,2,0.5527638913055148,0.0552763891305514,0.0041142750431366,3.0,2.0,0.0,0.3589011294873989,5.0,23313.15,1,1,0,0,0.6,1.0
T0000874,2024-05-18 02:43:32,A100084,A100060,transfer,4662.63,remittance,IN,online,smurfing sequence,1,2,5,1,4,3,3,2,3508.465,2087.9891353274456,12,3508.465,2087.9891353274456,12,2,0.5527638913055148,0.0552763891305514,0.0041142750431366,3.0,2.0,0.0,0.3589011294873989,5.0,23313.15,1,1,0,0,0.6,1.0
T0000875,2024-05-18 02:44:32,A100127,A100050,transfer,2219.24,remittance,IN,online,smurfing sequence,1,2,5,1,4,3,3,2,1187.0942105263157,1118.0985360836485,19,1187.0942105263157,1118.0985360836485,19,2,0.9231259636255708,0.092312596362557,0.0026067503189037,1.0,2.0,0.0,0.215687487206162,5.0,11096.199999999999,1,1,0,0,0.6,1.0
T0000876,2024-05-18 04:35:32,A100127,A100050,transfer,2219.24,remittance,IN,online,smurfing sequence,1,4,5,1,4,3,3,2,1187.0942105263157,1118.0985360836485,19,1187.0942105263157,1118.0985360836485,19,2,0.9231259636255708,0.092312596362557,0.0026067503189037,1.0,2.0,0.0,0.215687487206162,5.0,11096.199999999999,1,1,0,0,0.6,1.0
T0000877,2024-05-18 10:23:32,A100075,A100041,transfer,6179.42,remittance,IN,online,smurfing sequence,1,10,5,1,4,3,3,2,4944.955,2602.4819475742765,10,4944.955,2602.4819475742765,10,1,0.4743414265279649,0.0474341426527964,0.0052037587824693,4.0,1.0,0.0,0.3616354532174005,3.0,6193.61,0,0,0,0,0.0,0.88
T0000878,2024-05-18 12:39:32,A100075,A100041,transfer,6179.42,remittance,IN,online,smurfing sequence,1,12,5,1,4,3,3,2,4944.955,2602.4819475742765,10,4944.955,2602.4819475742765,10,1,0.4743414265279649,0.0474341426527964,0.0052037587824693,4.0,1.0,0.0,0.3616354532174005,4.0,12373.029999999999,0,0,0,0,0.0,0.9733333333333334
T0000879,2024-05-18 14:37:32,A100075,A100041,transfer,6179.42,remittance,IN,online,smurfing sequence,1,14,5,1,4,3,3,2,4944.955,2602.4819475742765,10,4944.955,2602.4819475742765,10,1,0.4743414265279649,0.0474341426527964,0.0052037587824693,4.0,1.0,0.0,0.3616354532174005,5.0,18552.45,1,1,0,0,0.6,1.0
T0000880,2024-05-18 16:51:32,A100075,A100041,transfer,6179.42,remittance,IN,online,smurfing sequence,1,16,5,1,4,3,3,2,4944.955,2602.4819475742765,10,4944.955,2602.4819475742765,10,1,0.4743414265279649,0.0474341426527964,0.0052037587824693,4.0,1.0,0.0,0.3616354532174005,5.0,24719.43,1,1,0,0,0.6,1.0
T0000881,2024-05-18 18:28:32,A100075,A100041,transfer,6179.42,remittance,IN,online,smurfing sequence,1,18,5,1,4,3,3,2,4944.955,2602.4819475742765,10,4944.955,2602.4819475742765,10,1,0.4743414265279649,0.0474341426527964,0.0052037587824693,4.0,1.0,0.0,0.3616354532174005,5.0,30897.1,1,1,0,0,0.6,1.0
T0000882,2024-05-18 20:44:32,A100075,A100041,transfer,6179.42,remittance,IN,online,smurfing sequence,1,20,5,1,4,3,3,2,4944.955,2602.4819475742765,10,4944.955,2602.4819475742765,10,1,0.4743414265279649,0.0474341426527964,0.0052037587824693,4.0,1.0,0.0,0.3616354532174005,5.0,30897.1,1,1,0,0,0.6,1.0
T0000883,2024-05-18 22:51:32,A100075,A100041,transfer,6179.42,remittance,IN,online,smurfing sequence,1,22,5,1,4,3,3,2,4944.955,2602.4819475742765,10,4944.955,2602.4819475742765,10,1,0.4743414265279649,0.0474341426527964,0.0052037587824693,4.0,1.0,0.0,0.3616354532174005,5.0,30897.1,1,1,0,0,0.6,1.0
T0000884,2024-05-19 00:37:32,A100075,A100041,transfer,6179.42,remittance,IN,online,smurfing sequence,1,0,6,1,4,3,3,2,4944.955,2602.4819475742765,10,4944.955,2602.4819475742765,10,1,0.4743414265279649,0.0474341426527964,0.0052037587824693,4.0,1.0,0.0,0.3616354532174005,5.0,30897.1,1,1,0,0,0.6,1.0
T0000885,2024-05-20 10:24:32,A100126,A100038,transfer,5849.9,remittance,IN,online,smurfing sequence,1,10,0,1,4,3,3,2,3737.764545454545,2930.546239714922,11,3737.764545454545,2930.546239714922,11,2,0.7207309767718212,0.0720730976771821,0.0013805348552887,1.0,2.0,0.0,0.2126100020457949,5.0,6016.009999999999,1,0,0,0,0.3,0.9666666666666667
T0000886,2024-05-20 10:30:32,A100169,A100133,transfer,4459.52,remittance,IN,online,smurfing sequence,1,10,0,1,4,3,3,2,3002.918333333333,2151.928646611235,12,3002.918333333333,2151.928646611235,12,3,0.6768819534437533,0.0676881953443753,0.0030922546262522,3.0,3.0,0.0666666666666666,0.4818232502926876,5.0,4818.38,1,0,0,0,0.3,0.98
T0000887,2024-05-20 12:41:32,A100169,A100133,transfer,4459.52,remittance,IN,online,smurfing sequence,1,12,0,1,4,3,3,2,3002.918333333333,2151.928646611235,12,3002.918333333333,2151.928646611235,12,3,0.6768819534437533,0.0676881953443753,0.0030922546262522,3.0,3.0,0.0666666666666666,0.4818232502926876,5.0,9136.23,1,1,0,0,0.6,1.0
T0000888,2024-05-20 12:46:32,A100126,A100038,transfer,5849.9,remittance,IN,online,smurfing sequence,1,12,0,1,4,3,3,2,3737.764545454545,2930.546239714922,11,3737.764545454545,2930.546239714922,11,2,0.7207309767718212,0.0720730976771821,0.0013805348552887,1.0,2.0,0.0,0.2126100020457949,5.0,11830.899999999998,1,1,0,0,0.6,1.0
T0000889,2024-05-20 14:38:32,A100126,A100038,transfer,5849.9,remittance,IN,online,smurfing sequence,1,14,0,1,4,3,3,2,3737.764545454545,2930.546239714922,11,3737.764545454545,2930.546239714922,11,2,0.7207309767718212,0.0720730976771821,0.0013805348552887,1.0,2.0,0.0,0.2126100020457949,5.0,17668.399999999998,1,1,0,0,0.6,1.0
T0000890,2024-05-20 14:41:32,A100169,A100133,transfer,4459.52,remittance,IN,online,smurfing sequence,1,14,0,1,4,3,3,2,3002.918333333333,2151.928646611235,12,3002.918333333333,2151.928646611235,12,3,0.6768819534437533,0.0676881953443753,0.0030922546262522,3.0,3.0,0.0666666666666666,0.4818232502926876,5.0,13575.04,1,1,0,0,0.6,1.0
T0000891,2024-05-20 16:24:32,A100126,A100038,transfer,5849.9,remittance,IN,online,smurfing sequence,1,16,0,1,4,3,3,2,3737.764545454545,2930.546239714922,11,3737.764545454545,2930.546239714922,11,2,0.7207309767718212,0.0720730976771821,0.0013805348552887,1.0,2.0,0.0,0.2126100020457949,5.0,23497.68,1,1,0,0,0.6,1.0
T0000892,2024-05-20 16:44:32,A100169,A100133,transfer,4459.52,remittance,IN,online,smurfing sequence,1,16,0,1,4,3,3,2,3002.918333333333,2151.928646611235,12,3002.918333333333,2151.928646611235,12,3,0.6768819534437533,0.0676881953443753,0.0030922546262522,3.0,3.0,0.0666666666666666,0.4818232502926876,5.0,18009.25,1,1,0,0,0.6,1.0
T0000893,2024-05-20 18:26:32,A100169,A100133,transfer,4459.52,remittance,IN,online,smurfing sequence,1,18,0,1,4,3,3,2,3002.918333333333,2151.928646611235,12,3002.918333333333,2151.928646611235,12,3,0.6768819534437533,0.0676881953443753,0.0030922546262522,3.0,3.0,0.0666666666666666,0.4818232502926876,5.0,22297.600000000002,1,1,0,0,0.6,1.0
T0000894,2024-05-20 18:45:32,A100126,A100038,transfer,5849.9,remittance,IN,online,smurfing sequence,1,18,0,1,4,3,3,2,3737.764545454545,2930.546239714922,11,3737.764545454545,2930.546239714922,11,2,0.7207309767718212,0.0720730976771821,0.0013805348552887,1.0,2.0,0.0,0.2126100020457949,5.0,29249.5,1,1,0,0,0.6,1.0
T0000895,2024-05-20 20:35:32,A100169,A100133,transfer,4459.52,remittance,IN,online,smurfing sequence,1,20,0,1,4,3,3,2,3002.918333333333,2151.928646611235,12,3002.918333333333,2151.928646611235,12,3,0.6768819534437533,0.0676881953443753,0.0030922546262522,3.0,3.0,0.0666666666666666,0.4818232502926876,5.0,22297.600000000002,1,1,0,0,0.6,1.0
T0000896,2024-05-20 20:45:32,A100126,A100038,transfer,5849.9,remittance,IN,online,smurfing sequence,1,20,0,1,4,3,3,2,3737.764545454545,2930.546239714922,11,3737.764545454545,2930.546239714922,11,2,0.7207309767718212,0.0720730976771821,0.0013805348552887,1.0,2.0,0.0,0.2126100020457949,5.0,29249.5,1,1,0,0,0.6,1.0
T0000897,2024-05-20 22:25:32,A100126,A100038,transfer,5849.9,remittance,IN,online,smurfing sequence,1,22,0,1,4,3,3,2,3737.764545454545,2930.546239714922,11,3737.764545454545,2930.546239714922,11,2,0.7207309767718212,0.0720730976771821,0.0013805348552887,1.0,2.0,0.0,0.2126100020457949,5.0,29249.5,1,1,0,0,0.6,1.0
T0000898,2024-05-20 22:48:32,A100169,A100133,transfer,4459.52,remittance,IN,online,smurfing sequence,1,22,0,1,4,3,3,2,3002.918333333333,2151.928646611235,12,3002.918333333333,2151.928646611235,12,3,0.6768819534437533,0.0676881953443753,0.0030922546262522,3.0,3.0,0.0666666666666666,0.4818232502926876,5.0,22297.600000000002,1,1,0,0,0.6,1.0
T0000899,2024-05-21 00:50:32,A100169,A100133,transfer,4459.52,remittance,IN,online,smurfing sequence,1,0,1,1,4,3,3,2,3002.918333333333,2151.928646611235,12,3002.918333333333,2151.928646611235,12,3,0.6768819534437533,0.0676881953443753,0.0030922546262522,3.0,3.0,0.0666666666666666,0.4818232502926876,5.0,22297.600000000002,1,1,0,0,0.6,1.0
T0000900,2024-05-22 10:29:32,A100065,A100164,transfer,8097.82,remittance,IN,online,smurfing sequence,1,10,2,1,4,3,3,2,6100.39875,3698.5214383605376,8,6100.39875,3698.5214383605376,8,2,0.540059394747039,0.0540059394747039,0.0029385364734011,2.0,2.0,0.0,0.2862352566910892,3.0,8314.09,0,0,0,0,0.0,0.94
T0000901,2024-05-22 10:45:32,A100026,A100130,transfer,4729.98,remittance,IN,online,smurfing sequence,1,10,2,1,4,3,3,2,2573.386923076923,2424.7499487314303,13,2573.386923076923,2424.7499487314303,13,5,0.8894084427806442,0.0889408442780644,0.0009704037756721,1.0,5.0,0.0,0.4207258935495487,5.0,4951.98,1,0,0,0,0.3,0.9733333333333334
T0000902,2024-05-22 12:36:32,A100065,A100164,transfer,8097.82,remittance,IN,online,smurfing sequence,1,12,2,1,4,3,3,2,6100.39875,3698.5214383605376,8,6100.39875,3698.5214383605376,8,2,0.540059394747039,0.0540059394747039,0.0029385364734011,2.0,2.0,0.0,0.2862352566910892,4.0,16411.91,0,0,0,0,0.0,0.9866666666666667
T0000903,2024-05-22 12:41:32,A100026,A100130,transfer,4729.98,remittance,IN,online,smurfing sequence,1,12,2,1,4,3,3,2,2573.386923076923,2424.7499487314303,13,2573.386923076923,2424.7499487314303,13,5,0.8894084427806442,0.0889408442780644,0.0009704037756721,1.0,5.0,0.0,0.4207258935495487,5.0,9662.22,1,1,0,0,0.6,1.0
T0000904,2024-05-22 14:25:32,A100026,A100130,transfer,4729.98,remittance,IN,online,smurfing sequence,1,14,2,1,4,3,3,2,2573.386923076923,2424.7499487314303,13,2573.386923076923,2424.7499487314303,13,5,0.8894084427806442,0.0889408442780644,0.0009704037756721,1.0,5.0,0.0,0.4207258935495487,5.0,14251.899999999998,1,1,0,0,0.6,1.0
T0000905,2024-05-22 14:31:32,A100065,A100164,transfer,8097.82,remittance,IN,online,smurfing sequence,1,14,2,1,4,3,3,2,6100.39875,3698.5214383605376,8,6100.39875,3698.5214383605376,8,2,0.540059394747039,0.0540059394747039,0.0029385364734011,2.0,2.0,0.0,0.2862352566910892,5.0,24509.73,1,1,0,0,0.6,1.0
T0000906,2024-05-22 16:30:32,A100065,A100164,transfer,8097.82,remittance,IN,online,smurfing sequence,1,16,2,1,4,3,3,2,6100.39875,3698.5214383605376,8,6100.39875,3698.5214383605376,8,2,0.540059394747039,0.0540059394747039,0.0029385364734011,2.0,2.0,0.0,0.2862352566910892,5.0,32479.09,1,1,0,0,0.6,1.0
T0000907,2024-05-22 16:31:32,A100026,A100130,transfer,4729.98,remittance,IN,online,smurfing sequence,1,16,2,1,4,3,3,2,2573.386923076923,2424.7499487314303,13,2573.386923076923,2424.7499487314303,13,5,0.8894084427806442,0.0889408442780644,0.0009704037756721,1.0,5.0,0.0,0.4207258935495487,5.0,18937.949999999997,1,1,0,0,0.6,1.0
T0000908,2024-05-22 18:25:32,A100026,A100130,transfer,4729.98,remittance,IN,online,smurfing sequence,1,18,2,1,4,3,3,2,2573.386923076923,2424.7499487314303,13,2573.386923076923,2424.7499487314303,13,5,0.8894084427806442,0.0889408442780644,0.0009704037756721,1.0,5.0,0.0,0.4207258935495487,5.0,23649.899999999998,1,1,0,0,0.6,1.0
T0000909,2024-05-22 18:36:32,A100065,A100164,transfer,8097.82,remittance,IN,online,smurfing sequence,1,18,2,1,4,3,3,2,6100.39875,3698.5214383605376,8,6100.39875,3698.5214383605376,8,2,0.540059394747039,0.0540059394747039,0.0029385364734011,2.0,2.0,0.0,0.2862352566910892,5.0,40489.1,1,1,0,0,0.6,1.0
T0000910,2024-05-22 20:23:32,A100065,A100164,transfer,8097.82,remittance,IN,online,smurfing sequence,1,20,2,1,4,3,3,2,6100.39875,3698.5214383605376,8,6100.39875,3698.5214383605376,8,2,0.540059394747039,0.0540059394747039,0.0029385364734011,2.0,2.0,0.0,0.2862352566910892,5.0,40489.1,1,1,0,0,0.6,1.0
T0000911,2024-05-22 20:47:32,A100026,A100130,transfer,4729.98,remittance,IN,online,smurfing sequence,1,20,2,1,4,3,3,2,2573.386923076923,2424.7499487314303,13,2573.386923076923,2424.7499487314303,13,5,0.8894084427806442,0.0889408442780644,0.0009704037756721,1.0,5.0,0.0,0.4207258935495487,5.0,23649.899999999998,1,1,0,0,0.6,1.0
T0000912,2024-05-22 22:25:32,A100026,A100130,transfer,4729.98,remittance,IN,online,smurfing sequence,1,22,2,1,4,3,3,2,2573.386923076923,2424.7499487314303,13,2573.386923076923,2424.7499487314303,13,5,0.8894084427806442,0.0889408442780644,0.0009704037756721,1.0,5.0,0.0,0.4207258935495487,5.0,23649.899999999998,1,1,0,0,0.6,1.0
T0000913,2024-05-23 10:49:32,A100025,A100044,transfer,5297.3,remittance,IN,online,smurfing sequence,1,10,3,1,4,3,3,2,2292.535714285714,2700.483736765335,14,2292.535714285714,2700.483736765335,14,6,1.1126763119117111,0.1112676311911711,0.001756238540369,2.0,6.0,0.0714285714285714,0.6218840555067054,5.0,5491.49,1,0,0,0,0.3,0.9733333333333334
T0000914,2024-05-23 12:23:32,A100025,A100044,transfer,5297.3,remittance,IN,online,smurfing sequence,1,12,3,1,4,3,3,2,2292.535714285714,2700.483736765335,14,2292.535714285714,2700.483736765335,14,6,1.1126763119117111,0.1112676311911711,0.001756238540369,2.0,6.0,0.0714285714285714,0.6218840555067054,5.0,10733.79,1,1,0,0,0.6,1.0
T0000915,2024-05-23 14:49:32,A100025,A100044,transfer,5297.3,remittance,IN,online,smurfing sequence,1,14,3,1,4,3,3,2,2292.535714285714,2700.483736765335,14,2292.535714285714,2700.483736765335,14,6,1.1126763119117111,0.1112676311911711,0.001756238540369,2.0,6.0,0.0714285714285714,0.6218840555067054,5.0,15960.36,1,1,0,0,0.6,1.0
T0000916,2024-05-23 16:31:32,A100025,A100044,transfer,5297.3,remittance,IN,online,smurfing sequence,1,16,3,1,4,3,3,2,2292.535714285714,2700.483736765335,14,2292.535714285714,2700.483736765335,14,6,1.1126763119117111,0.1112676311911711,0.001756238540369,2.0,6.0,0.0714285714285714,0.6218840555067054,5.0,21208.07,1,1,0,0,0.6,1.0
T0000917,2024-05-23 18:33:32,A100025,A100044,transfer,5297.3,remittance,IN,online,smurfing sequence,1,18,3,1,4,3,3,2,2292.535714285714,2700.483736765335,14,2292.535714285714,2700.483736765335,14,6,1.1126763119117111,0.1112676311911711,0.001756238540369,2.0,6.0,0.0714285714285714,0.6218840555067054,5.0,26486.5,1,1,0,0,0.6,1.0
T0000918,2024-05-23 20:47:32,A100025,A100044,transfer,5297.3,remittance,IN,online,smurfing sequence,1,20,3,1,4,3,3,2,2292.535714285714,2700.483736765335,14,2292.535714285714,2700.483736765335,14,6,1.1126763119117111,0.1112676311911711,0.001756238540369,2.0,6.0,0.0714285714285714,0.6218840555067054,5.0,26486.5,1,1,0,0,0.6,1.0
T0000919,2024-05-25 10:34:32,A100158,A100151,transfer,7408.3,transfer,US,mobile,mule layering in,1,10,5,1,6,7,2,2,1869.3775,3692.639370408607,4,1869.3775,3692.639370408607,4,2,1.499990100004568,0.1499990100004568,0.0212981394389539,2.0,2.0,0.0,0.3323131339918264,4.0,7477.51,0,1,0,0,0.3,0.9933333333333333
T0000920,2024-05-25 10:38:32,A100042,A100107,transfer,3332.46,transfer,US,mobile,mule layering in,1,10,5,1,6,7,2,2,713.518,1464.4911506287774,5,713.518,1464.4911506287774,5,2,1.7882948607011149,0.1788294860701114,0.0040762822814713,2.0,2.0,0.0,0.289090705789964,5.0,3567.59,1,1,0,0,0.6,1.0
T0000921,2024-05-25 10:43:32,A100052,A100177,transfer,6934.7,remittance,IN,online,smurfing sequence,1,10,5,1,4,3,3,2,6070.90125,2443.191814821853,8,6070.90125,2443.191814821853,8,2,0.3535533904485641,0.0353553390448564,0.0014559432693859,1.0,2.0,0.0,0.2127992577534882,2.0,6959.01,0,0,0,0,0.0,0.9466666666666667
T0000922,2024-05-25 10:44:32,A100180,A100107,transfer,6373.17,transfer,US,mobile,mule layering in,1,10,5,1,6,7,2,2,752.1566666666666,2108.24314388782,9,752.1566666666666,2108.24314388782,9,5,2.666207333325601,0.2666207333325601,0.0012979278031234,2.0,5.0,0.0476190476190476,0.531100149990339,5.0,6500.72,1,1,0,0,0.6,1.0
T0000923,2024-05-25 10:51:32,A100033,A100107,transfer,7088.25,transfer,US,mobile,mule layering in,1,10,5,1,6,7,2,2,2312.938,3268.9619588135315,5,2312.938,3268.9619588135315,5,5,1.460803783801875,0.1460803783801875,0.0023273151367789,3.0,5.0,0.0357142857142857,0.5934394229085358,4.0,7177.67,0,1,0,0,0.3,0.9866666666666667
T0000924,2024-05-25 11:16:32,A100112,A100151,transfer,7367.86,transfer,US,mobile,mule layering in,1,11,5,1,6,7,2,2,1499.936,3280.3214547861007,5,1499.936,3280.3214547861007,5,3,1.7888259059640856,0.1788825905964085,0.00763065486843,5.0,3.0,0.0,0.5768715525970871,5.0,7499.679999999999,1,1,0,0,0.6,1.0
T0000925,2024-05-25 11:19:32,A100146,A100151,transfer,3474.84,transfer,US,mobile,mule layering in,1,11,5,1,6,7,2,2,923.3125,1702.373368220086,4,923.3125,1702.373368220086,4,2,1.4988060469771916,0.1498806046977191,0.0080708580844685,3.0,2.0,0.1,0.4524892203894964,4.0,3693.25,0,1,0,0,0.3,0.9266666666666666
T0000926,2024-05-25 11:24:32,A100187,A100107,transfer,2572.4,transfer,US,mobile,mule layering in,1,11,5,1,6,7,2,2,560.5400000000001,1125.7308155149703,5,560.5400000000001,1125.7308155149703,5,4,1.7871590352552509,0.178715903525525,0.0071633167097348,2.0,4.0,0.0,0.4362685108297421,5.0,2802.7000000000003,1,1,0,0,0.6,0.9866666666666667
T0000927,2024-05-25 11:49:32,A100046,A100151,transfer,2002.66,transfer,US,mobile,mule layering in,1,11,5,1,6,7,2,2,1027.1866666666667,2337.282116561884,9,1027.1866666666667,2337.282116561884,9,3,0.4173536972724928,0.0417353697272492,0.0011784145803266,1.0,3.0,0.0,0.2818178038313734,5.0,2159.7400000000002,1,0,0,0,0.3,0.76
T0000928,2024-05-25 12:10:32,A100175,A100151,transfer,4416.59,transfer,US,mobile,mule layering in,1,12,5,1,6,7,2,2,4568.722857142858,10138.80446468043,7,4568.722857142858,10138.80446468043,7,5,-0.015005009481919,0.0015005009481919,0.0550128933801561,7.0,5.0,0.0303030303030303,0.9999999958170958,5.0,4663.610000000001,1,0,0,0,0.3,0.8
T0000929,2024-05-25 12:19:32,A100028,A100107,transfer,3930.02,transfer,US,mobile,mule layering in,1,12,5,1,6,7,2,2,809.96375,1481.7660718879397,8,809.96375,1481.7660718879397,8,6,2.1056334782446853,0.2105633478244685,0.0017760509694807,1.0,6.0,0.0,0.4924629322614822,5.0,4045.57,1,1,0,0,0.6,1.0
T0000930,2024-05-25 12:42:32,A100052,A100177,transfer,6934.7,remittance,IN,online,smurfing sequence,1,12,5,1,4,3,3,2,6070.90125,2443.191814821853,8,6070.90125,2443.191814821853,8,2,0.3535533904485641,0.0353553390448564,0.0014559432693859,1.0,2.0,0.0,0.2127992577534882,3.0,13893.71,0,0,0,0,0.0,0.9733333333333334
T0000931,2024-05-25 13:21:32,A100151,A100123,transfer,23436.73,transfer,AE,mobile,mule layering out,1,13,5,1,6,0,2,2,11739.095,16542.9540646902,2,11739.095,16542.9540646902,2,2,0.7071067811438039,0.0707106781143804,0.042873576807083,8.0,2.0,0.0444444444444444,0.8419337292396176,2.0,23478.19,0,0,1,1,0.4,0.88
T0000932,2024-05-25 13:21:32,A100107,A100166,transfer,22131.48,transfer,AE,mobile,mule layering out,1,13,5,1,6,0,2,2,4498.39,9857.792285897487,5,4498.39,9857.792285897487,5,4,1.7887463528154344,0.1788746352815434,0.0146927069332536,6.0,4.0,0.0,0.7340256286526021,5.0,22491.95,0,1,1,1,0.7,0.98
T0000933,2024-05-25 14:22:32,A100052,A100177,transfer,6934.7,remittance,IN,online,smurfing sequence,1,14,5,1,4,3,3,2,6070.90125,2443.191814821853,8,6070.90125,2443.191814821853,8,2,0.3535533904485641,0.0353553390448564,0.0014559432693859,1.0,2.0,0.0,0.2127992577534882,4.0,20828.41,0,1,0,0,0.3,0.9733333333333334
T0000934,2024-05-25 16:31:32,A100052,A100177,transfer,6934.7,remittance,IN,online,smurfing sequence,1,16,5,1,4,3,3,2,6070.90125,2443.191814821853,8,6070.90125,2443.191814821853,8,2,0.3535533904485641,0.0353553390448564,0.0014559432693859,1.0,2.0,0.0,0.2127992577534882,5.0,27763.11,1,1,0,0,0.6,0.96
T0000935,2024-05-25 18:35:32,A100052,A100177,transfer,6934.7,remittance,IN,online,smurfing sequence,1,18,5,1,4,3,3,2,6070.90125,2443.191814821853,8,6070.90125,2443.191814821853,8,2,0.3535533904485641,0.0353553390448564,0.0014559432693859,1.0,2.0,0.0,0.2127992577534882,5.0,34673.5,1,1,0,0,0.6,0.96
T0000936,2024-05-25 20:43:32,A100052,A100177,transfer,6934.7,remittance,IN,online,smurfing sequence,1,20,5,1,4,3,3,2,6070.90125,2443.191814821853,8,6070.90125,2443.191814821853,8,2,0.3535533904485641,0.0353553390448564,0.0014559432693859,1.0,2.0,0.0,0.2127992577534882,5.0,34673.5,1,1,0,0,0.6,0.96
T0000937,2024-05-25 22:25:32,A100052,A100177,transfer,6934.7,remittance,IN,online,smurfing sequence,1,22,5,1,4,3,3,2,6070.90125,2443.191814821853,8,6070.90125,2443.191814821853,8,2,0.3535533904485641,0.0353553390448564,0.0014559432693859,1.0,2.0,0.0,0.2127992577534882,5.0,34673.5,1,1,0,0,0.6,0.96
T0000938,2024-05-26 10:36:32,A100123,A100175,transfer,7517.19,transfer,US,mobile,mule layering in,1,10,6,1,6,7,2,2,1932.0075,3723.909825504864,4,1932.0075,3723.909825504864,4,2,1.499816794769723,0.1499816794769723,0.0393045134160559,3.0,2.0,0.1,0.5308776550807406,4.0,7728.03,0,1,0,0,0.3,0.9933333333333333
T0000939,2024-05-26 10:39:32,A100124,A100175,transfer,7959.53,transfer,US,mobile,mule layering in,1,10,6,1,6,7,2,2,2661.9866666666667,4587.808649195532,3,2661.9866666666667,4587.808649195532,3,3,1.1547001492984132,0.1154700149298413,0.0023344302558361,2.0,3.0,0.0,0.354434177240258,3.0,7985.96,0,0,0,0,0.0,0.7333333333333333
T0000940,2024-05-26 11:04:32,A100028,A100175,transfer,2269.47,transfer,US,mobile,mule layering in,1,11,6,1,6,7,2,2,809.96375,1481.7660718879397,8,809.96375,1481.7660718879397,8,6,0.9849775053598336,0.0984977505359833,0.0017760509694807,1.0,6.0,0.0,0.4924629322614822,5.0,6301.360000000001,1,1,0,0,0.6,1.0
T0000941,2024-05-26 11:27:32,A100033,A100175,transfer,4387.02,transfer,US,mobile,mule layering in,1,11,6,1,6,7,2,2,2312.938,3268.9619588135315,5,2312.938,3268.9619588135315,5,5,0.6344772516466697,0.0634477251646669,0.0023273151367789,3.0,5.0,0.0357142857142857,0.5934394229085358,5.0,11564.69,1,1,0,0,0.6,1.0
T0000942,2024-05-26 11:54:32,A100105,A100175,transfer,6566.05,transfer,US,mobile,mule layering in,1,11,6,1,6,7,2,2,976.9714285714286,2464.683787597837,7,976.9714285714286,2464.683787597837,7,4,2.2676655712529388,0.2267665571252938,0.020036178653738,4.0,4.0,0.0,0.6080062238589495,5.0,6772.610000000001,1,1,0,0,0.6,1.0
T0000943,2024-05-26 13:21:32,A100175,A100186,transfer,27264.29,transfer,AE,mobile,mule layering out,1,13,6,1,6,0,2,2,4568.722857142858,10138.80446468043,7,4568.722857142858,10138.80446468043,7,5,2.2384855354180075,0.2238485535418007,0.0550128933801561,7.0,5.0,0.0303030303030303,0.9999999958170958,5.0,31914.960000000003,0,1,1,1,0.7,0.9866666666666667
T0000944,2024-05-29 11:20:32,A100029,A100095,transfer,6706.53,transfer,US,mobile,mule layering in,1,11,2,1,6,7,2,2,1144.47,2724.902909162086,6,1144.47,2724.902909162086,6,3,2.041195662148987,0.2041195662148986,0.0009600147847909,0.0,3.0,0.0,0.2115546049194381,5.0,6855.549999999999,1,1,0,0,0.6,1.0
T0000945,2024-05-29 11:32:32,A100069,A100095,transfer,6828.52,transfer,US,mobile,mule layering in,1,11,2,1,6,7,2,2,1201.3100000000002,2757.513036320953,6,1201.3100000000002,2757.513036320953,6,3,2.0406830081452982,0.2040683008145298,0.0041915772830687,3.0,3.0,0.0,0.4288102098562079,5.0,7178.790000000001,1,1,0,0,0.6,1.0
T0000946,2024-05-29 11:59:32,A100104,A100095,transfer,4261.91,transfer,US,mobile,mule layering in,1,11,2,1,6,7,2,2,511.62777777777774,1407.0761544047446,9,511.62777777777774,1407.0761544047446,9,3,2.665301524595487,0.2665301524595487,0.0127125465648042,1.0,3.0,0.0,0.310765505987484,5.0,4330.19,1,1,0,0,0.6,0.9533333333333334
T0000947,2024-05-29 12:17:32,A100046,A100095,transfer,7012.45,transfer,US,mobile,mule layering in,1,12,2,1,6,7,2,2,1027.1866666666667,2337.282116561884,9,1027.1866666666667,2337.282116561884,9,3,2.560779158134668,0.2560779158134667,0.0011784145803266,1.0,3.0,0.0,0.2818178038313734,5.0,9140.869999999999,1,1,0,0,0.6,1.0
T0000948,2024-05-29 12:19:32,A100118,A100095,transfer,5311.94,transfer,US,mobile,mule layering in,1,12,2,1,6,7,2,2,2664.03,3744.710233943342,2,2664.03,3744.710233943342,2,2,0.7071067809977194,0.0707106780997719,0.0033332179470716,4.0,2.0,0.0,0.4266559488823608,2.0,5328.0599999999995,0,0,0,0,0.0,0.7066666666666667
T0000949,2024-05-29 13:21:32,A100095,A100087,transfer,28615.28,transfer,AE,mobile,mule layering out,1,13,2,1,6,0,2,2,3601.35625,10107.173301680255,8,3601.35625,10107.173301680255,8,3,2.47486839306166,0.247486839306166,0.0230347649533767,7.0,3.0,0.0,0.7549620468642632,5.0,28725.629999999997,0,1,1,1,0.7,0.98
T0000950,2024-05-31 10:42:32,A100093,A100002,transfer,4993.37,transfer,US,mobile,mule layering in,1,10,4,1,6,7,2,2,1022.998,2219.563042215742,5,1022.998,2219.563042215742,5,1,1.7888079422369798,0.178880794223698,0.0216382473371199,1.0,1.0,0.0,0.1937365739738319,5.0,5114.99,1,1,0,0,0.6,1.0
T0000951,2024-05-31 11:05:32,A100045,A100002,transfer,5390.51,transfer,US,mobile,mule layering in,1,11,4,1,6,7,2,2,640.21,1781.6826732614315,9,640.21,1781.6826732614315,9,8,2.666187457858713,0.2666187457858713,0.0009887221997201,1.0,8.0,0.0277777777777777,0.6531554402309674,5.0,5507.860000000001,1,1,0,0,0.6,0.9866666666666667
T0000952,2024-05-31 11:27:32,A100171,A100002,transfer,5999.6,transfer,US,mobile,mule layering in,1,11,4,1,6,7,2,2,827.78875,2093.1817233814686,8,827.78875,2093.1817233814686,8,6,2.4707894158249744,0.2470789415824974,0.0011773422261445,2.0,6.0,0.0714285714285714,0.6204311747779263,5.0,6485.51,1,1,0,0,0.6,1.0
T0000953,2024-05-31 11:50:32,A100167,A100002,transfer,2976.2,transfer,US,mobile,mule layering in,1,11,4,1,6,7,2,2,419.275,1034.1869614892105,8,419.275,1034.1869614892105,8,5,2.4724011157959995,0.2472401115795999,0.002260387364347,2.0,5.0,0.0,0.4936784919343575,5.0,3283.0299999999997,1,1,0,0,0.6,0.8466666666666667
T0000954,2024-05-31 12:04:32,A100086,A100002,transfer,6629.76,transfer,US,mobile,mule layering in,1,12,4,1,6,7,2,2,1669.855,3306.618803153256,4,1669.855,3306.618803153256,4,4,1.4999929818853466,0.1499992981885346,0.0011351597747263,1.0,4.0,0.1,0.4350824030247175,4.0,6679.42,0,1,0,0,0.3,0.9866666666666667
T0000955,2024-05-31 13:21:32,A100002,A100035,transfer,24689.98,transfer,AE,mobile,mule layering out,1,13,4,1,6,0,2,2,8251.873333333333,14235.819388620852,3,8251.873333333333,14235.819388620852,3,2,1.1547004226993405,0.115470042269934,0.0257786627159416,8.0,2.0,0.0444444444444444,0.7990298954564918,3.0,24755.62,0,0,1,1,0.4,0.8466666666666667
